protocol,sparse_config,load_path,metric,stat,recomputed_from_seed_json,summary_json,abs_diff,rel_diff,pass
strict_path_ood,s2_t2,unload_reload,sparse_observation_relative_l2,mean,0.881925868988,0.881925868988,0.000e+00,0.000e+00,True
strict_path_ood,s2_t2,unload_reload,sparse_observation_relative_l2,std,0.1665540209,0.1665540209,0.000e+00,0.000e+00,True
strict_path_ood,s2_t2,unload_reload,sparse_observation_relative_l2,median,0.826445043087,0.826445043087,0.000e+00,0.000e+00,True
strict_path_ood,s2_t2,unload_reload,sparse_observation_relative_l2,iqr,0.146025121212,0.146025121212,0.000e+00,0.000e+00,True
strict_path_ood,s2_t2,unload_reload,rollout_displacement_relative_l2,mean,0.842664957047,0.842664957047,0.000e+00,0.000e+00,True
strict_path_ood,s2_t2,unload_reload,rollout_displacement_relative_l2,std,0.036865744041,0.036865744041,0.000e+00,0.000e+00,True
strict_path_ood,s2_t2,unload_reload,rollout_displacement_relative_l2,median,0.835949480534,0.835949480534,0.000e+00,0.000e+00,True
strict_path_ood,s2_t2,unload_reload,rollout_displacement_relative_l2,iqr,0.0687240362167,0.0687240362167,0.000e+00,0.000e+00,True
strict_path_ood,s2_t2,unload_reload,material_parameter_relative_l2,mean,0.217191776633,0.217191776633,0.000e+00,0.000e+00,True
strict_path_ood,s2_t2,unload_reload,material_parameter_relative_l2,std,0.0464768882912,0.0464768882912,6.939e-18,6.939e-18,True
strict_path_ood,s2_t2,unload_reload,material_parameter_relative_l2,median,0.228584706783,0.228584706783,0.000e+00,0.000e+00,True
strict_path_ood,s2_t2,unload_reload,material_parameter_relative_l2,iqr,0.0617147535086,0.0617147535086,0.000e+00,0.000e+00,True
strict_path_ood,s2_t2,unload_reload,material_parameter_coverage_95,mean,0.125000003353,0.125000003353,0.000e+00,0.000e+00,True
strict_path_ood,s2_t2,unload_reload,material_parameter_coverage_95,std,0.104166669492,0.104166669492,0.000e+00,0.000e+00,True
strict_path_ood,s2_t2,unload_reload,material_parameter_coverage_95,median,0.104166671634,0.104166671634,0.000e+00,0.000e+00,True
strict_path_ood,s2_t2,unload_reload,material_parameter_coverage_95,iqr,0.145833332092,0.145833332092,0.000e+00,0.000e+00,True
strict_path_ood,s2_t2,unload_reload,material_parameter_ece,mean,0.688541650772,0.688541650772,0.000e+00,0.000e+00,True
strict_path_ood,s2_t2,unload_reload,material_parameter_ece,std,0.0780381657243,0.0780381657243,0.000e+00,0.000e+00,True
strict_path_ood,s2_t2,unload_reload,material_parameter_ece,median,0.693750023842,0.693750023842,0.000e+00,0.000e+00,True
strict_path_ood,s2_t2,unload_reload,material_parameter_ece,iqr,0.13020837307,0.13020837307,0.000e+00,0.000e+00,True
strict_path_ood,s2_t2,unload_reload,material_parameter_nll,mean,97956.443457,97956.443457,0.000e+00,0.000e+00,True
strict_path_ood,s2_t2,unload_reload,material_parameter_nll,std,183047.338793,183047.338793,0.000e+00,0.000e+00,True
strict_path_ood,s2_t2,unload_reload,material_parameter_nll,median,17821.53125,17821.53125,0.000e+00,0.000e+00,True
strict_path_ood,s2_t2,unload_reload,material_parameter_nll,iqr,22173.7236328,22173.7236328,0.000e+00,0.000e+00,True
strict_path_ood,s2_t2,unload_reload,calibrated_material_parameter_coverage_95,mean,0.916666686535,0.916666686535,0.000e+00,0.000e+00,True
strict_path_ood,s2_t2,unload_reload,calibrated_material_parameter_coverage_95,std,0.0833333358169,0.0833333358169,0.000e+00,0.000e+00,True
strict_path_ood,s2_t2,unload_reload,calibrated_material_parameter_coverage_95,median,0.95833337307,0.95833337307,0.000e+00,0.000e+00,True
strict_path_ood,s2_t2,unload_reload,calibrated_material_parameter_coverage_95,iqr,0.0833333730698,0.0833333730698,0.000e+00,0.000e+00,True
strict_path_ood,s2_t2,unload_reload,calibrated_material_parameter_ece,mean,0.156250014901,0.156250014901,0.000e+00,0.000e+00,True
strict_path_ood,s2_t2,unload_reload,calibrated_material_parameter_ece,std,0.0189800886571,0.0189800886571,0.000e+00,0.000e+00,True
strict_path_ood,s2_t2,unload_reload,calibrated_material_parameter_ece,median,0.150000035763,0.150000035763,0.000e+00,0.000e+00,True
strict_path_ood,s2_t2,unload_reload,calibrated_material_parameter_ece,iqr,0.0291667282581,0.0291667282581,0.000e+00,0.000e+00,True
strict_path_ood,s2_t2,unload_reload,calibrated_material_parameter_nll,mean,2.23007905483,2.23007905483,0.000e+00,0.000e+00,True
strict_path_ood,s2_t2,unload_reload,calibrated_material_parameter_nll,std,1.04176905328,1.04176905328,0.000e+00,0.000e+00,True
strict_path_ood,s2_t2,unload_reload,calibrated_material_parameter_nll,median,2.22666406631,2.22666406631,0.000e+00,0.000e+00,True
strict_path_ood,s2_t2,unload_reload,calibrated_material_parameter_nll,iqr,0.950907826424,0.950907826424,0.000e+00,0.000e+00,True
strict_path_ood,s2_t2,unload_reload,calibrated_material_parameter_spread_scale,mean,410.922538757,410.922538757,0.000e+00,0.000e+00,True
strict_path_ood,s2_t2,unload_reload,calibrated_material_parameter_spread_scale,std,294.294054014,294.294054014,0.000e+00,0.000e+00,True
strict_path_ood,s2_t2,unload_reload,calibrated_material_parameter_spread_scale,median,373.903747559,373.903747559,0.000e+00,0.000e+00,True
strict_path_ood,s2_t2,unload_reload,calibrated_material_parameter_spread_scale,iqr,103.941070557,103.941070557,0.000e+00,0.000e+00,True
strict_path_ood,s2_t2,unload_reload,history_relative_l2,mean,0.9821164608,0.9821164608,0.000e+00,0.000e+00,True
strict_path_ood,s2_t2,unload_reload,history_relative_l2,std,0.016672212797,0.016672212797,0.000e+00,0.000e+00,True
strict_path_ood,s2_t2,unload_reload,history_relative_l2,median,0.985233068466,0.985233068466,0.000e+00,0.000e+00,True
strict_path_ood,s2_t2,unload_reload,history_relative_l2,iqr,0.0146263241768,0.0146263241768,0.000e+00,0.000e+00,True
strict_path_ood,s2_t2,unload_reload,history_final_relative_l2,mean,0.212604138255,0.212604138255,0.000e+00,0.000e+00,True
strict_path_ood,s2_t2,unload_reload,history_final_relative_l2,std,0.0211796374641,0.0211796374641,0.000e+00,0.000e+00,True
strict_path_ood,s2_t2,unload_reload,history_final_relative_l2,median,0.204236075282,0.204236075282,0.000e+00,0.000e+00,True
strict_path_ood,s2_t2,unload_reload,history_final_relative_l2,iqr,0.0116203427315,0.0116203427315,0.000e+00,0.000e+00,True
strict_path_ood,s2_t2,unload_reload,history_coverage_95,mean,0.0492968764156,0.0492968764156,0.000e+00,0.000e+00,True
strict_path_ood,s2_t2,unload_reload,history_coverage_95,std,0.0229810036179,0.0229810036179,0.000e+00,0.000e+00,True
strict_path_ood,s2_t2,unload_reload,history_coverage_95,median,0.050048828125,0.050048828125,0.000e+00,0.000e+00,True
strict_path_ood,s2_t2,unload_reload,history_coverage_95,iqr,0.0368652381003,0.0368652381003,0.000e+00,0.000e+00,True
strict_path_ood,s2_t2,unload_reload,history_ece,mean,0.742360830307,0.742360830307,0.000e+00,0.000e+00,True
strict_path_ood,s2_t2,unload_reload,history_ece,std,0.0208855415141,0.0208855415141,0.000e+00,0.000e+00,True
strict_path_ood,s2_t2,unload_reload,history_ece,median,0.740515112877,0.740515112877,0.000e+00,0.000e+00,True
strict_path_ood,s2_t2,unload_reload,history_ece,iqr,0.0284179449081,0.0284179449081,0.000e+00,0.000e+00,True
strict_path_ood,s2_t2,unload_reload,history_nll,mean,3343294.6,3343294.6,0.000e+00,0.000e+00,True
strict_path_ood,s2_t2,unload_reload,history_nll,std,1075800.55314,1075800.55314,0.000e+00,0.000e+00,True
strict_path_ood,s2_t2,unload_reload,history_nll,median,3613442.5,3613442.5,0.000e+00,0.000e+00,True
strict_path_ood,s2_t2,unload_reload,history_nll,iqr,1660458.75,1660458.75,0.000e+00,0.000e+00,True
strict_path_ood,s2_t2,unload_reload,calibrated_history_coverage_95,mean,0.822343754768,0.822343754768,0.000e+00,0.000e+00,True
strict_path_ood,s2_t2,unload_reload,calibrated_history_coverage_95,std,0.0384502608971,0.0384502608971,0.000e+00,0.000e+00,True
strict_path_ood,s2_t2,unload_reload,calibrated_history_coverage_95,median,0.8251953125,0.8251953125,0.000e+00,0.000e+00,True
strict_path_ood,s2_t2,unload_reload,calibrated_history_coverage_95,iqr,0.0418945550919,0.0418945550919,0.000e+00,0.000e+00,True
strict_path_ood,s2_t2,unload_reload,calibrated_history_ece,mean,0.121362298727,0.121362298727,0.000e+00,0.000e+00,True
strict_path_ood,s2_t2,unload_reload,calibrated_history_ece,std,0.0108604327528,0.0108604327528,0.000e+00,0.000e+00,True
strict_path_ood,s2_t2,unload_reload,calibrated_history_ece,median,0.11835937202,0.11835937202,0.000e+00,0.000e+00,True
strict_path_ood,s2_t2,unload_reload,calibrated_history_ece,iqr,0.000634759664536,0.000634759664536,0.000e+00,0.000e+00,True
strict_path_ood,s2_t2,unload_reload,calibrated_history_nll,mean,777999.918262,777999.918262,0.000e+00,0.000e+00,True
strict_path_ood,s2_t2,unload_reload,calibrated_history_nll,std,1339153.46358,1339153.46358,2.328e-10,1.739e-16,True
strict_path_ood,s2_t2,unload_reload,calibrated_history_nll,median,186850.65625,186850.65625,0.000e+00,0.000e+00,True
strict_path_ood,s2_t2,unload_reload,calibrated_history_nll,iqr,456982.875,456982.875,0.000e+00,0.000e+00,True
strict_path_ood,s2_t2,unload_reload,calibrated_history_spread_scale,mean,9398.67607422,9398.67607422,0.000e+00,0.000e+00,True
strict_path_ood,s2_t2,unload_reload,calibrated_history_spread_scale,std,1344.60117454,1344.60117454,0.000e+00,0.000e+00,True
strict_path_ood,s2_t2,unload_reload,calibrated_history_spread_scale,median,10000,10000,0.000e+00,0.000e+00,True
strict_path_ood,s2_t2,unload_reload,calibrated_history_spread_scale,iqr,0,0,0.000e+00,0.000e+00,True
strict_path_ood,s2_t2,unload_reload,field_coverage_95,mean,0.0470052103512,0.0470052103512,0.000e+00,0.000e+00,True
strict_path_ood,s2_t2,unload_reload,field_coverage_95,std,0.0447279447228,0.0447279447228,0.000e+00,0.000e+00,True
strict_path_ood,s2_t2,unload_reload,field_coverage_95,median,0.0537109375,0.0537109375,0.000e+00,0.000e+00,True
strict_path_ood,s2_t2,unload_reload,field_coverage_95,iqr,0.0623372443952,0.0623372443952,0.000e+00,0.000e+00,True
strict_path_ood,s2_t2,unload_reload,field_ece,mean,0.748632788658,0.748632788658,0.000e+00,0.000e+00,True
strict_path_ood,s2_t2,unload_reload,field_ece,std,0.0340681966435,0.0340681966435,0.000e+00,0.000e+00,True
strict_path_ood,s2_t2,unload_reload,field_ece,median,0.733911156654,0.733911156654,0.000e+00,0.000e+00,True
strict_path_ood,s2_t2,unload_reload,field_ece,iqr,0.057088136673,0.057088136673,0.000e+00,0.000e+00,True
strict_path_ood,s2_t2,unload_reload,field_nll,mean,36775.8355469,36775.8355469,0.000e+00,0.000e+00,True
strict_path_ood,s2_t2,unload_reload,field_nll,std,12429.3362099,12429.3362099,1.819e-12,1.463e-16,True
strict_path_ood,s2_t2,unload_reload,field_nll,median,40499.3203125,40499.3203125,0.000e+00,0.000e+00,True
strict_path_ood,s2_t2,unload_reload,field_nll,iqr,16007.4550781,16007.4550781,0.000e+00,0.000e+00,True
strict_path_ood,s2_t2,unload_reload,field_crps,mean,0.019669323042,0.019669323042,0.000e+00,0.000e+00,True
strict_path_ood,s2_t2,unload_reload,field_crps,std,0.000611895663656,0.000611895663656,0.000e+00,0.000e+00,True
strict_path_ood,s2_t2,unload_reload,field_crps,median,0.0198434852064,0.0198434852064,0.000e+00,0.000e+00,True
strict_path_ood,s2_t2,unload_reload,field_crps,iqr,0.000909188762307,0.000909188762307,0.000e+00,0.000e+00,True
strict_path_ood,s2_t2,unload_reload,calibrated_field_coverage_95,mean,0.899218773842,0.899218773842,0.000e+00,0.000e+00,True
strict_path_ood,s2_t2,unload_reload,calibrated_field_coverage_95,std,0.111333030787,0.111333030787,0.000e+00,0.000e+00,True
strict_path_ood,s2_t2,unload_reload,calibrated_field_coverage_95,median,0.93977868557,0.93977868557,0.000e+00,0.000e+00,True
strict_path_ood,s2_t2,unload_reload,calibrated_field_coverage_95,iqr,0.0260416865349,0.0260416865349,0.000e+00,0.000e+00,True
strict_path_ood,s2_t2,unload_reload,calibrated_field_ece,mean,0.127672535181,0.127672535181,0.000e+00,0.000e+00,True
strict_path_ood,s2_t2,unload_reload,calibrated_field_ece,std,0.0337791893641,0.0337791893641,0.000e+00,0.000e+00,True
strict_path_ood,s2_t2,unload_reload,calibrated_field_ece,median,0.115901723504,0.115901723504,0.000e+00,0.000e+00,True
strict_path_ood,s2_t2,unload_reload,calibrated_field_ece,iqr,0.0475097298622,0.0475097298622,0.000e+00,0.000e+00,True
strict_path_ood,s2_t2,unload_reload,calibrated_field_nll,mean,-0.4403621912,-0.4403621912,0.000e+00,0.000e+00,True
strict_path_ood,s2_t2,unload_reload,calibrated_field_nll,std,0.33827257046,0.33827257046,0.000e+00,0.000e+00,True
strict_path_ood,s2_t2,unload_reload,calibrated_field_nll,median,-0.310652554035,-0.310652554035,0.000e+00,0.000e+00,True
strict_path_ood,s2_t2,unload_reload,calibrated_field_nll,iqr,0.186298638582,0.186298638582,0.000e+00,0.000e+00,True
strict_path_ood,s2_t2,unload_reload,calibrated_field_crps,mean,0.603535170108,0.603535170108,0.000e+00,0.000e+00,True
strict_path_ood,s2_t2,unload_reload,calibrated_field_crps,std,0.757904012974,0.757904012974,0.000e+00,0.000e+00,True
strict_path_ood,s2_t2,unload_reload,calibrated_field_crps,median,0.0890652984381,0.0890652984381,0.000e+00,0.000e+00,True
strict_path_ood,s2_t2,unload_reload,calibrated_field_crps,iqr,1.30148576573,1.30148576573,0.000e+00,0.000e+00,True
strict_path_ood,s2_t2,unload_reload,calibrated_field_spread_scale,mean,2664.10407715,2664.10407715,0.000e+00,0.000e+00,True
strict_path_ood,s2_t2,unload_reload,calibrated_field_spread_scale,std,1474.36888299,1474.36888299,0.000e+00,0.000e+00,True
strict_path_ood,s2_t2,unload_reload,calibrated_field_spread_scale,median,1690.8137207,1690.8137207,0.000e+00,0.000e+00,True
strict_path_ood,s2_t2,unload_reload,calibrated_field_spread_scale,iqr,2242.32348633,2242.32348633,0.000e+00,0.000e+00,True
strict_path_ood,s2_t2,unload_reload,posterior_calibration_num_calibration,mean,4,4,0.000e+00,0.000e+00,True
strict_path_ood,s2_t2,unload_reload,posterior_calibration_num_calibration,std,0,0,0.000e+00,0.000e+00,True
strict_path_ood,s2_t2,unload_reload,posterior_calibration_num_calibration,median,4,4,0.000e+00,0.000e+00,True
strict_path_ood,s2_t2,unload_reload,posterior_calibration_num_calibration,iqr,0,0,0.000e+00,0.000e+00,True
strict_path_ood,s2_t2,unload_reload,posterior_calibration_num_test,mean,4,4,0.000e+00,0.000e+00,True
strict_path_ood,s2_t2,unload_reload,posterior_calibration_num_test,std,0,0,0.000e+00,0.000e+00,True
strict_path_ood,s2_t2,unload_reload,posterior_calibration_num_test,median,4,4,0.000e+00,0.000e+00,True
strict_path_ood,s2_t2,unload_reload,posterior_calibration_num_test,iqr,0,0,0.000e+00,0.000e+00,True
strict_path_ood,s2_t2,cyclic,sparse_observation_relative_l2,mean,1042698062.58,1042698062.58,0.000e+00,0.000e+00,True
strict_path_ood,s2_t2,cyclic,sparse_observation_relative_l2,std,1573719291.46,1573719291.46,0.000e+00,0.000e+00,True
strict_path_ood,s2_t2,cyclic,sparse_observation_relative_l2,median,6.1711025238,6.1711025238,0.000e+00,0.000e+00,True
strict_path_ood,s2_t2,cyclic,sparse_observation_relative_l2,iqr,1670736254.62,1670736254.62,0.000e+00,0.000e+00,True
strict_path_ood,s2_t2,cyclic,rollout_displacement_relative_l2,mean,0.915730166435,0.915730166435,0.000e+00,0.000e+00,True
strict_path_ood,s2_t2,cyclic,rollout_displacement_relative_l2,std,0.0331018344438,0.0331018344438,0.000e+00,0.000e+00,True
strict_path_ood,s2_t2,cyclic,rollout_displacement_relative_l2,median,0.901291549206,0.901291549206,0.000e+00,0.000e+00,True
strict_path_ood,s2_t2,cyclic,rollout_displacement_relative_l2,iqr,0.0273627638817,0.0273627638817,0.000e+00,0.000e+00,True
strict_path_ood,s2_t2,cyclic,material_parameter_relative_l2,mean,0.190209370852,0.190209370852,0.000e+00,0.000e+00,True
strict_path_ood,s2_t2,cyclic,material_parameter_relative_l2,std,0.0515491263175,0.0515491263175,0.000e+00,0.000e+00,True
strict_path_ood,s2_t2,cyclic,material_parameter_relative_l2,median,0.169957667589,0.169957667589,0.000e+00,0.000e+00,True
strict_path_ood,s2_t2,cyclic,material_parameter_relative_l2,iqr,0.0761972665787,0.0761972665787,0.000e+00,0.000e+00,True
strict_path_ood,s2_t2,cyclic,material_parameter_coverage_95,mean,0.137500001118,0.137500001118,0.000e+00,0.000e+00,True
strict_path_ood,s2_t2,cyclic,material_parameter_coverage_95,std,0.206028921504,0.206028921504,0.000e+00,0.000e+00,True
strict_path_ood,s2_t2,cyclic,material_parameter_coverage_95,median,0.0833333358169,0.0833333358169,0.000e+00,0.000e+00,True
strict_path_ood,s2_t2,cyclic,material_parameter_coverage_95,iqr,0.0625000018626,0.0625000018626,0.000e+00,0.000e+00,True
strict_path_ood,s2_t2,cyclic,material_parameter_ece,mean,0.684374982119,0.684374982119,0.000e+00,0.000e+00,True
strict_path_ood,s2_t2,cyclic,material_parameter_ece,std,0.170464533228,0.170464533228,0.000e+00,0.000e+00,True
strict_path_ood,s2_t2,cyclic,material_parameter_ece,median,0.745833277702,0.745833277702,0.000e+00,0.000e+00,True
strict_path_ood,s2_t2,cyclic,material_parameter_ece,iqr,0.0260416269302,0.0260416269302,0.000e+00,0.000e+00,True
strict_path_ood,s2_t2,cyclic,material_parameter_nll,mean,29939.5870117,29939.5870117,0.000e+00,0.000e+00,True
strict_path_ood,s2_t2,cyclic,material_parameter_nll,std,33613.3130406,33613.3130406,0.000e+00,0.000e+00,True
strict_path_ood,s2_t2,cyclic,material_parameter_nll,median,13355.1591797,13355.1591797,0.000e+00,0.000e+00,True
strict_path_ood,s2_t2,cyclic,material_parameter_nll,iqr,39122.1567383,39122.1567383,0.000e+00,0.000e+00,True
strict_path_ood,s2_t2,cyclic,calibrated_material_parameter_coverage_95,mean,0.941666674614,0.941666674614,0.000e+00,0.000e+00,True
strict_path_ood,s2_t2,cyclic,calibrated_material_parameter_coverage_95,std,0.0912870833955,0.0912870833955,1.388e-17,1.388e-17,True
strict_path_ood,s2_t2,cyclic,calibrated_material_parameter_coverage_95,median,1,1,0.000e+00,0.000e+00,True
strict_path_ood,s2_t2,cyclic,calibrated_material_parameter_coverage_95,iqr,0.0833333134651,0.0833333134651,0.000e+00,0.000e+00,True
strict_path_ood,s2_t2,cyclic,calibrated_material_parameter_ece,mean,0.125,0.125,0.000e+00,0.000e+00,True
strict_path_ood,s2_t2,cyclic,calibrated_material_parameter_ece,std,0.034736117212,0.034736117212,0.000e+00,0.000e+00,True
strict_path_ood,s2_t2,cyclic,calibrated_material_parameter_ece,median,0.116666659713,0.116666659713,0.000e+00,0.000e+00,True
strict_path_ood,s2_t2,cyclic,calibrated_material_parameter_ece,iqr,0.0500000268221,0.0500000268221,0.000e+00,0.000e+00,True
strict_path_ood,s2_t2,cyclic,calibrated_material_parameter_nll,mean,5.88547029495,5.88547029495,0.000e+00,0.000e+00,True
strict_path_ood,s2_t2,cyclic,calibrated_material_parameter_nll,std,6.90725800133,6.90725800133,0.000e+00,0.000e+00,True
strict_path_ood,s2_t2,cyclic,calibrated_material_parameter_nll,median,2.06444787979,2.06444787979,0.000e+00,0.000e+00,True
strict_path_ood,s2_t2,cyclic,calibrated_material_parameter_nll,iqr,4.64570569992,4.64570569992,0.000e+00,0.000e+00,True
strict_path_ood,s2_t2,cyclic,calibrated_material_parameter_spread_scale,mean,959.055319977,959.055319977,0.000e+00,0.000e+00,True
strict_path_ood,s2_t2,cyclic,calibrated_material_parameter_spread_scale,std,1309.1134094,1309.1134094,0.000e+00,0.000e+00,True
strict_path_ood,s2_t2,cyclic,calibrated_material_parameter_spread_scale,median,218.641769409,218.641769409,0.000e+00,0.000e+00,True
strict_path_ood,s2_t2,cyclic,calibrated_material_parameter_spread_scale,iqr,1192.43268585,1192.43268585,0.000e+00,0.000e+00,True
strict_path_ood,s2_t2,cyclic,history_relative_l2,mean,1.19384157658,1.19384157658,0.000e+00,0.000e+00,True
strict_path_ood,s2_t2,cyclic,history_relative_l2,std,0.0577715498727,0.0577715498727,0.000e+00,0.000e+00,True
strict_path_ood,s2_t2,cyclic,history_relative_l2,median,1.18534171581,1.18534171581,0.000e+00,0.000e+00,True
strict_path_ood,s2_t2,cyclic,history_relative_l2,iqr,0.0640667676926,0.0640667676926,0.000e+00,0.000e+00,True
strict_path_ood,s2_t2,cyclic,history_final_relative_l2,mean,4.83573036194,4.83573036194,0.000e+00,0.000e+00,True
strict_path_ood,s2_t2,cyclic,history_final_relative_l2,std,0.0725950091022,0.0725950091022,0.000e+00,0.000e+00,True
strict_path_ood,s2_t2,cyclic,history_final_relative_l2,median,4.82350540161,4.82350540161,0.000e+00,0.000e+00,True
strict_path_ood,s2_t2,cyclic,history_final_relative_l2,iqr,0.0793232917786,0.0793232917786,0.000e+00,0.000e+00,True
strict_path_ood,s2_t2,cyclic,history_coverage_95,mean,0.0489062506706,0.0489062506706,0.000e+00,0.000e+00,True
strict_path_ood,s2_t2,cyclic,history_coverage_95,std,0.0318122002133,0.0318122002133,0.000e+00,0.000e+00,True
strict_path_ood,s2_t2,cyclic,history_coverage_95,median,0.0487304702401,0.0487304702401,0.000e+00,0.000e+00,True
strict_path_ood,s2_t2,cyclic,history_coverage_95,iqr,0.0208496078849,0.0208496078849,0.000e+00,0.000e+00,True
strict_path_ood,s2_t2,cyclic,history_ece,mean,0.742446279526,0.742446279526,0.000e+00,0.000e+00,True
strict_path_ood,s2_t2,cyclic,history_ece,std,0.0281791613868,0.0281791613868,3.469e-18,3.469e-18,True
strict_path_ood,s2_t2,cyclic,history_ece,median,0.741784691811,0.741784691811,0.000e+00,0.000e+00,True
strict_path_ood,s2_t2,cyclic,history_ece,iqr,0.0198608636856,0.0198608636856,0.000e+00,0.000e+00,True
strict_path_ood,s2_t2,cyclic,history_nll,mean,3221570.05,3221570.05,0.000e+00,0.000e+00,True
strict_path_ood,s2_t2,cyclic,history_nll,std,1811757.84824,1811757.84824,0.000e+00,0.000e+00,True
strict_path_ood,s2_t2,cyclic,history_nll,median,3460435.25,3460435.25,0.000e+00,0.000e+00,True
strict_path_ood,s2_t2,cyclic,history_nll,iqr,1862826.375,1862826.375,0.000e+00,0.000e+00,True
strict_path_ood,s2_t2,cyclic,calibrated_history_coverage_95,mean,0.876992201805,0.876992201805,0.000e+00,0.000e+00,True
strict_path_ood,s2_t2,cyclic,calibrated_history_coverage_95,std,0.0718267270502,0.0718267270502,1.388e-17,1.388e-17,True
strict_path_ood,s2_t2,cyclic,calibrated_history_coverage_95,median,0.86865234375,0.86865234375,0.000e+00,0.000e+00,True
strict_path_ood,s2_t2,cyclic,calibrated_history_coverage_95,iqr,0.0872070193291,0.0872070193291,0.000e+00,0.000e+00,True
strict_path_ood,s2_t2,cyclic,calibrated_history_ece,mean,0.100073234737,0.100073234737,0.000e+00,0.000e+00,True
strict_path_ood,s2_t2,cyclic,calibrated_history_ece,std,0.024915943281,0.024915943281,0.000e+00,0.000e+00,True
strict_path_ood,s2_t2,cyclic,calibrated_history_ece,median,0.106811523438,0.106811523438,0.000e+00,0.000e+00,True
strict_path_ood,s2_t2,cyclic,calibrated_history_ece,iqr,0.00957028567791,0.00957028567791,0.000e+00,0.000e+00,True
strict_path_ood,s2_t2,cyclic,calibrated_history_nll,mean,964556.475128,964556.475128,0.000e+00,0.000e+00,True
strict_path_ood,s2_t2,cyclic,calibrated_history_nll,std,1968791.82983,1968791.82983,2.328e-10,1.183e-16,True
strict_path_ood,s2_t2,cyclic,calibrated_history_nll,median,80090,80090,0.000e+00,0.000e+00,True
strict_path_ood,s2_t2,cyclic,calibrated_history_nll,iqr,242447.507812,242447.507812,0.000e+00,0.000e+00,True
strict_path_ood,s2_t2,cyclic,calibrated_history_spread_scale,mean,10000,10000,0.000e+00,0.000e+00,True
strict_path_ood,s2_t2,cyclic,calibrated_history_spread_scale,std,0,0,0.000e+00,0.000e+00,True
strict_path_ood,s2_t2,cyclic,calibrated_history_spread_scale,median,10000,10000,0.000e+00,0.000e+00,True
strict_path_ood,s2_t2,cyclic,calibrated_history_spread_scale,iqr,0,0,0.000e+00,0.000e+00,True
strict_path_ood,s2_t2,cyclic,field_coverage_95,mean,0.0463541689329,0.0463541689329,0.000e+00,0.000e+00,True
strict_path_ood,s2_t2,cyclic,field_coverage_95,std,0.0731972742147,0.0731972742147,0.000e+00,0.000e+00,True
strict_path_ood,s2_t2,cyclic,field_coverage_95,median,0.0068359375,0.0068359375,0.000e+00,0.000e+00,True
strict_path_ood,s2_t2,cyclic,field_coverage_95,iqr,0.0431315116584,0.0431315116584,0.000e+00,0.000e+00,True
strict_path_ood,s2_t2,cyclic,field_ece,mean,0.750821936131,0.750821936131,0.000e+00,0.000e+00,True
strict_path_ood,s2_t2,cyclic,field_ece,std,0.0590997456303,0.0590997456303,0.000e+00,0.000e+00,True
strict_path_ood,s2_t2,cyclic,field_ece,median,0.782251000404,0.782251000404,0.000e+00,0.000e+00,True
strict_path_ood,s2_t2,cyclic,field_ece,iqr,0.0312093496323,0.0312093496323,0.000e+00,0.000e+00,True
strict_path_ood,s2_t2,cyclic,field_nll,mean,67527.6648437,67527.6648437,0.000e+00,0.000e+00,True
strict_path_ood,s2_t2,cyclic,field_nll,std,22822.4835837,22822.4835837,0.000e+00,0.000e+00,True
strict_path_ood,s2_t2,cyclic,field_nll,median,72096.296875,72096.296875,0.000e+00,0.000e+00,True
strict_path_ood,s2_t2,cyclic,field_nll,iqr,34425.3671875,34425.3671875,0.000e+00,0.000e+00,True
strict_path_ood,s2_t2,cyclic,field_crps,mean,0.0255280923098,0.0255280923098,0.000e+00,0.000e+00,True
strict_path_ood,s2_t2,cyclic,field_crps,std,0.000890217906764,0.000890217906764,0.000e+00,0.000e+00,True
strict_path_ood,s2_t2,cyclic,field_crps,median,0.0253311544657,0.0253311544657,0.000e+00,0.000e+00,True
strict_path_ood,s2_t2,cyclic,field_crps,iqr,0.000938970595598,0.000938970595598,0.000e+00,0.000e+00,True
strict_path_ood,s2_t2,cyclic,calibrated_field_coverage_95,mean,0.948958349228,0.948958349228,0.000e+00,0.000e+00,True
strict_path_ood,s2_t2,cyclic,calibrated_field_coverage_95,std,0.0659878030407,0.0659878030407,1.388e-17,1.388e-17,True
strict_path_ood,s2_t2,cyclic,calibrated_field_coverage_95,median,0.981119811535,0.981119811535,0.000e+00,0.000e+00,True
strict_path_ood,s2_t2,cyclic,calibrated_field_coverage_95,iqr,0.0852864384651,0.0852864384651,0.000e+00,0.000e+00,True
strict_path_ood,s2_t2,cyclic,calibrated_field_ece,mean,0.128668624163,0.128668624163,0.000e+00,0.000e+00,True
strict_path_ood,s2_t2,cyclic,calibrated_field_ece,std,0.0307655010425,0.0307655010425,3.469e-18,3.469e-18,True
strict_path_ood,s2_t2,cyclic,calibrated_field_ece,median,0.143896490335,0.143896490335,0.000e+00,0.000e+00,True
strict_path_ood,s2_t2,cyclic,calibrated_field_ece,iqr,0.0366373807192,0.0366373807192,0.000e+00,0.000e+00,True
strict_path_ood,s2_t2,cyclic,calibrated_field_nll,mean,0.609117999673,0.609117999673,0.000e+00,0.000e+00,True
strict_path_ood,s2_t2,cyclic,calibrated_field_nll,std,1.90919410094,1.90919410094,0.000e+00,0.000e+00,True
strict_path_ood,s2_t2,cyclic,calibrated_field_nll,median,-0.202731058002,-0.202731058002,0.000e+00,0.000e+00,True
strict_path_ood,s2_t2,cyclic,calibrated_field_nll,iqr,2.97167122364,2.97167122364,0.000e+00,0.000e+00,True
strict_path_ood,s2_t2,cyclic,calibrated_field_crps,mean,1.39305366129,1.39305366129,0.000e+00,0.000e+00,True
strict_path_ood,s2_t2,cyclic,calibrated_field_crps,std,2.17518599004,2.17518599004,4.441e-16,2.042e-16,True
strict_path_ood,s2_t2,cyclic,calibrated_field_crps,median,0.0433804094791,0.0433804094791,0.000e+00,0.000e+00,True
strict_path_ood,s2_t2,cyclic,calibrated_field_crps,iqr,1.78082191944,1.78082191944,0.000e+00,0.000e+00,True
strict_path_ood,s2_t2,cyclic,calibrated_field_spread_scale,mean,3180.31643066,3180.31643066,0.000e+00,0.000e+00,True
strict_path_ood,s2_t2,cyclic,calibrated_field_spread_scale,std,858.316470007,858.316470007,0.000e+00,0.000e+00,True
strict_path_ood,s2_t2,cyclic,calibrated_field_spread_scale,median,3431.34326172,3431.34326172,0.000e+00,0.000e+00,True
strict_path_ood,s2_t2,cyclic,calibrated_field_spread_scale,iqr,1125.68286133,1125.68286133,0.000e+00,0.000e+00,True
strict_path_ood,s2_t2,cyclic,posterior_calibration_num_calibration,mean,4,4,0.000e+00,0.000e+00,True
strict_path_ood,s2_t2,cyclic,posterior_calibration_num_calibration,std,0,0,0.000e+00,0.000e+00,True
strict_path_ood,s2_t2,cyclic,posterior_calibration_num_calibration,median,4,4,0.000e+00,0.000e+00,True
strict_path_ood,s2_t2,cyclic,posterior_calibration_num_calibration,iqr,0,0,0.000e+00,0.000e+00,True
strict_path_ood,s2_t2,cyclic,posterior_calibration_num_test,mean,4,4,0.000e+00,0.000e+00,True
strict_path_ood,s2_t2,cyclic,posterior_calibration_num_test,std,0,0,0.000e+00,0.000e+00,True
strict_path_ood,s2_t2,cyclic,posterior_calibration_num_test,median,4,4,0.000e+00,0.000e+00,True
strict_path_ood,s2_t2,cyclic,posterior_calibration_num_test,iqr,0,0,0.000e+00,0.000e+00,True
strict_path_ood,s2_t2,nonproportional,sparse_observation_relative_l2,mean,1.00932890177,1.00932890177,0.000e+00,0.000e+00,True
strict_path_ood,s2_t2,nonproportional,sparse_observation_relative_l2,std,0.23480777225,0.23480777225,0.000e+00,0.000e+00,True
strict_path_ood,s2_t2,nonproportional,sparse_observation_relative_l2,median,1.08896899223,1.08896899223,0.000e+00,0.000e+00,True
strict_path_ood,s2_t2,nonproportional,sparse_observation_relative_l2,iqr,0.417380988598,0.417380988598,0.000e+00,0.000e+00,True
strict_path_ood,s2_t2,nonproportional,rollout_displacement_relative_l2,mean,0.868063247204,0.868063247204,0.000e+00,0.000e+00,True
strict_path_ood,s2_t2,nonproportional,rollout_displacement_relative_l2,std,0.040634126811,0.040634126811,6.939e-18,6.939e-18,True
strict_path_ood,s2_t2,nonproportional,rollout_displacement_relative_l2,median,0.860505402088,0.860505402088,0.000e+00,0.000e+00,True
strict_path_ood,s2_t2,nonproportional,rollout_displacement_relative_l2,iqr,0.0306923985481,0.0306923985481,0.000e+00,0.000e+00,True
strict_path_ood,s2_t2,nonproportional,material_parameter_relative_l2,mean,0.156645584106,0.156645584106,0.000e+00,0.000e+00,True
strict_path_ood,s2_t2,nonproportional,material_parameter_relative_l2,std,0.0258909799534,0.0258909799534,0.000e+00,0.000e+00,True
strict_path_ood,s2_t2,nonproportional,material_parameter_relative_l2,median,0.154851645231,0.154851645231,0.000e+00,0.000e+00,True
strict_path_ood,s2_t2,nonproportional,material_parameter_relative_l2,iqr,0.0274051427841,0.0274051427841,0.000e+00,0.000e+00,True
strict_path_ood,s2_t2,nonproportional,material_parameter_coverage_95,mean,0.150000005215,0.150000005215,0.000e+00,0.000e+00,True
strict_path_ood,s2_t2,nonproportional,material_parameter_coverage_95,std,0.126209432345,0.126209432345,0.000e+00,0.000e+00,True
strict_path_ood,s2_t2,nonproportional,material_parameter_coverage_95,median,0.166666671634,0.166666671634,0.000e+00,0.000e+00,True
strict_path_ood,s2_t2,nonproportional,material_parameter_coverage_95,iqr,0.229166666046,0.229166666046,0.000e+00,0.000e+00,True
strict_path_ood,s2_t2,nonproportional,material_parameter_ece,mean,0.648958313465,0.648958313465,0.000e+00,0.000e+00,True
strict_path_ood,s2_t2,nonproportional,material_parameter_ece,std,0.112769743265,0.112769743265,1.388e-17,1.388e-17,True
strict_path_ood,s2_t2,nonproportional,material_parameter_ece,median,0.626041650772,0.626041650772,0.000e+00,0.000e+00,True
strict_path_ood,s2_t2,nonproportional,material_parameter_ece,iqr,0.21875,0.21875,0.000e+00,0.000e+00,True
strict_path_ood,s2_t2,nonproportional,material_parameter_nll,mean,51709.3506348,51709.3506348,0.000e+00,0.000e+00,True
strict_path_ood,s2_t2,nonproportional,material_parameter_nll,std,66253.1798741,66253.1798741,0.000e+00,0.000e+00,True
strict_path_ood,s2_t2,nonproportional,material_parameter_nll,median,10990.9238281,10990.9238281,0.000e+00,0.000e+00,True
strict_path_ood,s2_t2,nonproportional,material_parameter_nll,iqr,82895.7109375,82895.7109375,0.000e+00,0.000e+00,True
strict_path_ood,s2_t2,nonproportional,calibrated_material_parameter_coverage_95,mean,0.983333349228,0.983333349228,0.000e+00,0.000e+00,True
strict_path_ood,s2_t2,nonproportional,calibrated_material_parameter_coverage_95,std,0.0228217514648,0.0228217514648,0.000e+00,0.000e+00,True
strict_path_ood,s2_t2,nonproportional,calibrated_material_parameter_coverage_95,median,1,1,0.000e+00,0.000e+00,True
strict_path_ood,s2_t2,nonproportional,calibrated_material_parameter_coverage_95,iqr,0.0416666269302,0.0416666269302,0.000e+00,0.000e+00,True
strict_path_ood,s2_t2,nonproportional,calibrated_material_parameter_ece,mean,0.175000020862,0.175000020862,0.000e+00,0.000e+00,True
strict_path_ood,s2_t2,nonproportional,calibrated_material_parameter_ece,std,0.0350161058693,0.0350161058693,0.000e+00,0.000e+00,True
strict_path_ood,s2_t2,nonproportional,calibrated_material_parameter_ece,median,0.160416707397,0.160416707397,0.000e+00,0.000e+00,True
strict_path_ood,s2_t2,nonproportional,calibrated_material_parameter_ece,iqr,0.0624999701977,0.0624999701977,0.000e+00,0.000e+00,True
strict_path_ood,s2_t2,nonproportional,calibrated_material_parameter_nll,mean,2.81354074478,2.81354074478,0.000e+00,0.000e+00,True
strict_path_ood,s2_t2,nonproportional,calibrated_material_parameter_nll,std,1.32117248077,1.32117248077,0.000e+00,0.000e+00,True
strict_path_ood,s2_t2,nonproportional,calibrated_material_parameter_nll,median,2.04888129234,2.04888129234,0.000e+00,0.000e+00,True
strict_path_ood,s2_t2,nonproportional,calibrated_material_parameter_nll,iqr,1.53567028046,1.53567028046,0.000e+00,0.000e+00,True
strict_path_ood,s2_t2,nonproportional,calibrated_material_parameter_spread_scale,mean,618.925311279,618.925311279,0.000e+00,0.000e+00,True
strict_path_ood,s2_t2,nonproportional,calibrated_material_parameter_spread_scale,std,268.715506269,268.715506269,0.000e+00,0.000e+00,True
strict_path_ood,s2_t2,nonproportional,calibrated_material_parameter_spread_scale,median,723.517272949,723.517272949,0.000e+00,0.000e+00,True
strict_path_ood,s2_t2,nonproportional,calibrated_material_parameter_spread_scale,iqr,359.985321045,359.985321045,0.000e+00,0.000e+00,True
strict_path_ood,s2_t2,nonproportional,history_relative_l2,mean,1.00576210022,1.00576210022,0.000e+00,0.000e+00,True
strict_path_ood,s2_t2,nonproportional,history_relative_l2,std,0.0238777216447,0.0238777216447,0.000e+00,0.000e+00,True
strict_path_ood,s2_t2,nonproportional,history_relative_l2,median,1.00881934166,1.00881934166,0.000e+00,0.000e+00,True
strict_path_ood,s2_t2,nonproportional,history_relative_l2,iqr,0.0209210515022,0.0209210515022,0.000e+00,0.000e+00,True
strict_path_ood,s2_t2,nonproportional,history_final_relative_l2,mean,2.69281702042,2.69281702042,0.000e+00,0.000e+00,True
strict_path_ood,s2_t2,nonproportional,history_final_relative_l2,std,0.134336666911,0.134336666911,0.000e+00,0.000e+00,True
strict_path_ood,s2_t2,nonproportional,history_final_relative_l2,median,2.73843979836,2.73843979836,0.000e+00,0.000e+00,True
strict_path_ood,s2_t2,nonproportional,history_final_relative_l2,iqr,0.0260379314423,0.0260379314423,0.000e+00,0.000e+00,True
strict_path_ood,s2_t2,nonproportional,history_coverage_95,mean,0.0356552416459,0.0356552416459,0.000e+00,0.000e+00,True
strict_path_ood,s2_t2,nonproportional,history_coverage_95,std,0.0218278152256,0.0218278152256,0.000e+00,0.000e+00,True
strict_path_ood,s2_t2,nonproportional,history_coverage_95,median,0.0351814515889,0.0351814515889,0.000e+00,0.000e+00,True
strict_path_ood,s2_t2,nonproportional,history_coverage_95,iqr,0.0120463687927,0.0120463687927,0.000e+00,0.000e+00,True
strict_path_ood,s2_t2,nonproportional,history_ece,mean,0.753510582447,0.753510582447,0.000e+00,0.000e+00,True
strict_path_ood,s2_t2,nonproportional,history_ece,std,0.0204738946343,0.0204738946343,0.000e+00,0.000e+00,True
strict_path_ood,s2_t2,nonproportional,history_ece,median,0.753553390503,0.753553390503,0.000e+00,0.000e+00,True
strict_path_ood,s2_t2,nonproportional,history_ece,iqr,0.0112777352333,0.0112777352333,0.000e+00,0.000e+00,True
strict_path_ood,s2_t2,nonproportional,history_nll,mean,3678726.85,3678726.85,0.000e+00,0.000e+00,True
strict_path_ood,s2_t2,nonproportional,history_nll,std,983068.420608,983068.420608,0.000e+00,0.000e+00,True
strict_path_ood,s2_t2,nonproportional,history_nll,median,3392310,3392310,0.000e+00,0.000e+00,True
strict_path_ood,s2_t2,nonproportional,history_nll,iqr,920254.75,920254.75,0.000e+00,0.000e+00,True
strict_path_ood,s2_t2,nonproportional,calibrated_history_coverage_95,mean,0.825604832172,0.825604832172,0.000e+00,0.000e+00,True
strict_path_ood,s2_t2,nonproportional,calibrated_history_coverage_95,std,0.071349137765,0.071349137765,1.388e-17,1.388e-17,True
strict_path_ood,s2_t2,nonproportional,calibrated_history_coverage_95,median,0.817540287971,0.817540287971,0.000e+00,0.000e+00,True
strict_path_ood,s2_t2,nonproportional,calibrated_history_coverage_95,iqr,0.0355846881866,0.0355846881866,0.000e+00,0.000e+00,True
strict_path_ood,s2_t2,nonproportional,calibrated_history_ece,mean,0.124203616381,0.124203616381,0.000e+00,0.000e+00,True
strict_path_ood,s2_t2,nonproportional,calibrated_history_ece,std,0.0305092313947,0.0305092313947,0.000e+00,0.000e+00,True
strict_path_ood,s2_t2,nonproportional,calibrated_history_ece,median,0.12084171176,0.12084171176,0.000e+00,0.000e+00,True
strict_path_ood,s2_t2,nonproportional,calibrated_history_ece,iqr,0.026411280036,0.026411280036,0.000e+00,0.000e+00,True
strict_path_ood,s2_t2,nonproportional,calibrated_history_nll,mean,485158.663672,485158.663672,0.000e+00,0.000e+00,True
strict_path_ood,s2_t2,nonproportional,calibrated_history_nll,std,797010.604212,797010.604212,0.000e+00,0.000e+00,True
strict_path_ood,s2_t2,nonproportional,calibrated_history_nll,median,29757.1679688,29757.1679688,0.000e+00,0.000e+00,True
strict_path_ood,s2_t2,nonproportional,calibrated_history_nll,iqr,469450.03125,469450.03125,0.000e+00,0.000e+00,True
strict_path_ood,s2_t2,nonproportional,calibrated_history_spread_scale,mean,10000,10000,0.000e+00,0.000e+00,True
strict_path_ood,s2_t2,nonproportional,calibrated_history_spread_scale,std,0,0,0.000e+00,0.000e+00,True
strict_path_ood,s2_t2,nonproportional,calibrated_history_spread_scale,median,10000,10000,0.000e+00,0.000e+00,True
strict_path_ood,s2_t2,nonproportional,calibrated_history_spread_scale,iqr,0,0,0.000e+00,0.000e+00,True
strict_path_ood,s2_t2,nonproportional,field_coverage_95,mean,0.0528320317622,0.0528320317622,0.000e+00,0.000e+00,True
strict_path_ood,s2_t2,nonproportional,field_coverage_95,std,0.0583795772964,0.0583795772964,0.000e+00,0.000e+00,True
strict_path_ood,s2_t2,nonproportional,field_coverage_95,median,0.0550130233169,0.0550130233169,0.000e+00,0.000e+00,True
strict_path_ood,s2_t2,nonproportional,field_coverage_95,iqr,0.0623372395057,0.0623372395057,0.000e+00,0.000e+00,True
strict_path_ood,s2_t2,nonproportional,field_ece,mean,0.73876953125,0.73876953125,0.000e+00,0.000e+00,True
strict_path_ood,s2_t2,nonproportional,field_ece,std,0.0513450705999,0.0513450705999,0.000e+00,0.000e+00,True
strict_path_ood,s2_t2,nonproportional,field_ece,median,0.73285317421,0.73285317421,0.000e+00,0.000e+00,True
strict_path_ood,s2_t2,nonproportional,field_ece,iqr,0.0621744990349,0.0621744990349,0.000e+00,0.000e+00,True
strict_path_ood,s2_t2,nonproportional,field_nll,mean,80200.9792969,80200.9792969,0.000e+00,0.000e+00,True
strict_path_ood,s2_t2,nonproportional,field_nll,std,37864.5280336,37864.5280336,7.276e-12,1.922e-16,True
strict_path_ood,s2_t2,nonproportional,field_nll,median,82529.46875,82529.46875,0.000e+00,0.000e+00,True
strict_path_ood,s2_t2,nonproportional,field_nll,iqr,56294.5234375,56294.5234375,0.000e+00,0.000e+00,True
strict_path_ood,s2_t2,nonproportional,field_crps,mean,0.0303712926805,0.0303712926805,0.000e+00,0.000e+00,True
strict_path_ood,s2_t2,nonproportional,field_crps,std,0.00116875545593,0.00116875545593,0.000e+00,0.000e+00,True
strict_path_ood,s2_t2,nonproportional,field_crps,median,0.0301374569535,0.0301374569535,0.000e+00,0.000e+00,True
strict_path_ood,s2_t2,nonproportional,field_crps,iqr,0.00125547684729,0.00125547684729,0.000e+00,0.000e+00,True
strict_path_ood,s2_t2,nonproportional,calibrated_field_coverage_95,mean,0.970312511921,0.970312511921,0.000e+00,0.000e+00,True
strict_path_ood,s2_t2,nonproportional,calibrated_field_coverage_95,std,0.0350229108759,0.0350229108759,0.000e+00,0.000e+00,True
strict_path_ood,s2_t2,nonproportional,calibrated_field_coverage_95,median,0.9853515625,0.9853515625,0.000e+00,0.000e+00,True
strict_path_ood,s2_t2,nonproportional,calibrated_field_coverage_95,iqr,0.0582681894302,0.0582681894302,0.000e+00,0.000e+00,True
strict_path_ood,s2_t2,nonproportional,calibrated_field_ece,mean,0.13947918117,0.13947918117,0.000e+00,0.000e+00,True
strict_path_ood,s2_t2,nonproportional,calibrated_field_ece,std,0.0299033779193,0.0299033779193,0.000e+00,0.000e+00,True
strict_path_ood,s2_t2,nonproportional,calibrated_field_ece,median,0.132503271103,0.132503271103,0.000e+00,0.000e+00,True
strict_path_ood,s2_t2,nonproportional,calibrated_field_ece,iqr,0.047135412693,0.047135412693,0.000e+00,0.000e+00,True
strict_path_ood,s2_t2,nonproportional,calibrated_field_nll,mean,0.531242859364,0.531242859364,0.000e+00,0.000e+00,True
strict_path_ood,s2_t2,nonproportional,calibrated_field_nll,std,2.19184145066,2.19184145066,0.000e+00,0.000e+00,True
strict_path_ood,s2_t2,nonproportional,calibrated_field_nll,median,-0.891614794731,-0.891614794731,0.000e+00,0.000e+00,True
strict_path_ood,s2_t2,nonproportional,calibrated_field_nll,iqr,3.8051020503,3.8051020503,0.000e+00,0.000e+00,True
strict_path_ood,s2_t2,nonproportional,calibrated_field_crps,mean,3.06405939013,3.06405939013,0.000e+00,0.000e+00,True
strict_path_ood,s2_t2,nonproportional,calibrated_field_crps,std,4.57097528822,4.57097528822,0.000e+00,0.000e+00,True
strict_path_ood,s2_t2,nonproportional,calibrated_field_crps,median,0.0588480830193,0.0588480830193,0.000e+00,0.000e+00,True
strict_path_ood,s2_t2,nonproportional,calibrated_field_crps,iqr,4.79053630307,4.79053630307,0.000e+00,0.000e+00,True
strict_path_ood,s2_t2,nonproportional,calibrated_field_spread_scale,mean,5005.60527344,5005.60527344,0.000e+00,0.000e+00,True
strict_path_ood,s2_t2,nonproportional,calibrated_field_spread_scale,std,2070.06975843,2070.06975843,0.000e+00,0.000e+00,True
strict_path_ood,s2_t2,nonproportional,calibrated_field_spread_scale,median,5479.21484375,5479.21484375,0.000e+00,0.000e+00,True
strict_path_ood,s2_t2,nonproportional,calibrated_field_spread_scale,iqr,1839.52905273,1839.52905273,0.000e+00,0.000e+00,True
strict_path_ood,s2_t2,nonproportional,posterior_calibration_num_calibration,mean,4,4,0.000e+00,0.000e+00,True
strict_path_ood,s2_t2,nonproportional,posterior_calibration_num_calibration,std,0,0,0.000e+00,0.000e+00,True
strict_path_ood,s2_t2,nonproportional,posterior_calibration_num_calibration,median,4,4,0.000e+00,0.000e+00,True
strict_path_ood,s2_t2,nonproportional,posterior_calibration_num_calibration,iqr,0,0,0.000e+00,0.000e+00,True
strict_path_ood,s2_t2,nonproportional,posterior_calibration_num_test,mean,4,4,0.000e+00,0.000e+00,True
strict_path_ood,s2_t2,nonproportional,posterior_calibration_num_test,std,0,0,0.000e+00,0.000e+00,True
strict_path_ood,s2_t2,nonproportional,posterior_calibration_num_test,median,4,4,0.000e+00,0.000e+00,True
strict_path_ood,s2_t2,nonproportional,posterior_calibration_num_test,iqr,0,0,0.000e+00,0.000e+00,True
strict_path_ood,s2_t2,random_amplitude,sparse_observation_relative_l2,mean,0.798156690598,0.798156690598,0.000e+00,0.000e+00,True
strict_path_ood,s2_t2,random_amplitude,sparse_observation_relative_l2,std,0.147142860039,0.147142860039,0.000e+00,0.000e+00,True
strict_path_ood,s2_t2,random_amplitude,sparse_observation_relative_l2,median,0.786963641644,0.786963641644,0.000e+00,0.000e+00,True
strict_path_ood,s2_t2,random_amplitude,sparse_observation_relative_l2,iqr,0.0610008239746,0.0610008239746,0.000e+00,0.000e+00,True
strict_path_ood,s2_t2,random_amplitude,rollout_displacement_relative_l2,mean,0.841668212414,0.841668212414,0.000e+00,0.000e+00,True
strict_path_ood,s2_t2,random_amplitude,rollout_displacement_relative_l2,std,0.0400388979507,0.0400388979507,6.939e-18,6.939e-18,True
strict_path_ood,s2_t2,random_amplitude,rollout_displacement_relative_l2,median,0.845444321632,0.845444321632,0.000e+00,0.000e+00,True
strict_path_ood,s2_t2,random_amplitude,rollout_displacement_relative_l2,iqr,0.0732693076134,0.0732693076134,0.000e+00,0.000e+00,True
strict_path_ood,s2_t2,random_amplitude,material_parameter_relative_l2,mean,0.234304493666,0.234304493666,0.000e+00,0.000e+00,True
strict_path_ood,s2_t2,random_amplitude,material_parameter_relative_l2,std,0.0515469401527,0.0515469401527,0.000e+00,0.000e+00,True
strict_path_ood,s2_t2,random_amplitude,material_parameter_relative_l2,median,0.210487574339,0.210487574339,0.000e+00,0.000e+00,True
strict_path_ood,s2_t2,random_amplitude,material_parameter_relative_l2,iqr,0.0317232012749,0.0317232012749,0.000e+00,0.000e+00,True
strict_path_ood,s2_t2,random_amplitude,material_parameter_coverage_95,mean,0.108333334327,0.108333334327,0.000e+00,0.000e+00,True
strict_path_ood,s2_t2,random_amplitude,material_parameter_coverage_95,std,0.165621724724,0.165621724724,0.000e+00,0.000e+00,True
strict_path_ood,s2_t2,random_amplitude,material_parameter_coverage_95,median,0,0,0.000e+00,0.000e+00,True
strict_path_ood,s2_t2,random_amplitude,material_parameter_coverage_95,iqr,0.166666671634,0.166666671634,0.000e+00,0.000e+00,True
strict_path_ood,s2_t2,random_amplitude,material_parameter_ece,mean,0.689583307505,0.689583307505,0.000e+00,0.000e+00,True
strict_path_ood,s2_t2,random_amplitude,material_parameter_ece,std,0.154784790323,0.154784790323,0.000e+00,0.000e+00,True
strict_path_ood,s2_t2,random_amplitude,material_parameter_ece,median,0.787499964237,0.787499964237,0.000e+00,0.000e+00,True
strict_path_ood,s2_t2,random_amplitude,material_parameter_ece,iqr,0.13541662693,0.13541662693,0.000e+00,0.000e+00,True
strict_path_ood,s2_t2,random_amplitude,material_parameter_nll,mean,145109.453979,145109.453979,0.000e+00,0.000e+00,True
strict_path_ood,s2_t2,random_amplitude,material_parameter_nll,std,218149.397741,218149.397741,0.000e+00,0.000e+00,True
strict_path_ood,s2_t2,random_amplitude,material_parameter_nll,median,20065.4355469,20065.4355469,0.000e+00,0.000e+00,True
strict_path_ood,s2_t2,random_amplitude,material_parameter_nll,iqr,184391.480469,184391.480469,0.000e+00,0.000e+00,True
strict_path_ood,s2_t2,random_amplitude,calibrated_material_parameter_coverage_95,mean,0.991666674614,0.991666674614,0.000e+00,0.000e+00,True
strict_path_ood,s2_t2,random_amplitude,calibrated_material_parameter_coverage_95,std,0.0186338820418,0.0186338820418,0.000e+00,0.000e+00,True
strict_path_ood,s2_t2,random_amplitude,calibrated_material_parameter_coverage_95,median,1,1,0.000e+00,0.000e+00,True
strict_path_ood,s2_t2,random_amplitude,calibrated_material_parameter_coverage_95,iqr,0,0,0.000e+00,0.000e+00,True
strict_path_ood,s2_t2,random_amplitude,calibrated_material_parameter_ece,mean,0.162500017881,0.162500017881,0.000e+00,0.000e+00,True
strict_path_ood,s2_t2,random_amplitude,calibrated_material_parameter_ece,std,0.0412741881024,0.0412741881024,0.000e+00,0.000e+00,True
strict_path_ood,s2_t2,random_amplitude,calibrated_material_parameter_ece,median,0.170833349228,0.170833349228,0.000e+00,0.000e+00,True
strict_path_ood,s2_t2,random_amplitude,calibrated_material_parameter_ece,iqr,0.0416666567326,0.0416666567326,0.000e+00,0.000e+00,True
strict_path_ood,s2_t2,random_amplitude,calibrated_material_parameter_nll,mean,2.76704275608,2.76704275608,0.000e+00,0.000e+00,True
strict_path_ood,s2_t2,random_amplitude,calibrated_material_parameter_nll,std,2.25606558747,2.25606558747,0.000e+00,0.000e+00,True
strict_path_ood,s2_t2,random_amplitude,calibrated_material_parameter_nll,median,2.38260555267,2.38260555267,0.000e+00,0.000e+00,True
strict_path_ood,s2_t2,random_amplitude,calibrated_material_parameter_nll,iqr,1.54530405998,1.54530405998,0.000e+00,0.000e+00,True
strict_path_ood,s2_t2,random_amplitude,calibrated_material_parameter_spread_scale,mean,1372.79786224,1372.79786224,0.000e+00,0.000e+00,True
strict_path_ood,s2_t2,random_amplitude,calibrated_material_parameter_spread_scale,std,1579.49611041,1579.49611041,0.000e+00,0.000e+00,True
strict_path_ood,s2_t2,random_amplitude,calibrated_material_parameter_spread_scale,median,487.832366943,487.832366943,0.000e+00,0.000e+00,True
strict_path_ood,s2_t2,random_amplitude,calibrated_material_parameter_spread_scale,iqr,2138.5262146,2138.5262146,0.000e+00,0.000e+00,True
strict_path_ood,s2_t2,random_amplitude,history_relative_l2,mean,0.930217111111,0.930217111111,0.000e+00,0.000e+00,True
strict_path_ood,s2_t2,random_amplitude,history_relative_l2,std,0.0250406525898,0.0250406525898,0.000e+00,0.000e+00,True
strict_path_ood,s2_t2,random_amplitude,history_relative_l2,median,0.920213699341,0.920213699341,0.000e+00,0.000e+00,True
strict_path_ood,s2_t2,random_amplitude,history_relative_l2,iqr,0.0108136534691,0.0108136534691,0.000e+00,0.000e+00,True
strict_path_ood,s2_t2,random_amplitude,history_final_relative_l2,mean,0.254242515564,0.254242515564,0.000e+00,0.000e+00,True
strict_path_ood,s2_t2,random_amplitude,history_final_relative_l2,std,0.0137649676801,0.0137649676801,0.000e+00,0.000e+00,True
strict_path_ood,s2_t2,random_amplitude,history_final_relative_l2,median,0.248056575656,0.248056575656,0.000e+00,0.000e+00,True
strict_path_ood,s2_t2,random_amplitude,history_final_relative_l2,iqr,0.0249060839415,0.0249060839415,0.000e+00,0.000e+00,True
strict_path_ood,s2_t2,random_amplitude,history_coverage_95,mean,0.0486408744007,0.0486408744007,0.000e+00,0.000e+00,True
strict_path_ood,s2_t2,random_amplitude,history_coverage_95,std,0.0322798483228,0.0322798483228,0.000e+00,0.000e+00,True
strict_path_ood,s2_t2,random_amplitude,history_coverage_95,median,0.0351190492511,0.0351190492511,0.000e+00,0.000e+00,True
strict_path_ood,s2_t2,random_amplitude,history_coverage_95,iqr,0.0193452369422,0.0193452369422,0.000e+00,0.000e+00,True
strict_path_ood,s2_t2,random_amplitude,history_ece,mean,0.741312003136,0.741312003136,0.000e+00,0.000e+00,True
strict_path_ood,s2_t2,random_amplitude,history_ece,std,0.0308078069963,0.0308078069963,3.469e-18,3.469e-18,True
strict_path_ood,s2_t2,random_amplitude,history_ece,median,0.753819465637,0.753819465637,0.000e+00,0.000e+00,True
strict_path_ood,s2_t2,random_amplitude,history_ece,iqr,0.0150173306465,0.0150173306465,0.000e+00,0.000e+00,True
strict_path_ood,s2_t2,random_amplitude,history_nll,mean,3250116.475,3250116.475,0.000e+00,0.000e+00,True
strict_path_ood,s2_t2,random_amplitude,history_nll,std,1428383.29875,1428383.29875,0.000e+00,0.000e+00,True
strict_path_ood,s2_t2,random_amplitude,history_nll,median,3778112.75,3778112.75,0.000e+00,0.000e+00,True
strict_path_ood,s2_t2,random_amplitude,history_nll,iqr,2581672,2581672,0.000e+00,0.000e+00,True
strict_path_ood,s2_t2,random_amplitude,calibrated_history_coverage_95,mean,0.846507942677,0.846507942677,0.000e+00,0.000e+00,True
strict_path_ood,s2_t2,random_amplitude,calibrated_history_coverage_95,std,0.06707668146,0.06707668146,0.000e+00,0.000e+00,True
strict_path_ood,s2_t2,random_amplitude,calibrated_history_coverage_95,median,0.820337295532,0.820337295532,0.000e+00,0.000e+00,True
strict_path_ood,s2_t2,random_amplitude,calibrated_history_coverage_95,iqr,0.0864087343216,0.0864087343216,0.000e+00,0.000e+00,True
strict_path_ood,s2_t2,random_amplitude,calibrated_history_ece,mean,0.12097221911,0.12097221911,0.000e+00,0.000e+00,True
strict_path_ood,s2_t2,random_amplitude,calibrated_history_ece,std,0.0155934696065,0.0155934696065,0.000e+00,0.000e+00,True
strict_path_ood,s2_t2,random_amplitude,calibrated_history_ece,median,0.119246020913,0.119246020913,0.000e+00,0.000e+00,True
strict_path_ood,s2_t2,random_amplitude,calibrated_history_ece,iqr,0.0132936686277,0.0132936686277,0.000e+00,0.000e+00,True
strict_path_ood,s2_t2,random_amplitude,calibrated_history_nll,mean,714483.348242,714483.348242,0.000e+00,0.000e+00,True
strict_path_ood,s2_t2,random_amplitude,calibrated_history_nll,std,1054259.75789,1054259.75789,0.000e+00,0.000e+00,True
strict_path_ood,s2_t2,random_amplitude,calibrated_history_nll,median,279399.9375,279399.9375,0.000e+00,0.000e+00,True
strict_path_ood,s2_t2,random_amplitude,calibrated_history_nll,iqr,732483.023438,732483.023438,0.000e+00,0.000e+00,True
strict_path_ood,s2_t2,random_amplitude,calibrated_history_spread_scale,mean,10000,10000,0.000e+00,0.000e+00,True
strict_path_ood,s2_t2,random_amplitude,calibrated_history_spread_scale,std,0,0,0.000e+00,0.000e+00,True
strict_path_ood,s2_t2,random_amplitude,calibrated_history_spread_scale,median,10000,10000,0.000e+00,0.000e+00,True
strict_path_ood,s2_t2,random_amplitude,calibrated_history_spread_scale,iqr,0,0,0.000e+00,0.000e+00,True
strict_path_ood,s2_t2,random_amplitude,field_coverage_95,mean,0.041015627014,0.041015627014,0.000e+00,0.000e+00,True
strict_path_ood,s2_t2,random_amplitude,field_coverage_95,std,0.0617714955576,0.0617714955576,0.000e+00,0.000e+00,True
strict_path_ood,s2_t2,random_amplitude,field_coverage_95,median,0.00130208337214,0.00130208337214,0.000e+00,0.000e+00,True
strict_path_ood,s2_t2,random_amplitude,field_coverage_95,iqr,0.0594075520057,0.0594075520057,0.000e+00,0.000e+00,True
strict_path_ood,s2_t2,random_amplitude,field_ece,mean,0.751717090607,0.751717090607,0.000e+00,0.000e+00,True
strict_path_ood,s2_t2,random_amplitude,field_ece,std,0.0557207112694,0.0557207112694,0.000e+00,0.000e+00,True
strict_path_ood,s2_t2,random_amplitude,field_ece,median,0.786360621452,0.786360621452,0.000e+00,0.000e+00,True
strict_path_ood,s2_t2,random_amplitude,field_ece,iqr,0.046875,0.046875,0.000e+00,0.000e+00,True
strict_path_ood,s2_t2,random_amplitude,field_nll,mean,57601.9828125,57601.9828125,0.000e+00,0.000e+00,True
strict_path_ood,s2_t2,random_amplitude,field_nll,std,20986.0383766,20986.0383766,3.638e-12,1.734e-16,True
strict_path_ood,s2_t2,random_amplitude,field_nll,median,61481.0390625,61481.0390625,0.000e+00,0.000e+00,True
strict_path_ood,s2_t2,random_amplitude,field_nll,iqr,27082.6679688,27082.6679688,0.000e+00,0.000e+00,True
strict_path_ood,s2_t2,random_amplitude,field_crps,mean,0.0259315088391,0.0259315088391,0.000e+00,0.000e+00,True
strict_path_ood,s2_t2,random_amplitude,field_crps,std,0.000938438432257,0.000938438432257,0.000e+00,0.000e+00,True
strict_path_ood,s2_t2,random_amplitude,field_crps,median,0.0261298678815,0.0261298678815,0.000e+00,0.000e+00,True
strict_path_ood,s2_t2,random_amplitude,field_crps,iqr,0.00126076675951,0.00126076675951,0.000e+00,0.000e+00,True
strict_path_ood,s2_t2,random_amplitude,calibrated_field_coverage_95,mean,0.968750023842,0.968750023842,0.000e+00,0.000e+00,True
strict_path_ood,s2_t2,random_amplitude,calibrated_field_coverage_95,std,0.033736578364,0.033736578364,0.000e+00,0.000e+00,True
strict_path_ood,s2_t2,random_amplitude,calibrated_field_coverage_95,median,0.984049499035,0.984049499035,0.000e+00,0.000e+00,True
strict_path_ood,s2_t2,random_amplitude,calibrated_field_coverage_95,iqr,0.0397135615349,0.0397135615349,0.000e+00,0.000e+00,True
strict_path_ood,s2_t2,random_amplitude,calibrated_field_ece,mean,0.167705097795,0.167705097795,0.000e+00,0.000e+00,True
strict_path_ood,s2_t2,random_amplitude,calibrated_field_ece,std,0.043834936074,0.043834936074,0.000e+00,0.000e+00,True
strict_path_ood,s2_t2,random_amplitude,calibrated_field_ece,median,0.187272161245,0.187272161245,0.000e+00,0.000e+00,True
strict_path_ood,s2_t2,random_amplitude,calibrated_field_ece,iqr,0.0576171875,0.0576171875,0.000e+00,0.000e+00,True
strict_path_ood,s2_t2,random_amplitude,calibrated_field_nll,mean,0.427317363024,0.427317363024,0.000e+00,0.000e+00,True
strict_path_ood,s2_t2,random_amplitude,calibrated_field_nll,std,1.77022423851,1.77022423851,0.000e+00,0.000e+00,True
strict_path_ood,s2_t2,random_amplitude,calibrated_field_nll,median,-0.44378182292,-0.44378182292,0.000e+00,0.000e+00,True
strict_path_ood,s2_t2,random_amplitude,calibrated_field_nll,iqr,2.62360465527,2.62360465527,0.000e+00,0.000e+00,True
strict_path_ood,s2_t2,random_amplitude,calibrated_field_crps,mean,1.90607146025,1.90607146025,0.000e+00,0.000e+00,True
strict_path_ood,s2_t2,random_amplitude,calibrated_field_crps,std,2.52127670379,2.52127670379,0.000e+00,0.000e+00,True
strict_path_ood,s2_t2,random_amplitude,calibrated_field_crps,median,0.122208222747,0.122208222747,0.000e+00,0.000e+00,True
strict_path_ood,s2_t2,random_amplitude,calibrated_field_crps,iqr,4.51633418351,4.51633418351,0.000e+00,0.000e+00,True
strict_path_ood,s2_t2,random_amplitude,calibrated_field_spread_scale,mean,4582.09702148,4582.09702148,0.000e+00,0.000e+00,True
strict_path_ood,s2_t2,random_amplitude,calibrated_field_spread_scale,std,2332.8287801,2332.8287801,0.000e+00,0.000e+00,True
strict_path_ood,s2_t2,random_amplitude,calibrated_field_spread_scale,median,4299.42871094,4299.42871094,0.000e+00,0.000e+00,True
strict_path_ood,s2_t2,random_amplitude,calibrated_field_spread_scale,iqr,1162.32373047,1162.32373047,0.000e+00,0.000e+00,True
strict_path_ood,s2_t2,random_amplitude,posterior_calibration_num_calibration,mean,4,4,0.000e+00,0.000e+00,True
strict_path_ood,s2_t2,random_amplitude,posterior_calibration_num_calibration,std,0,0,0.000e+00,0.000e+00,True
strict_path_ood,s2_t2,random_amplitude,posterior_calibration_num_calibration,median,4,4,0.000e+00,0.000e+00,True
strict_path_ood,s2_t2,random_amplitude,posterior_calibration_num_calibration,iqr,0,0,0.000e+00,0.000e+00,True
strict_path_ood,s2_t2,random_amplitude,posterior_calibration_num_test,mean,4,4,0.000e+00,0.000e+00,True
strict_path_ood,s2_t2,random_amplitude,posterior_calibration_num_test,std,0,0,0.000e+00,0.000e+00,True
strict_path_ood,s2_t2,random_amplitude,posterior_calibration_num_test,median,4,4,0.000e+00,0.000e+00,True
strict_path_ood,s2_t2,random_amplitude,posterior_calibration_num_test,iqr,0,0,0.000e+00,0.000e+00,True
strict_path_ood,s2_t2,pre_stress,sparse_observation_relative_l2,mean,54.2695484161,54.2695484161,0.000e+00,0.000e+00,True
strict_path_ood,s2_t2,pre_stress,sparse_observation_relative_l2,std,35.2891560672,35.2891560672,0.000e+00,0.000e+00,True
strict_path_ood,s2_t2,pre_stress,sparse_observation_relative_l2,median,50.8962097168,50.8962097168,0.000e+00,0.000e+00,True
strict_path_ood,s2_t2,pre_stress,sparse_observation_relative_l2,iqr,37.0694732666,37.0694732666,0.000e+00,0.000e+00,True
strict_path_ood,s2_t2,pre_stress,rollout_displacement_relative_l2,mean,0.900297892094,0.900297892094,0.000e+00,0.000e+00,True
strict_path_ood,s2_t2,pre_stress,rollout_displacement_relative_l2,std,0.0450484537434,0.0450484537434,0.000e+00,0.000e+00,True
strict_path_ood,s2_t2,pre_stress,rollout_displacement_relative_l2,median,0.910846114159,0.910846114159,0.000e+00,0.000e+00,True
strict_path_ood,s2_t2,pre_stress,rollout_displacement_relative_l2,iqr,0.0431710481644,0.0431710481644,0.000e+00,0.000e+00,True
strict_path_ood,s2_t2,pre_stress,material_parameter_relative_l2,mean,0.181128841639,0.181128841639,0.000e+00,0.000e+00,True
strict_path_ood,s2_t2,pre_stress,material_parameter_relative_l2,std,0.0422696154932,0.0422696154932,0.000e+00,0.000e+00,True
strict_path_ood,s2_t2,pre_stress,material_parameter_relative_l2,median,0.191343083978,0.191343083978,0.000e+00,0.000e+00,True
strict_path_ood,s2_t2,pre_stress,material_parameter_relative_l2,iqr,0.0147624313831,0.0147624313831,0.000e+00,0.000e+00,True
strict_path_ood,s2_t2,pre_stress,material_parameter_coverage_95,mean,0.129166668653,0.129166668653,0.000e+00,0.000e+00,True
strict_path_ood,s2_t2,pre_stress,material_parameter_coverage_95,std,0.103539779482,0.103539779482,1.388e-17,1.388e-17,True
strict_path_ood,s2_t2,pre_stress,material_parameter_coverage_95,median,0.0833333358169,0.0833333358169,0.000e+00,0.000e+00,True
strict_path_ood,s2_t2,pre_stress,material_parameter_coverage_95,iqr,0.0208333358169,0.0208333358169,0.000e+00,0.000e+00,True
strict_path_ood,s2_t2,pre_stress,material_parameter_ece,mean,0.669791662693,0.669791662693,0.000e+00,0.000e+00,True
strict_path_ood,s2_t2,pre_stress,material_parameter_ece,std,0.0959380126775,0.0959380126775,1.388e-17,1.388e-17,True
strict_path_ood,s2_t2,pre_stress,material_parameter_ece,median,0.714583396912,0.714583396912,0.000e+00,0.000e+00,True
strict_path_ood,s2_t2,pre_stress,material_parameter_ece,iqr,0.0364583134651,0.0364583134651,0.000e+00,0.000e+00,True
strict_path_ood,s2_t2,pre_stress,material_parameter_nll,mean,14646.2111328,14646.2111328,0.000e+00,0.000e+00,True
strict_path_ood,s2_t2,pre_stress,material_parameter_nll,std,18596.0956982,18596.0956982,0.000e+00,0.000e+00,True
strict_path_ood,s2_t2,pre_stress,material_parameter_nll,median,8543.90820312,8543.90820312,0.000e+00,0.000e+00,True
strict_path_ood,s2_t2,pre_stress,material_parameter_nll,iqr,5246.83398438,5246.83398438,0.000e+00,0.000e+00,True
strict_path_ood,s2_t2,pre_stress,calibrated_material_parameter_coverage_95,mean,0.975000011921,0.975000011921,0.000e+00,0.000e+00,True
strict_path_ood,s2_t2,pre_stress,calibrated_material_parameter_coverage_95,std,0.0372677874077,0.0372677874077,0.000e+00,0.000e+00,True
strict_path_ood,s2_t2,pre_stress,calibrated_material_parameter_coverage_95,median,1,1,0.000e+00,0.000e+00,True
strict_path_ood,s2_t2,pre_stress,calibrated_material_parameter_coverage_95,iqr,0.0416666269302,0.0416666269302,0.000e+00,0.000e+00,True
strict_path_ood,s2_t2,pre_stress,calibrated_material_parameter_ece,mean,0.163750016689,0.163750016689,0.000e+00,0.000e+00,True
strict_path_ood,s2_t2,pre_stress,calibrated_material_parameter_ece,std,0.0183758978578,0.0183758978578,0.000e+00,0.000e+00,True
strict_path_ood,s2_t2,pre_stress,calibrated_material_parameter_ece,median,0.160416707397,0.160416707397,0.000e+00,0.000e+00,True
strict_path_ood,s2_t2,pre_stress,calibrated_material_parameter_ece,iqr,0.0208333432674,0.0208333432674,0.000e+00,0.000e+00,True
strict_path_ood,s2_t2,pre_stress,calibrated_material_parameter_nll,mean,2.23020913601,2.23020913601,0.000e+00,0.000e+00,True
strict_path_ood,s2_t2,pre_stress,calibrated_material_parameter_nll,std,1.65513460093,1.65513460093,0.000e+00,0.000e+00,True
strict_path_ood,s2_t2,pre_stress,calibrated_material_parameter_nll,median,1.60837745667,1.60837745667,0.000e+00,0.000e+00,True
strict_path_ood,s2_t2,pre_stress,calibrated_material_parameter_nll,iqr,0.60927593708,0.60927593708,0.000e+00,0.000e+00,True
strict_path_ood,s2_t2,pre_stress,calibrated_material_parameter_spread_scale,mean,385.310375977,385.310375977,0.000e+00,0.000e+00,True
strict_path_ood,s2_t2,pre_stress,calibrated_material_parameter_spread_scale,std,172.382774478,172.382774478,2.842e-14,1.649e-16,True
strict_path_ood,s2_t2,pre_stress,calibrated_material_parameter_spread_scale,median,336.551361084,336.551361084,0.000e+00,0.000e+00,True
strict_path_ood,s2_t2,pre_stress,calibrated_material_parameter_spread_scale,iqr,182.154418945,182.154418945,0.000e+00,0.000e+00,True
strict_path_ood,s2_t2,pre_stress,history_relative_l2,mean,0.631233131886,0.631233131886,0.000e+00,0.000e+00,True
strict_path_ood,s2_t2,pre_stress,history_relative_l2,std,0.0372425249299,0.0372425249299,0.000e+00,0.000e+00,True
strict_path_ood,s2_t2,pre_stress,history_relative_l2,median,0.616555452347,0.616555452347,0.000e+00,0.000e+00,True
strict_path_ood,s2_t2,pre_stress,history_relative_l2,iqr,0.0454035401344,0.0454035401344,0.000e+00,0.000e+00,True
strict_path_ood,s2_t2,pre_stress,history_final_relative_l2,mean,0.272591215372,0.272591215372,0.000e+00,0.000e+00,True
strict_path_ood,s2_t2,pre_stress,history_final_relative_l2,std,0.0334308907403,0.0334308907403,0.000e+00,0.000e+00,True
strict_path_ood,s2_t2,pre_stress,history_final_relative_l2,median,0.265803456306,0.265803456306,0.000e+00,0.000e+00,True
strict_path_ood,s2_t2,pre_stress,history_final_relative_l2,iqr,0.0108745992184,0.0108745992184,0.000e+00,0.000e+00,True
strict_path_ood,s2_t2,pre_stress,history_coverage_95,mean,0.088256046176,0.088256046176,0.000e+00,0.000e+00,True
strict_path_ood,s2_t2,pre_stress,history_coverage_95,std,0.0462303760066,0.0462303760066,0.000e+00,0.000e+00,True
strict_path_ood,s2_t2,pre_stress,history_coverage_95,median,0.086139112711,0.086139112711,0.000e+00,0.000e+00,True
strict_path_ood,s2_t2,pre_stress,history_coverage_95,iqr,0.0471270121634,0.0471270121634,0.000e+00,0.000e+00,True
strict_path_ood,s2_t2,pre_stress,history_ece,mean,0.702341234684,0.702341234684,0.000e+00,0.000e+00,True
strict_path_ood,s2_t2,pre_stress,history_ece,std,0.0459501009379,0.0459501009379,6.939e-18,6.939e-18,True
strict_path_ood,s2_t2,pre_stress,history_ece,median,0.706035733223,0.706035733223,0.000e+00,0.000e+00,True
strict_path_ood,s2_t2,pre_stress,history_ece,iqr,0.0435609817505,0.0435609817505,0.000e+00,0.000e+00,True
strict_path_ood,s2_t2,pre_stress,history_nll,mean,1236976.2625,1236976.2625,0.000e+00,0.000e+00,True
strict_path_ood,s2_t2,pre_stress,history_nll,std,398530.13532,398530.13532,5.821e-11,1.461e-16,True
strict_path_ood,s2_t2,pre_stress,history_nll,median,1417404.875,1417404.875,0.000e+00,0.000e+00,True
strict_path_ood,s2_t2,pre_stress,history_nll,iqr,548278.9375,548278.9375,0.000e+00,0.000e+00,True
strict_path_ood,s2_t2,pre_stress,calibrated_history_coverage_95,mean,0.930241930485,0.930241930485,0.000e+00,0.000e+00,True
strict_path_ood,s2_t2,pre_stress,calibrated_history_coverage_95,std,0.0344115556705,0.0344115556705,0.000e+00,0.000e+00,True
strict_path_ood,s2_t2,pre_stress,calibrated_history_coverage_95,median,0.92520159483,0.92520159483,0.000e+00,0.000e+00,True
strict_path_ood,s2_t2,pre_stress,calibrated_history_coverage_95,iqr,0.0228830575943,0.0228830575943,0.000e+00,0.000e+00,True
strict_path_ood,s2_t2,pre_stress,calibrated_history_ece,mean,0.126320552826,0.126320552826,0.000e+00,0.000e+00,True
strict_path_ood,s2_t2,pre_stress,calibrated_history_ece,std,0.0172748565176,0.0172748565176,0.000e+00,0.000e+00,True
strict_path_ood,s2_t2,pre_stress,calibrated_history_ece,median,0.124873995781,0.124873995781,0.000e+00,0.000e+00,True
strict_path_ood,s2_t2,pre_stress,calibrated_history_ece,iqr,0.0046119093895,0.0046119093895,0.000e+00,0.000e+00,True
strict_path_ood,s2_t2,pre_stress,calibrated_history_nll,mean,143596.01767,143596.01767,0.000e+00,0.000e+00,True
strict_path_ood,s2_t2,pre_stress,calibrated_history_nll,std,245171.438974,245171.438974,0.000e+00,0.000e+00,True
strict_path_ood,s2_t2,pre_stress,calibrated_history_nll,median,59278.6953125,59278.6953125,0.000e+00,0.000e+00,True
strict_path_ood,s2_t2,pre_stress,calibrated_history_nll,iqr,64288.40625,64288.40625,0.000e+00,0.000e+00,True
strict_path_ood,s2_t2,pre_stress,calibrated_history_spread_scale,mean,10000,10000,0.000e+00,0.000e+00,True
strict_path_ood,s2_t2,pre_stress,calibrated_history_spread_scale,std,0,0,0.000e+00,0.000e+00,True
strict_path_ood,s2_t2,pre_stress,calibrated_history_spread_scale,median,10000,10000,0.000e+00,0.000e+00,True
strict_path_ood,s2_t2,pre_stress,calibrated_history_spread_scale,iqr,0,0,0.000e+00,0.000e+00,True
strict_path_ood,s2_t2,pre_stress,field_coverage_95,mean,0.0437174500898,0.0437174500898,0.000e+00,0.000e+00,True
strict_path_ood,s2_t2,pre_stress,field_coverage_95,std,0.0477172114968,0.0477172114968,0.000e+00,0.000e+00,True
strict_path_ood,s2_t2,pre_stress,field_coverage_95,median,0.0281575527042,0.0281575527042,0.000e+00,0.000e+00,True
strict_path_ood,s2_t2,pre_stress,field_coverage_95,iqr,0.00244140625,0.00244140625,0.000e+00,0.000e+00,True
strict_path_ood,s2_t2,pre_stress,field_ece,mean,0.748901379108,0.748901379108,0.000e+00,0.000e+00,True
strict_path_ood,s2_t2,pre_stress,field_ece,std,0.0403042271257,0.0403042271257,6.939e-18,6.939e-18,True
strict_path_ood,s2_t2,pre_stress,field_ece,median,0.760888695717,0.760888695717,0.000e+00,0.000e+00,True
strict_path_ood,s2_t2,pre_stress,field_ece,iqr,0.00606280565262,0.00606280565262,0.000e+00,0.000e+00,True
strict_path_ood,s2_t2,pre_stress,field_nll,mean,12172.4125,12172.4125,0.000e+00,0.000e+00,True
strict_path_ood,s2_t2,pre_stress,field_nll,std,2022.24548979,2022.24548979,0.000e+00,0.000e+00,True
strict_path_ood,s2_t2,pre_stress,field_nll,median,12277.9599609,12277.9599609,0.000e+00,0.000e+00,True
strict_path_ood,s2_t2,pre_stress,field_nll,iqr,872.20703125,872.20703125,0.000e+00,0.000e+00,True
strict_path_ood,s2_t2,pre_stress,field_crps,mean,0.0121624883264,0.0121624883264,0.000e+00,0.000e+00,True
strict_path_ood,s2_t2,pre_stress,field_crps,std,0.000847825763638,0.000847825763638,0.000e+00,0.000e+00,True
strict_path_ood,s2_t2,pre_stress,field_crps,median,0.0123855471611,0.0123855471611,0.000e+00,0.000e+00,True
strict_path_ood,s2_t2,pre_stress,field_crps,iqr,0.000231695361435,0.000231695361435,0.000e+00,0.000e+00,True
strict_path_ood,s2_t2,pre_stress,calibrated_field_coverage_95,mean,0.954427111149,0.954427111149,0.000e+00,0.000e+00,True
strict_path_ood,s2_t2,pre_stress,calibrated_field_coverage_95,std,0.0341106319877,0.0341106319877,0.000e+00,0.000e+00,True
strict_path_ood,s2_t2,pre_stress,calibrated_field_coverage_95,median,0.95149743557,0.95149743557,0.000e+00,0.000e+00,True
strict_path_ood,s2_t2,pre_stress,calibrated_field_coverage_95,iqr,0.0244140625,0.0244140625,0.000e+00,0.000e+00,True
strict_path_ood,s2_t2,pre_stress,calibrated_field_ece,mean,0.129414078593,0.129414078593,0.000e+00,0.000e+00,True
strict_path_ood,s2_t2,pre_stress,calibrated_field_ece,std,0.0249398043668,0.0249398043668,0.000e+00,0.000e+00,True
strict_path_ood,s2_t2,pre_stress,calibrated_field_ece,median,0.13917645812,0.13917645812,0.000e+00,0.000e+00,True
strict_path_ood,s2_t2,pre_stress,calibrated_field_ece,iqr,0.0124674886465,0.0124674886465,0.000e+00,0.000e+00,True
strict_path_ood,s2_t2,pre_stress,calibrated_field_nll,mean,-0.345161145926,-0.345161145926,0.000e+00,0.000e+00,True
strict_path_ood,s2_t2,pre_stress,calibrated_field_nll,std,2.35207219188,2.35207219188,0.000e+00,0.000e+00,True
strict_path_ood,s2_t2,pre_stress,calibrated_field_nll,median,-1.31515002251,-1.31515002251,0.000e+00,0.000e+00,True
strict_path_ood,s2_t2,pre_stress,calibrated_field_nll,iqr,2.0382540524,2.0382540524,0.000e+00,0.000e+00,True
strict_path_ood,s2_t2,pre_stress,calibrated_field_crps,mean,1.98863527756,1.98863527756,0.000e+00,0.000e+00,True
strict_path_ood,s2_t2,pre_stress,calibrated_field_crps,std,3.72023840076,3.72023840076,0.000e+00,0.000e+00,True
strict_path_ood,s2_t2,pre_stress,calibrated_field_crps,median,0.0678751468658,0.0678751468658,0.000e+00,0.000e+00,True
strict_path_ood,s2_t2,pre_stress,calibrated_field_crps,iqr,1.24418883398,1.24418883398,0.000e+00,0.000e+00,True
strict_path_ood,s2_t2,pre_stress,calibrated_field_spread_scale,mean,2022.44038086,2022.44038086,0.000e+00,0.000e+00,True
strict_path_ood,s2_t2,pre_stress,calibrated_field_spread_scale,std,1057.64697323,1057.64697323,0.000e+00,0.000e+00,True
strict_path_ood,s2_t2,pre_stress,calibrated_field_spread_scale,median,1506.6809082,1506.6809082,0.000e+00,0.000e+00,True
strict_path_ood,s2_t2,pre_stress,calibrated_field_spread_scale,iqr,380.239257812,380.239257812,0.000e+00,0.000e+00,True
strict_path_ood,s2_t2,pre_stress,posterior_calibration_num_calibration,mean,4,4,0.000e+00,0.000e+00,True
strict_path_ood,s2_t2,pre_stress,posterior_calibration_num_calibration,std,0,0,0.000e+00,0.000e+00,True
strict_path_ood,s2_t2,pre_stress,posterior_calibration_num_calibration,median,4,4,0.000e+00,0.000e+00,True
strict_path_ood,s2_t2,pre_stress,posterior_calibration_num_calibration,iqr,0,0,0.000e+00,0.000e+00,True
strict_path_ood,s2_t2,pre_stress,posterior_calibration_num_test,mean,4,4,0.000e+00,0.000e+00,True
strict_path_ood,s2_t2,pre_stress,posterior_calibration_num_test,std,0,0,0.000e+00,0.000e+00,True
strict_path_ood,s2_t2,pre_stress,posterior_calibration_num_test,median,4,4,0.000e+00,0.000e+00,True
strict_path_ood,s2_t2,pre_stress,posterior_calibration_num_test,iqr,0,0,0.000e+00,0.000e+00,True
strict_path_ood,s4_t2,unload_reload,sparse_observation_relative_l2,mean,0.846511435509,0.846511435509,0.000e+00,0.000e+00,True
strict_path_ood,s4_t2,unload_reload,sparse_observation_relative_l2,std,0.08749890745,0.08749890745,1.388e-17,1.388e-17,True
strict_path_ood,s4_t2,unload_reload,sparse_observation_relative_l2,median,0.844198107719,0.844198107719,0.000e+00,0.000e+00,True
strict_path_ood,s4_t2,unload_reload,sparse_observation_relative_l2,iqr,0.0595996379852,0.0595996379852,0.000e+00,0.000e+00,True
strict_path_ood,s4_t2,unload_reload,rollout_displacement_relative_l2,mean,0.849136757851,0.849136757851,0.000e+00,0.000e+00,True
strict_path_ood,s4_t2,unload_reload,rollout_displacement_relative_l2,std,0.0285030102657,0.0285030102657,0.000e+00,0.000e+00,True
strict_path_ood,s4_t2,unload_reload,rollout_displacement_relative_l2,median,0.836962878704,0.836962878704,0.000e+00,0.000e+00,True
strict_path_ood,s4_t2,unload_reload,rollout_displacement_relative_l2,iqr,0.0495950579643,0.0495950579643,0.000e+00,0.000e+00,True
strict_path_ood,s4_t2,unload_reload,material_parameter_relative_l2,mean,0.203639176488,0.203639176488,0.000e+00,0.000e+00,True
strict_path_ood,s4_t2,unload_reload,material_parameter_relative_l2,std,0.0536057110623,0.0536057110623,0.000e+00,0.000e+00,True
strict_path_ood,s4_t2,unload_reload,material_parameter_relative_l2,median,0.188717097044,0.188717097044,0.000e+00,0.000e+00,True
strict_path_ood,s4_t2,unload_reload,material_parameter_relative_l2,iqr,0.0627375543118,0.0627375543118,0.000e+00,0.000e+00,True
strict_path_ood,s4_t2,unload_reload,material_parameter_coverage_95,mean,0.170833335817,0.170833335817,0.000e+00,0.000e+00,True
strict_path_ood,s4_t2,unload_reload,material_parameter_coverage_95,std,0.123603308223,0.123603308223,0.000e+00,0.000e+00,True
strict_path_ood,s4_t2,unload_reload,material_parameter_coverage_95,median,0.208333343267,0.208333343267,0.000e+00,0.000e+00,True
strict_path_ood,s4_t2,unload_reload,material_parameter_coverage_95,iqr,0.208333332092,0.208333332092,0.000e+00,0.000e+00,True
strict_path_ood,s4_t2,unload_reload,material_parameter_ece,mean,0.646874964237,0.646874964237,0.000e+00,0.000e+00,True
strict_path_ood,s4_t2,unload_reload,material_parameter_ece,std,0.11079193285,0.11079193285,0.000e+00,0.000e+00,True
strict_path_ood,s4_t2,unload_reload,material_parameter_ece,median,0.631249964237,0.631249964237,0.000e+00,0.000e+00,True
strict_path_ood,s4_t2,unload_reload,material_parameter_ece,iqr,0.17708337307,0.17708337307,0.000e+00,0.000e+00,True
strict_path_ood,s4_t2,unload_reload,material_parameter_nll,mean,10707.7680664,10707.7680664,0.000e+00,0.000e+00,True
strict_path_ood,s4_t2,unload_reload,material_parameter_nll,std,6410.51010853,6410.51010853,0.000e+00,0.000e+00,True
strict_path_ood,s4_t2,unload_reload,material_parameter_nll,median,8979.95507812,8979.95507812,0.000e+00,0.000e+00,True
strict_path_ood,s4_t2,unload_reload,material_parameter_nll,iqr,3768.27636719,3768.27636719,0.000e+00,0.000e+00,True
strict_path_ood,s4_t2,unload_reload,calibrated_material_parameter_coverage_95,mean,0.958333349228,0.958333349228,0.000e+00,0.000e+00,True
strict_path_ood,s4_t2,unload_reload,calibrated_material_parameter_coverage_95,std,0.0721687664423,0.0721687664423,1.388e-17,1.388e-17,True
strict_path_ood,s4_t2,unload_reload,calibrated_material_parameter_coverage_95,median,1,1,0.000e+00,0.000e+00,True
strict_path_ood,s4_t2,unload_reload,calibrated_material_parameter_coverage_95,iqr,0.0416666269302,0.0416666269302,0.000e+00,0.000e+00,True
strict_path_ood,s4_t2,unload_reload,calibrated_material_parameter_ece,mean,0.16291667521,0.16291667521,0.000e+00,0.000e+00,True
strict_path_ood,s4_t2,unload_reload,calibrated_material_parameter_ece,std,0.063094409527,0.063094409527,0.000e+00,0.000e+00,True
strict_path_ood,s4_t2,unload_reload,calibrated_material_parameter_ece,median,0.191666677594,0.191666677594,0.000e+00,0.000e+00,True
strict_path_ood,s4_t2,unload_reload,calibrated_material_parameter_ece,iqr,0.0520833134651,0.0520833134651,0.000e+00,0.000e+00,True
strict_path_ood,s4_t2,unload_reload,calibrated_material_parameter_nll,mean,2.17667278647,2.17667278647,0.000e+00,0.000e+00,True
strict_path_ood,s4_t2,unload_reload,calibrated_material_parameter_nll,std,1.5549652388,1.5549652388,0.000e+00,0.000e+00,True
strict_path_ood,s4_t2,unload_reload,calibrated_material_parameter_nll,median,1.83680391312,1.83680391312,0.000e+00,0.000e+00,True
strict_path_ood,s4_t2,unload_reload,calibrated_material_parameter_nll,iqr,1.87509417534,1.87509417534,0.000e+00,0.000e+00,True
strict_path_ood,s4_t2,unload_reload,calibrated_material_parameter_spread_scale,mean,431.215274048,431.215274048,0.000e+00,0.000e+00,True
strict_path_ood,s4_t2,unload_reload,calibrated_material_parameter_spread_scale,std,285.536970584,285.536970584,0.000e+00,0.000e+00,True
strict_path_ood,s4_t2,unload_reload,calibrated_material_parameter_spread_scale,median,405.743743896,405.743743896,0.000e+00,0.000e+00,True
strict_path_ood,s4_t2,unload_reload,calibrated_material_parameter_spread_scale,iqr,57.8541870117,57.8541870117,0.000e+00,0.000e+00,True
strict_path_ood,s4_t2,unload_reload,history_relative_l2,mean,0.971461772919,0.971461772919,0.000e+00,0.000e+00,True
strict_path_ood,s4_t2,unload_reload,history_relative_l2,std,0.0368608114158,0.0368608114158,0.000e+00,0.000e+00,True
strict_path_ood,s4_t2,unload_reload,history_relative_l2,median,0.983603477478,0.983603477478,0.000e+00,0.000e+00,True
strict_path_ood,s4_t2,unload_reload,history_relative_l2,iqr,0.0562101006508,0.0562101006508,0.000e+00,0.000e+00,True
strict_path_ood,s4_t2,unload_reload,history_final_relative_l2,mean,0.215340325236,0.215340325236,0.000e+00,0.000e+00,True
strict_path_ood,s4_t2,unload_reload,history_final_relative_l2,std,0.016984729434,0.016984729434,0.000e+00,0.000e+00,True
strict_path_ood,s4_t2,unload_reload,history_final_relative_l2,median,0.214770928025,0.214770928025,0.000e+00,0.000e+00,True
strict_path_ood,s4_t2,unload_reload,history_final_relative_l2,iqr,0.0115748494864,0.0115748494864,0.000e+00,0.000e+00,True
strict_path_ood,s4_t2,unload_reload,history_coverage_95,mean,0.0541406262666,0.0541406262666,0.000e+00,0.000e+00,True
strict_path_ood,s4_t2,unload_reload,history_coverage_95,std,0.0286935228004,0.0286935228004,0.000e+00,0.000e+00,True
strict_path_ood,s4_t2,unload_reload,history_coverage_95,median,0.0611328147352,0.0611328147352,0.000e+00,0.000e+00,True
strict_path_ood,s4_t2,unload_reload,history_coverage_95,iqr,0.0374023467302,0.0374023467302,0.000e+00,0.000e+00,True
strict_path_ood,s4_t2,unload_reload,history_ece,mean,0.736772465706,0.736772465706,0.000e+00,0.000e+00,True
strict_path_ood,s4_t2,unload_reload,history_ece,std,0.0272625076632,0.0272625076632,0.000e+00,0.000e+00,True
strict_path_ood,s4_t2,unload_reload,history_ece,median,0.730590820312,0.730590820312,0.000e+00,0.000e+00,True
strict_path_ood,s4_t2,unload_reload,history_ece,iqr,0.0308349728584,0.0308349728584,0.000e+00,0.000e+00,True
strict_path_ood,s4_t2,unload_reload,history_nll,mean,3113514.625,3113514.625,0.000e+00,0.000e+00,True
strict_path_ood,s4_t2,unload_reload,history_nll,std,1307333.48144,1307333.48144,0.000e+00,0.000e+00,True
strict_path_ood,s4_t2,unload_reload,history_nll,median,2477026,2477026,0.000e+00,0.000e+00,True
strict_path_ood,s4_t2,unload_reload,history_nll,iqr,1948360.25,1948360.25,0.000e+00,0.000e+00,True
strict_path_ood,s4_t2,unload_reload,calibrated_history_coverage_95,mean,0.852011728287,0.852011728287,0.000e+00,0.000e+00,True
strict_path_ood,s4_t2,unload_reload,calibrated_history_coverage_95,std,0.0761808315072,0.0761808315072,1.388e-17,1.388e-17,True
strict_path_ood,s4_t2,unload_reload,calibrated_history_coverage_95,median,0.833203136921,0.833203136921,0.000e+00,0.000e+00,True
strict_path_ood,s4_t2,unload_reload,calibrated_history_coverage_95,iqr,0.0411133170128,0.0411133170128,0.000e+00,0.000e+00,True
strict_path_ood,s4_t2,unload_reload,calibrated_history_ece,mean,0.131909170747,0.131909170747,0.000e+00,0.000e+00,True
strict_path_ood,s4_t2,unload_reload,calibrated_history_ece,std,0.0228062473603,0.0228062473603,0.000e+00,0.000e+00,True
strict_path_ood,s4_t2,unload_reload,calibrated_history_ece,median,0.118945300579,0.118945300579,0.000e+00,0.000e+00,True
strict_path_ood,s4_t2,unload_reload,calibrated_history_ece,iqr,0.0286132842302,0.0286132842302,0.000e+00,0.000e+00,True
strict_path_ood,s4_t2,unload_reload,calibrated_history_nll,mean,541231.722339,541231.722339,0.000e+00,0.000e+00,True
strict_path_ood,s4_t2,unload_reload,calibrated_history_nll,std,1078100.22647,1078100.22647,0.000e+00,0.000e+00,True
strict_path_ood,s4_t2,unload_reload,calibrated_history_nll,median,36344.0976562,36344.0976562,0.000e+00,0.000e+00,True
strict_path_ood,s4_t2,unload_reload,calibrated_history_nll,iqr,193589.004395,193589.004395,0.000e+00,0.000e+00,True
strict_path_ood,s4_t2,unload_reload,calibrated_history_spread_scale,mean,9361.43154297,9361.43154297,0.000e+00,0.000e+00,True
strict_path_ood,s4_t2,unload_reload,calibrated_history_spread_scale,std,1427.88247821,1427.88247821,0.000e+00,0.000e+00,True
strict_path_ood,s4_t2,unload_reload,calibrated_history_spread_scale,median,10000,10000,0.000e+00,0.000e+00,True
strict_path_ood,s4_t2,unload_reload,calibrated_history_spread_scale,iqr,0,0,0.000e+00,0.000e+00,True
strict_path_ood,s4_t2,unload_reload,field_coverage_95,mean,0.0669596359134,0.0669596359134,0.000e+00,0.000e+00,True
strict_path_ood,s4_t2,unload_reload,field_coverage_95,std,0.058945185773,0.058945185773,6.939e-18,6.939e-18,True
strict_path_ood,s4_t2,unload_reload,field_coverage_95,median,0.101888023317,0.101888023317,0.000e+00,0.000e+00,True
strict_path_ood,s4_t2,unload_reload,field_coverage_95,iqr,0.10595703125,0.10595703125,0.000e+00,0.000e+00,True
strict_path_ood,s4_t2,unload_reload,field_ece,mean,0.725724291801,0.725724291801,0.000e+00,0.000e+00,True
strict_path_ood,s4_t2,unload_reload,field_ece,std,0.0549461891687,0.0549461891687,0.000e+00,0.000e+00,True
strict_path_ood,s4_t2,unload_reload,field_ece,median,0.698103845119,0.698103845119,0.000e+00,0.000e+00,True
strict_path_ood,s4_t2,unload_reload,field_ece,iqr,0.0987955927849,0.0987955927849,0.000e+00,0.000e+00,True
strict_path_ood,s4_t2,unload_reload,field_nll,mean,32315.0107422,32315.0107422,0.000e+00,0.000e+00,True
strict_path_ood,s4_t2,unload_reload,field_nll,std,13690.4218806,13690.4218806,0.000e+00,0.000e+00,True
strict_path_ood,s4_t2,unload_reload,field_nll,median,36438.578125,36438.578125,0.000e+00,0.000e+00,True
strict_path_ood,s4_t2,unload_reload,field_nll,iqr,19191.8164062,19191.8164062,0.000e+00,0.000e+00,True
strict_path_ood,s4_t2,unload_reload,field_crps,mean,0.0196433920413,0.0196433920413,0.000e+00,0.000e+00,True
strict_path_ood,s4_t2,unload_reload,field_crps,std,0.000703501200806,0.000703501200806,0.000e+00,0.000e+00,True
strict_path_ood,s4_t2,unload_reload,field_crps,median,0.0197389386594,0.0197389386594,0.000e+00,0.000e+00,True
strict_path_ood,s4_t2,unload_reload,field_crps,iqr,0.000981949269772,0.000981949269772,0.000e+00,0.000e+00,True
strict_path_ood,s4_t2,unload_reload,calibrated_field_coverage_95,mean,0.943750011921,0.943750011921,0.000e+00,0.000e+00,True
strict_path_ood,s4_t2,unload_reload,calibrated_field_coverage_95,std,0.0528670278784,0.0528670278784,0.000e+00,0.000e+00,True
strict_path_ood,s4_t2,unload_reload,calibrated_field_coverage_95,median,0.95930993557,0.95930993557,0.000e+00,0.000e+00,True
strict_path_ood,s4_t2,unload_reload,calibrated_field_coverage_95,iqr,0.0804036259651,0.0804036259651,0.000e+00,0.000e+00,True
strict_path_ood,s4_t2,unload_reload,calibrated_field_ece,mean,0.136959645152,0.136959645152,0.000e+00,0.000e+00,True
strict_path_ood,s4_t2,unload_reload,calibrated_field_ece,std,0.0488642583767,0.0488642583767,0.000e+00,0.000e+00,True
strict_path_ood,s4_t2,unload_reload,calibrated_field_ece,median,0.127213582397,0.127213582397,0.000e+00,0.000e+00,True
strict_path_ood,s4_t2,unload_reload,calibrated_field_ece,iqr,0.0684082210064,0.0684082210064,0.000e+00,0.000e+00,True
strict_path_ood,s4_t2,unload_reload,calibrated_field_nll,mean,0.162467002869,0.162467002869,0.000e+00,0.000e+00,True
strict_path_ood,s4_t2,unload_reload,calibrated_field_nll,std,1.39604782937,1.39604782937,0.000e+00,0.000e+00,True
strict_path_ood,s4_t2,unload_reload,calibrated_field_nll,median,0.169001221657,0.169001221657,0.000e+00,0.000e+00,True
strict_path_ood,s4_t2,unload_reload,calibrated_field_nll,iqr,1.85282504559,1.85282504559,0.000e+00,0.000e+00,True
strict_path_ood,s4_t2,unload_reload,calibrated_field_crps,mean,1.5137472637,1.5137472637,0.000e+00,0.000e+00,True
strict_path_ood,s4_t2,unload_reload,calibrated_field_crps,std,2.14805508137,2.14805508137,0.000e+00,0.000e+00,True
strict_path_ood,s4_t2,unload_reload,calibrated_field_crps,median,0.0566149875522,0.0566149875522,0.000e+00,0.000e+00,True
strict_path_ood,s4_t2,unload_reload,calibrated_field_crps,iqr,2.63571424782,2.63571424782,0.000e+00,0.000e+00,True
strict_path_ood,s4_t2,unload_reload,calibrated_field_spread_scale,mean,2563.3512207,2563.3512207,0.000e+00,0.000e+00,True
strict_path_ood,s4_t2,unload_reload,calibrated_field_spread_scale,std,1339.43992972,1339.43992972,0.000e+00,0.000e+00,True
strict_path_ood,s4_t2,unload_reload,calibrated_field_spread_scale,median,1977.81469727,1977.81469727,0.000e+00,0.000e+00,True
strict_path_ood,s4_t2,unload_reload,calibrated_field_spread_scale,iqr,123.23815918,123.23815918,0.000e+00,0.000e+00,True
strict_path_ood,s4_t2,unload_reload,posterior_calibration_num_calibration,mean,4,4,0.000e+00,0.000e+00,True
strict_path_ood,s4_t2,unload_reload,posterior_calibration_num_calibration,std,0,0,0.000e+00,0.000e+00,True
strict_path_ood,s4_t2,unload_reload,posterior_calibration_num_calibration,median,4,4,0.000e+00,0.000e+00,True
strict_path_ood,s4_t2,unload_reload,posterior_calibration_num_calibration,iqr,0,0,0.000e+00,0.000e+00,True
strict_path_ood,s4_t2,unload_reload,posterior_calibration_num_test,mean,4,4,0.000e+00,0.000e+00,True
strict_path_ood,s4_t2,unload_reload,posterior_calibration_num_test,std,0,0,0.000e+00,0.000e+00,True
strict_path_ood,s4_t2,unload_reload,posterior_calibration_num_test,median,4,4,0.000e+00,0.000e+00,True
strict_path_ood,s4_t2,unload_reload,posterior_calibration_num_test,iqr,0,0,0.000e+00,0.000e+00,True
strict_path_ood,s4_t2,cyclic,sparse_observation_relative_l2,mean,0.906382977962,0.906382977962,0.000e+00,0.000e+00,True
strict_path_ood,s4_t2,cyclic,sparse_observation_relative_l2,std,0.0573055884487,0.0573055884487,0.000e+00,0.000e+00,True
strict_path_ood,s4_t2,cyclic,sparse_observation_relative_l2,median,0.893133878708,0.893133878708,0.000e+00,0.000e+00,True
strict_path_ood,s4_t2,cyclic,sparse_observation_relative_l2,iqr,0.0364776849747,0.0364776849747,0.000e+00,0.000e+00,True
strict_path_ood,s4_t2,cyclic,rollout_displacement_relative_l2,mean,0.906489062309,0.906489062309,0.000e+00,0.000e+00,True
strict_path_ood,s4_t2,cyclic,rollout_displacement_relative_l2,std,0.0367942956204,0.0367942956204,0.000e+00,0.000e+00,True
strict_path_ood,s4_t2,cyclic,rollout_displacement_relative_l2,median,0.896934330463,0.896934330463,0.000e+00,0.000e+00,True
strict_path_ood,s4_t2,cyclic,rollout_displacement_relative_l2,iqr,0.0344188213348,0.0344188213348,0.000e+00,0.000e+00,True
strict_path_ood,s4_t2,cyclic,material_parameter_relative_l2,mean,0.178667956591,0.178667956591,0.000e+00,0.000e+00,True
strict_path_ood,s4_t2,cyclic,material_parameter_relative_l2,std,0.0478071009001,0.0478071009001,0.000e+00,0.000e+00,True
strict_path_ood,s4_t2,cyclic,material_parameter_relative_l2,median,0.195879518986,0.195879518986,0.000e+00,0.000e+00,True
strict_path_ood,s4_t2,cyclic,material_parameter_relative_l2,iqr,0.0715496689081,0.0715496689081,0.000e+00,0.000e+00,True
strict_path_ood,s4_t2,cyclic,material_parameter_coverage_95,mean,0.145833333582,0.145833333582,0.000e+00,0.000e+00,True
strict_path_ood,s4_t2,cyclic,material_parameter_coverage_95,std,0.268822664451,0.268822664451,5.551e-17,5.551e-17,True
strict_path_ood,s4_t2,cyclic,material_parameter_coverage_95,median,0.0208333339542,0.0208333339542,0.000e+00,0.000e+00,True
strict_path_ood,s4_t2,cyclic,material_parameter_coverage_95,iqr,0.0416666660458,0.0416666660458,0.000e+00,0.000e+00,True
strict_path_ood,s4_t2,cyclic,material_parameter_ece,mean,0.670833301544,0.670833301544,0.000e+00,0.000e+00,True
strict_path_ood,s4_t2,cyclic,material_parameter_ece,std,0.232358224196,0.232358224196,0.000e+00,0.000e+00,True
strict_path_ood,s4_t2,cyclic,material_parameter_ece,median,0.782291650772,0.782291650772,0.000e+00,0.000e+00,True
strict_path_ood,s4_t2,cyclic,material_parameter_ece,iqr,0.0364583730698,0.0364583730698,0.000e+00,0.000e+00,True
strict_path_ood,s4_t2,cyclic,material_parameter_nll,mean,20405.0958008,20405.0958008,0.000e+00,0.000e+00,True
strict_path_ood,s4_t2,cyclic,material_parameter_nll,std,35348.5087887,35348.5087887,0.000e+00,0.000e+00,True
strict_path_ood,s4_t2,cyclic,material_parameter_nll,median,3835.54760742,3835.54760742,0.000e+00,0.000e+00,True
strict_path_ood,s4_t2,cyclic,material_parameter_nll,iqr,6552.12060547,6552.12060547,0.000e+00,0.000e+00,True
strict_path_ood,s4_t2,cyclic,calibrated_material_parameter_coverage_95,mean,0.966666686535,0.966666686535,0.000e+00,0.000e+00,True
strict_path_ood,s4_t2,cyclic,calibrated_material_parameter_coverage_95,std,0.0348608225654,0.0348608225654,6.939e-18,6.939e-18,True
strict_path_ood,s4_t2,cyclic,calibrated_material_parameter_coverage_95,median,0.95833337307,0.95833337307,0.000e+00,0.000e+00,True
strict_path_ood,s4_t2,cyclic,calibrated_material_parameter_coverage_95,iqr,0.0416666269302,0.0416666269302,0.000e+00,0.000e+00,True
strict_path_ood,s4_t2,cyclic,calibrated_material_parameter_ece,mean,0.115833356977,0.115833356977,0.000e+00,0.000e+00,True
strict_path_ood,s4_t2,cyclic,calibrated_material_parameter_ece,std,0.0269467704495,0.0269467704495,0.000e+00,0.000e+00,True
strict_path_ood,s4_t2,cyclic,calibrated_material_parameter_ece,median,0.114583343267,0.114583343267,0.000e+00,0.000e+00,True
strict_path_ood,s4_t2,cyclic,calibrated_material_parameter_ece,iqr,0.0208333581686,0.0208333581686,0.000e+00,0.000e+00,True
strict_path_ood,s4_t2,cyclic,calibrated_material_parameter_nll,mean,1.97300902605,1.97300902605,0.000e+00,0.000e+00,True
strict_path_ood,s4_t2,cyclic,calibrated_material_parameter_nll,std,1.6276950837,1.6276950837,0.000e+00,0.000e+00,True
strict_path_ood,s4_t2,cyclic,calibrated_material_parameter_nll,median,1.37902832031,1.37902832031,0.000e+00,0.000e+00,True
strict_path_ood,s4_t2,cyclic,calibrated_material_parameter_nll,iqr,0.597024798393,0.597024798393,0.000e+00,0.000e+00,True
strict_path_ood,s4_t2,cyclic,calibrated_material_parameter_spread_scale,mean,287.406016541,287.406016541,0.000e+00,0.000e+00,True
strict_path_ood,s4_t2,cyclic,calibrated_material_parameter_spread_scale,std,132.861900648,132.861900648,2.842e-14,2.139e-16,True
strict_path_ood,s4_t2,cyclic,calibrated_material_parameter_spread_scale,median,259.970855713,259.970855713,0.000e+00,0.000e+00,True
strict_path_ood,s4_t2,cyclic,calibrated_material_parameter_spread_scale,iqr,206.574432373,206.574432373,0.000e+00,0.000e+00,True
strict_path_ood,s4_t2,cyclic,history_relative_l2,mean,1.19594347477,1.19594347477,0.000e+00,0.000e+00,True
strict_path_ood,s4_t2,cyclic,history_relative_l2,std,0.072792692481,0.072792692481,0.000e+00,0.000e+00,True
strict_path_ood,s4_t2,cyclic,history_relative_l2,median,1.23947441578,1.23947441578,0.000e+00,0.000e+00,True
strict_path_ood,s4_t2,cyclic,history_relative_l2,iqr,0.130511760712,0.130511760712,0.000e+00,0.000e+00,True
strict_path_ood,s4_t2,cyclic,history_final_relative_l2,mean,4.80151233673,4.80151233673,0.000e+00,0.000e+00,True
strict_path_ood,s4_t2,cyclic,history_final_relative_l2,std,0.259520207375,0.259520207375,0.000e+00,0.000e+00,True
strict_path_ood,s4_t2,cyclic,history_final_relative_l2,median,4.91477584839,4.91477584839,0.000e+00,0.000e+00,True
strict_path_ood,s4_t2,cyclic,history_final_relative_l2,iqr,0.0527701377869,0.0527701377869,0.000e+00,0.000e+00,True
strict_path_ood,s4_t2,cyclic,history_coverage_95,mean,0.0470312511548,0.0470312511548,0.000e+00,0.000e+00,True
strict_path_ood,s4_t2,cyclic,history_coverage_95,std,0.0378865901213,0.0378865901213,0.000e+00,0.000e+00,True
strict_path_ood,s4_t2,cyclic,history_coverage_95,median,0.0505859367549,0.0505859367549,0.000e+00,0.000e+00,True
strict_path_ood,s4_t2,cyclic,history_coverage_95,iqr,0.0403808616102,0.0403808616102,0.000e+00,0.000e+00,True
strict_path_ood,s4_t2,cyclic,history_ece,mean,0.743413078785,0.743413078785,0.000e+00,0.000e+00,True
strict_path_ood,s4_t2,cyclic,history_ece,std,0.0350754726533,0.0350754726533,0.000e+00,0.000e+00,True
strict_path_ood,s4_t2,cyclic,history_ece,median,0.739135742188,0.739135742188,0.000e+00,0.000e+00,True
strict_path_ood,s4_t2,cyclic,history_ece,iqr,0.0390991568565,0.0390991568565,0.000e+00,0.000e+00,True
strict_path_ood,s4_t2,cyclic,history_nll,mean,3782795.75,3782795.75,0.000e+00,0.000e+00,True
strict_path_ood,s4_t2,cyclic,history_nll,std,1993037.03341,1993037.03341,0.000e+00,0.000e+00,True
strict_path_ood,s4_t2,cyclic,history_nll,median,4239160,4239160,0.000e+00,0.000e+00,True
strict_path_ood,s4_t2,cyclic,history_nll,iqr,1689178.75,1689178.75,0.000e+00,0.000e+00,True
strict_path_ood,s4_t2,cyclic,calibrated_history_coverage_95,mean,0.847910177708,0.847910177708,0.000e+00,0.000e+00,True
strict_path_ood,s4_t2,cyclic,calibrated_history_coverage_95,std,0.0786918755299,0.0786918755299,0.000e+00,0.000e+00,True
strict_path_ood,s4_t2,cyclic,calibrated_history_coverage_95,median,0.826855480671,0.826855480671,0.000e+00,0.000e+00,True
strict_path_ood,s4_t2,cyclic,calibrated_history_coverage_95,iqr,0.04931640625,0.04931640625,0.000e+00,0.000e+00,True
strict_path_ood,s4_t2,cyclic,calibrated_history_ece,mean,0.110712882876,0.110712882876,0.000e+00,0.000e+00,True
strict_path_ood,s4_t2,cyclic,calibrated_history_ece,std,0.0186747272526,0.0186747272526,0.000e+00,0.000e+00,True
strict_path_ood,s4_t2,cyclic,calibrated_history_ece,median,0.118481427431,0.118481427431,0.000e+00,0.000e+00,True
strict_path_ood,s4_t2,cyclic,calibrated_history_ece,iqr,0.021997064352,0.021997064352,0.000e+00,0.000e+00,True
strict_path_ood,s4_t2,cyclic,calibrated_history_nll,mean,949296.202759,949296.202759,0.000e+00,0.000e+00,True
strict_path_ood,s4_t2,cyclic,calibrated_history_nll,std,1975710.07654,1975710.07654,2.328e-10,1.178e-16,True
strict_path_ood,s4_t2,cyclic,calibrated_history_nll,median,44583.1445312,44583.1445312,0.000e+00,0.000e+00,True
strict_path_ood,s4_t2,cyclic,calibrated_history_nll,iqr,146218.851562,146218.851562,0.000e+00,0.000e+00,True
strict_path_ood,s4_t2,cyclic,calibrated_history_spread_scale,mean,10000,10000,0.000e+00,0.000e+00,True
strict_path_ood,s4_t2,cyclic,calibrated_history_spread_scale,std,0,0,0.000e+00,0.000e+00,True
strict_path_ood,s4_t2,cyclic,calibrated_history_spread_scale,median,10000,10000,0.000e+00,0.000e+00,True
strict_path_ood,s4_t2,cyclic,calibrated_history_spread_scale,iqr,0,0,0.000e+00,0.000e+00,True
strict_path_ood,s4_t2,cyclic,field_coverage_95,mean,0.0413736989256,0.0413736989256,0.000e+00,0.000e+00,True
strict_path_ood,s4_t2,cyclic,field_coverage_95,std,0.0802713705252,0.0802713705252,0.000e+00,0.000e+00,True
strict_path_ood,s4_t2,cyclic,field_coverage_95,median,0.00634765625,0.00634765625,0.000e+00,0.000e+00,True
strict_path_ood,s4_t2,cyclic,field_coverage_95,iqr,0.0107421875,0.0107421875,0.000e+00,0.000e+00,True
strict_path_ood,s4_t2,cyclic,field_ece,mean,0.753304028511,0.753304028511,0.000e+00,0.000e+00,True
strict_path_ood,s4_t2,cyclic,field_ece,std,0.0683232851013,0.0683232851013,0.000e+00,0.000e+00,True
strict_path_ood,s4_t2,cyclic,field_ece,median,0.782495141029,0.782495141029,0.000e+00,0.000e+00,True
strict_path_ood,s4_t2,cyclic,field_ece,iqr,0.005615234375,0.005615234375,0.000e+00,0.000e+00,True
strict_path_ood,s4_t2,cyclic,field_nll,mean,73352.5296875,73352.5296875,0.000e+00,0.000e+00,True
strict_path_ood,s4_t2,cyclic,field_nll,std,24126.1674076,24126.1674076,3.638e-12,1.508e-16,True
strict_path_ood,s4_t2,cyclic,field_nll,median,79904.890625,79904.890625,0.000e+00,0.000e+00,True
strict_path_ood,s4_t2,cyclic,field_nll,iqr,3916.921875,3916.921875,0.000e+00,0.000e+00,True
strict_path_ood,s4_t2,cyclic,field_crps,mean,0.0254562560469,0.0254562560469,0.000e+00,0.000e+00,True
strict_path_ood,s4_t2,cyclic,field_crps,std,0.00109459458327,0.00109459458327,0.000e+00,0.000e+00,True
strict_path_ood,s4_t2,cyclic,field_crps,median,0.0254107266665,0.0254107266665,0.000e+00,0.000e+00,True
strict_path_ood,s4_t2,cyclic,field_crps,iqr,0.00068231113255,0.00068231113255,0.000e+00,0.000e+00,True
strict_path_ood,s4_t2,cyclic,calibrated_field_coverage_95,mean,0.965820336342,0.965820336342,0.000e+00,0.000e+00,True
strict_path_ood,s4_t2,cyclic,calibrated_field_coverage_95,std,0.0277094468682,0.0277094468682,0.000e+00,0.000e+00,True
strict_path_ood,s4_t2,cyclic,calibrated_field_coverage_95,median,0.96712243557,0.96712243557,0.000e+00,0.000e+00,True
strict_path_ood,s4_t2,cyclic,calibrated_field_coverage_95,iqr,0.0182291865349,0.0182291865349,0.000e+00,0.000e+00,True
strict_path_ood,s4_t2,cyclic,calibrated_field_ece,mean,0.118291035295,0.118291035295,0.000e+00,0.000e+00,True
strict_path_ood,s4_t2,cyclic,calibrated_field_ece,std,0.029709611538,0.029709611538,0.000e+00,0.000e+00,True
strict_path_ood,s4_t2,cyclic,calibrated_field_ece,median,0.117024734616,0.117024734616,0.000e+00,0.000e+00,True
strict_path_ood,s4_t2,cyclic,calibrated_field_ece,iqr,0.03173828125,0.03173828125,0.000e+00,0.000e+00,True
strict_path_ood,s4_t2,cyclic,calibrated_field_nll,mean,0.0519089281559,0.0519089281559,0.000e+00,0.000e+00,True
strict_path_ood,s4_t2,cyclic,calibrated_field_nll,std,1.89511204433,1.89511204433,0.000e+00,0.000e+00,True
strict_path_ood,s4_t2,cyclic,calibrated_field_nll,median,-0.687808394432,-0.687808394432,0.000e+00,0.000e+00,True
strict_path_ood,s4_t2,cyclic,calibrated_field_nll,iqr,1.24735084176,1.24735084176,0.000e+00,0.000e+00,True
strict_path_ood,s4_t2,cyclic,calibrated_field_crps,mean,1.43762297258,1.43762297258,0.000e+00,0.000e+00,True
strict_path_ood,s4_t2,cyclic,calibrated_field_crps,std,2.70826789411,2.70826789411,0.000e+00,0.000e+00,True
strict_path_ood,s4_t2,cyclic,calibrated_field_crps,median,0.0534154139459,0.0534154139459,0.000e+00,0.000e+00,True
strict_path_ood,s4_t2,cyclic,calibrated_field_crps,iqr,0.753731369972,0.753731369972,0.000e+00,0.000e+00,True
strict_path_ood,s4_t2,cyclic,calibrated_field_spread_scale,mean,5388.82224121,5388.82224121,0.000e+00,0.000e+00,True
strict_path_ood,s4_t2,cyclic,calibrated_field_spread_scale,std,2685.909493,2685.909493,0.000e+00,0.000e+00,True
strict_path_ood,s4_t2,cyclic,calibrated_field_spread_scale,median,6771.09082031,6771.09082031,0.000e+00,0.000e+00,True
strict_path_ood,s4_t2,cyclic,calibrated_field_spread_scale,iqr,3750.97436523,3750.97436523,0.000e+00,0.000e+00,True
strict_path_ood,s4_t2,cyclic,posterior_calibration_num_calibration,mean,4,4,0.000e+00,0.000e+00,True
strict_path_ood,s4_t2,cyclic,posterior_calibration_num_calibration,std,0,0,0.000e+00,0.000e+00,True
strict_path_ood,s4_t2,cyclic,posterior_calibration_num_calibration,median,4,4,0.000e+00,0.000e+00,True
strict_path_ood,s4_t2,cyclic,posterior_calibration_num_calibration,iqr,0,0,0.000e+00,0.000e+00,True
strict_path_ood,s4_t2,cyclic,posterior_calibration_num_test,mean,4,4,0.000e+00,0.000e+00,True
strict_path_ood,s4_t2,cyclic,posterior_calibration_num_test,std,0,0,0.000e+00,0.000e+00,True
strict_path_ood,s4_t2,cyclic,posterior_calibration_num_test,median,4,4,0.000e+00,0.000e+00,True
strict_path_ood,s4_t2,cyclic,posterior_calibration_num_test,iqr,0,0,0.000e+00,0.000e+00,True
strict_path_ood,s4_t2,nonproportional,sparse_observation_relative_l2,mean,0.828006899357,0.828006899357,0.000e+00,0.000e+00,True
strict_path_ood,s4_t2,nonproportional,sparse_observation_relative_l2,std,0.0453841969162,0.0453841969162,0.000e+00,0.000e+00,True
strict_path_ood,s4_t2,nonproportional,sparse_observation_relative_l2,median,0.845412254333,0.845412254333,0.000e+00,0.000e+00,True
strict_path_ood,s4_t2,nonproportional,sparse_observation_relative_l2,iqr,0.0590800046921,0.0590800046921,0.000e+00,0.000e+00,True
strict_path_ood,s4_t2,nonproportional,rollout_displacement_relative_l2,mean,0.857974886894,0.857974886894,0.000e+00,0.000e+00,True
strict_path_ood,s4_t2,nonproportional,rollout_displacement_relative_l2,std,0.0455202088863,0.0455202088863,0.000e+00,0.000e+00,True
strict_path_ood,s4_t2,nonproportional,rollout_displacement_relative_l2,median,0.841710031033,0.841710031033,0.000e+00,0.000e+00,True
strict_path_ood,s4_t2,nonproportional,rollout_displacement_relative_l2,iqr,0.0375376939774,0.0375376939774,0.000e+00,0.000e+00,True
strict_path_ood,s4_t2,nonproportional,material_parameter_relative_l2,mean,0.161782062054,0.161782062054,0.000e+00,0.000e+00,True
strict_path_ood,s4_t2,nonproportional,material_parameter_relative_l2,std,0.027868297915,0.027868297915,0.000e+00,0.000e+00,True
strict_path_ood,s4_t2,nonproportional,material_parameter_relative_l2,median,0.171722441912,0.171722441912,0.000e+00,0.000e+00,True
strict_path_ood,s4_t2,nonproportional,material_parameter_relative_l2,iqr,0.0434112548828,0.0434112548828,0.000e+00,0.000e+00,True
strict_path_ood,s4_t2,nonproportional,material_parameter_coverage_95,mean,0.133333335817,0.133333335817,0.000e+00,0.000e+00,True
strict_path_ood,s4_t2,nonproportional,material_parameter_coverage_95,std,0.102697982555,0.102697982555,0.000e+00,0.000e+00,True
strict_path_ood,s4_t2,nonproportional,material_parameter_coverage_95,median,0.125,0.125,0.000e+00,0.000e+00,True
strict_path_ood,s4_t2,nonproportional,material_parameter_coverage_95,iqr,0.104166664183,0.104166664183,0.000e+00,0.000e+00,True
strict_path_ood,s4_t2,nonproportional,material_parameter_ece,mean,0.686458313465,0.686458313465,0.000e+00,0.000e+00,True
strict_path_ood,s4_t2,nonproportional,material_parameter_ece,std,0.0741707464628,0.0741707464628,0.000e+00,0.000e+00,True
strict_path_ood,s4_t2,nonproportional,material_parameter_ece,median,0.683333277702,0.683333277702,0.000e+00,0.000e+00,True
strict_path_ood,s4_t2,nonproportional,material_parameter_ece,iqr,0.0520833730698,0.0520833730698,0.000e+00,0.000e+00,True
strict_path_ood,s4_t2,nonproportional,material_parameter_nll,mean,18521.5477295,18521.5477295,0.000e+00,0.000e+00,True
strict_path_ood,s4_t2,nonproportional,material_parameter_nll,std,16981.617501,16981.617501,0.000e+00,0.000e+00,True
strict_path_ood,s4_t2,nonproportional,material_parameter_nll,median,14995.7539062,14995.7539062,0.000e+00,0.000e+00,True
strict_path_ood,s4_t2,nonproportional,material_parameter_nll,iqr,30151.3916016,30151.3916016,0.000e+00,0.000e+00,True
strict_path_ood,s4_t2,nonproportional,calibrated_material_parameter_coverage_95,mean,1,1,0.000e+00,0.000e+00,True
strict_path_ood,s4_t2,nonproportional,calibrated_material_parameter_coverage_95,std,0,0,0.000e+00,0.000e+00,True
strict_path_ood,s4_t2,nonproportional,calibrated_material_parameter_coverage_95,median,1,1,0.000e+00,0.000e+00,True
strict_path_ood,s4_t2,nonproportional,calibrated_material_parameter_coverage_95,iqr,0,0,0.000e+00,0.000e+00,True
strict_path_ood,s4_t2,nonproportional,calibrated_material_parameter_ece,mean,0.181250011921,0.181250011921,0.000e+00,0.000e+00,True
strict_path_ood,s4_t2,nonproportional,calibrated_material_parameter_ece,std,0.0382732792588,0.0382732792588,0.000e+00,0.000e+00,True
strict_path_ood,s4_t2,nonproportional,calibrated_material_parameter_ece,median,0.202083349228,0.202083349228,0.000e+00,0.000e+00,True
strict_path_ood,s4_t2,nonproportional,calibrated_material_parameter_ece,iqr,0.03125,0.03125,0.000e+00,0.000e+00,True
strict_path_ood,s4_t2,nonproportional,calibrated_material_parameter_nll,mean,2.34234032631,2.34234032631,0.000e+00,0.000e+00,True
strict_path_ood,s4_t2,nonproportional,calibrated_material_parameter_nll,std,0.966138840654,0.966138840654,0.000e+00,0.000e+00,True
strict_path_ood,s4_t2,nonproportional,calibrated_material_parameter_nll,median,2.06524419785,2.06524419785,0.000e+00,0.000e+00,True
strict_path_ood,s4_t2,nonproportional,calibrated_material_parameter_nll,iqr,0.297641515732,0.297641515732,0.000e+00,0.000e+00,True
strict_path_ood,s4_t2,nonproportional,calibrated_material_parameter_spread_scale,mean,682.953640747,682.953640747,0.000e+00,0.000e+00,True
strict_path_ood,s4_t2,nonproportional,calibrated_material_parameter_spread_scale,std,484.077777384,484.077777384,0.000e+00,0.000e+00,True
strict_path_ood,s4_t2,nonproportional,calibrated_material_parameter_spread_scale,median,661.459960938,661.459960938,0.000e+00,0.000e+00,True
strict_path_ood,s4_t2,nonproportional,calibrated_material_parameter_spread_scale,iqr,572.502105713,572.502105713,0.000e+00,0.000e+00,True
strict_path_ood,s4_t2,nonproportional,history_relative_l2,mean,0.994862723351,0.994862723351,0.000e+00,0.000e+00,True
strict_path_ood,s4_t2,nonproportional,history_relative_l2,std,0.0201525866187,0.0201525866187,3.469e-18,3.469e-18,True
strict_path_ood,s4_t2,nonproportional,history_relative_l2,median,0.991179406643,0.991179406643,0.000e+00,0.000e+00,True
strict_path_ood,s4_t2,nonproportional,history_relative_l2,iqr,0.0180824995041,0.0180824995041,0.000e+00,0.000e+00,True
strict_path_ood,s4_t2,nonproportional,history_final_relative_l2,mean,2.72974476814,2.72974476814,0.000e+00,0.000e+00,True
strict_path_ood,s4_t2,nonproportional,history_final_relative_l2,std,0.0568490831501,0.0568490831501,0.000e+00,0.000e+00,True
strict_path_ood,s4_t2,nonproportional,history_final_relative_l2,median,2.7408080101,2.7408080101,0.000e+00,0.000e+00,True
strict_path_ood,s4_t2,nonproportional,history_final_relative_l2,iqr,0.0198035240173,0.0198035240173,0.000e+00,0.000e+00,True
strict_path_ood,s4_t2,nonproportional,history_coverage_95,mean,0.033245966956,0.033245966956,0.000e+00,0.000e+00,True
strict_path_ood,s4_t2,nonproportional,history_coverage_95,std,0.0245183996846,0.0245183996846,0.000e+00,0.000e+00,True
strict_path_ood,s4_t2,nonproportional,history_coverage_95,median,0.0252016130835,0.0252016130835,0.000e+00,0.000e+00,True
strict_path_ood,s4_t2,nonproportional,history_coverage_95,iqr,0.0222782250494,0.0222782250494,0.000e+00,0.000e+00,True
strict_path_ood,s4_t2,nonproportional,history_ece,mean,0.758127486706,0.758127486706,0.000e+00,0.000e+00,True
strict_path_ood,s4_t2,nonproportional,history_ece,std,0.0220511139894,0.0220511139894,3.469e-18,3.469e-18,True
strict_path_ood,s4_t2,nonproportional,history_ece,median,0.764238893986,0.764238893986,0.000e+00,0.000e+00,True
strict_path_ood,s4_t2,nonproportional,history_ece,iqr,0.0133190751076,0.0133190751076,0.000e+00,0.000e+00,True
strict_path_ood,s4_t2,nonproportional,history_nll,mean,3935315.75,3935315.75,0.000e+00,0.000e+00,True
strict_path_ood,s4_t2,nonproportional,history_nll,std,846297.488997,846297.488997,0.000e+00,0.000e+00,True
strict_path_ood,s4_t2,nonproportional,history_nll,median,3785452.5,3785452.5,0.000e+00,0.000e+00,True
strict_path_ood,s4_t2,nonproportional,history_nll,iqr,1436167.5,1436167.5,0.000e+00,0.000e+00,True
strict_path_ood,s4_t2,nonproportional,calibrated_history_coverage_95,mean,0.839657258987,0.839657258987,0.000e+00,0.000e+00,True
strict_path_ood,s4_t2,nonproportional,calibrated_history_coverage_95,std,0.0335233036068,0.0335233036068,0.000e+00,0.000e+00,True
strict_path_ood,s4_t2,nonproportional,calibrated_history_coverage_95,median,0.843245983124,0.843245983124,0.000e+00,0.000e+00,True
strict_path_ood,s4_t2,nonproportional,calibrated_history_coverage_95,iqr,0.0140120983124,0.0140120983124,0.000e+00,0.000e+00,True
strict_path_ood,s4_t2,nonproportional,calibrated_history_ece,mean,0.0988810375333,0.0988810375333,0.000e+00,0.000e+00,True
strict_path_ood,s4_t2,nonproportional,calibrated_history_ece,std,0.0330121376391,0.0330121376391,0.000e+00,0.000e+00,True
strict_path_ood,s4_t2,nonproportional,calibrated_history_ece,median,0.110307440162,0.110307440162,0.000e+00,0.000e+00,True
strict_path_ood,s4_t2,nonproportional,calibrated_history_ece,iqr,0.0459173321724,0.0459173321724,0.000e+00,0.000e+00,True
strict_path_ood,s4_t2,nonproportional,calibrated_history_nll,mean,844440.351562,844440.351562,0.000e+00,0.000e+00,True
strict_path_ood,s4_t2,nonproportional,calibrated_history_nll,std,1450681.69723,1450681.69723,0.000e+00,0.000e+00,True
strict_path_ood,s4_t2,nonproportional,calibrated_history_nll,median,295555.65625,295555.65625,0.000e+00,0.000e+00,True
strict_path_ood,s4_t2,nonproportional,calibrated_history_nll,iqr,189576.796875,189576.796875,0.000e+00,0.000e+00,True
strict_path_ood,s4_t2,nonproportional,calibrated_history_spread_scale,mean,10000,10000,0.000e+00,0.000e+00,True
strict_path_ood,s4_t2,nonproportional,calibrated_history_spread_scale,std,0,0,0.000e+00,0.000e+00,True
strict_path_ood,s4_t2,nonproportional,calibrated_history_spread_scale,median,10000,10000,0.000e+00,0.000e+00,True
strict_path_ood,s4_t2,nonproportional,calibrated_history_spread_scale,iqr,0,0,0.000e+00,0.000e+00,True
strict_path_ood,s4_t2,nonproportional,field_coverage_95,mean,0.0490234404802,0.0490234404802,0.000e+00,0.000e+00,True
strict_path_ood,s4_t2,nonproportional,field_coverage_95,std,0.0518157995921,0.0518157995921,6.939e-18,6.939e-18,True
strict_path_ood,s4_t2,nonproportional,field_coverage_95,median,0.044921875,0.044921875,0.000e+00,0.000e+00,True
strict_path_ood,s4_t2,nonproportional,field_coverage_95,iqr,0.0670572966337,0.0670572966337,0.000e+00,0.000e+00,True
strict_path_ood,s4_t2,nonproportional,field_ece,mean,0.751961231232,0.751961231232,0.000e+00,0.000e+00,True
strict_path_ood,s4_t2,nonproportional,field_ece,std,0.036397713748,0.036397713748,0.000e+00,0.000e+00,True
strict_path_ood,s4_t2,nonproportional,field_ece,median,0.74717605114,0.74717605114,0.000e+00,0.000e+00,True
strict_path_ood,s4_t2,nonproportional,field_ece,iqr,0.0417073965073,0.0417073965073,0.000e+00,0.000e+00,True
strict_path_ood,s4_t2,nonproportional,field_nll,mean,77866.8865234,77866.8865234,0.000e+00,0.000e+00,True
strict_path_ood,s4_t2,nonproportional,field_nll,std,41092.9294362,41092.9294362,0.000e+00,0.000e+00,True
strict_path_ood,s4_t2,nonproportional,field_nll,median,77669.1875,77669.1875,0.000e+00,0.000e+00,True
strict_path_ood,s4_t2,nonproportional,field_nll,iqr,40689.65625,40689.65625,0.000e+00,0.000e+00,True
strict_path_ood,s4_t2,nonproportional,field_crps,mean,0.030320269987,0.030320269987,0.000e+00,0.000e+00,True
strict_path_ood,s4_t2,nonproportional,field_crps,std,0.0011599417271,0.0011599417271,0.000e+00,0.000e+00,True
strict_path_ood,s4_t2,nonproportional,field_crps,median,0.0302222631872,0.0302222631872,0.000e+00,0.000e+00,True
strict_path_ood,s4_t2,nonproportional,field_crps,iqr,0.00145567767322,0.00145567767322,0.000e+00,0.000e+00,True
strict_path_ood,s4_t2,nonproportional,calibrated_field_coverage_95,mean,0.950325548649,0.950325548649,0.000e+00,0.000e+00,True
strict_path_ood,s4_t2,nonproportional,calibrated_field_coverage_95,std,0.0229077306284,0.0229077306284,0.000e+00,0.000e+00,True
strict_path_ood,s4_t2,nonproportional,calibrated_field_coverage_95,median,0.941080749035,0.941080749035,0.000e+00,0.000e+00,True
strict_path_ood,s4_t2,nonproportional,calibrated_field_coverage_95,iqr,0.0390625,0.0390625,0.000e+00,0.000e+00,True
strict_path_ood,s4_t2,nonproportional,calibrated_field_ece,mean,0.115729185939,0.115729185939,0.000e+00,0.000e+00,True
strict_path_ood,s4_t2,nonproportional,calibrated_field_ece,std,0.044147633219,0.044147633219,0.000e+00,0.000e+00,True
strict_path_ood,s4_t2,nonproportional,calibrated_field_ece,median,0.12003582716,0.12003582716,0.000e+00,0.000e+00,True
strict_path_ood,s4_t2,nonproportional,calibrated_field_ece,iqr,0.0131998956203,0.0131998956203,0.000e+00,0.000e+00,True
strict_path_ood,s4_t2,nonproportional,calibrated_field_nll,mean,0.240248894691,0.240248894691,0.000e+00,0.000e+00,True
strict_path_ood,s4_t2,nonproportional,calibrated_field_nll,std,1.16232054422,1.16232054422,0.000e+00,0.000e+00,True
strict_path_ood,s4_t2,nonproportional,calibrated_field_nll,median,-0.241072654724,-0.241072654724,0.000e+00,0.000e+00,True
strict_path_ood,s4_t2,nonproportional,calibrated_field_nll,iqr,1.3799084425,1.3799084425,0.000e+00,0.000e+00,True
strict_path_ood,s4_t2,nonproportional,calibrated_field_crps,mean,1.36495489627,1.36495489627,0.000e+00,0.000e+00,True
strict_path_ood,s4_t2,nonproportional,calibrated_field_crps,std,1.8949178543,1.8949178543,0.000e+00,0.000e+00,True
strict_path_ood,s4_t2,nonproportional,calibrated_field_crps,median,0.947545707226,0.947545707226,0.000e+00,0.000e+00,True
strict_path_ood,s4_t2,nonproportional,calibrated_field_crps,iqr,0.889078661799,0.889078661799,0.000e+00,0.000e+00,True
strict_path_ood,s4_t2,nonproportional,calibrated_field_spread_scale,mean,4795.88955078,4795.88955078,0.000e+00,0.000e+00,True
strict_path_ood,s4_t2,nonproportional,calibrated_field_spread_scale,std,2600.89322069,2600.89322069,0.000e+00,0.000e+00,True
strict_path_ood,s4_t2,nonproportional,calibrated_field_spread_scale,median,4861.33886719,4861.33886719,0.000e+00,0.000e+00,True
strict_path_ood,s4_t2,nonproportional,calibrated_field_spread_scale,iqr,2353.53295898,2353.53295898,0.000e+00,0.000e+00,True
strict_path_ood,s4_t2,nonproportional,posterior_calibration_num_calibration,mean,4,4,0.000e+00,0.000e+00,True
strict_path_ood,s4_t2,nonproportional,posterior_calibration_num_calibration,std,0,0,0.000e+00,0.000e+00,True
strict_path_ood,s4_t2,nonproportional,posterior_calibration_num_calibration,median,4,4,0.000e+00,0.000e+00,True
strict_path_ood,s4_t2,nonproportional,posterior_calibration_num_calibration,iqr,0,0,0.000e+00,0.000e+00,True
strict_path_ood,s4_t2,nonproportional,posterior_calibration_num_test,mean,4,4,0.000e+00,0.000e+00,True
strict_path_ood,s4_t2,nonproportional,posterior_calibration_num_test,std,0,0,0.000e+00,0.000e+00,True
strict_path_ood,s4_t2,nonproportional,posterior_calibration_num_test,median,4,4,0.000e+00,0.000e+00,True
strict_path_ood,s4_t2,nonproportional,posterior_calibration_num_test,iqr,0,0,0.000e+00,0.000e+00,True
strict_path_ood,s4_t2,random_amplitude,sparse_observation_relative_l2,mean,0.878138458729,0.878138458729,0.000e+00,0.000e+00,True
strict_path_ood,s4_t2,random_amplitude,sparse_observation_relative_l2,std,0.126077655538,0.126077655538,0.000e+00,0.000e+00,True
strict_path_ood,s4_t2,random_amplitude,sparse_observation_relative_l2,median,0.911100745201,0.911100745201,0.000e+00,0.000e+00,True
strict_path_ood,s4_t2,random_amplitude,sparse_observation_relative_l2,iqr,0.0443246364594,0.0443246364594,0.000e+00,0.000e+00,True
strict_path_ood,s4_t2,random_amplitude,rollout_displacement_relative_l2,mean,0.848453128338,0.848453128338,0.000e+00,0.000e+00,True
strict_path_ood,s4_t2,random_amplitude,rollout_displacement_relative_l2,std,0.0355538332208,0.0355538332208,0.000e+00,0.000e+00,True
strict_path_ood,s4_t2,random_amplitude,rollout_displacement_relative_l2,median,0.841470658779,0.841470658779,0.000e+00,0.000e+00,True
strict_path_ood,s4_t2,random_amplitude,rollout_displacement_relative_l2,iqr,0.0666301250458,0.0666301250458,0.000e+00,0.000e+00,True
strict_path_ood,s4_t2,random_amplitude,material_parameter_relative_l2,mean,0.218196311593,0.218196311593,0.000e+00,0.000e+00,True
strict_path_ood,s4_t2,random_amplitude,material_parameter_relative_l2,std,0.0309622558794,0.0309622558794,0.000e+00,0.000e+00,True
strict_path_ood,s4_t2,random_amplitude,material_parameter_relative_l2,median,0.225685074925,0.225685074925,0.000e+00,0.000e+00,True
strict_path_ood,s4_t2,random_amplitude,material_parameter_relative_l2,iqr,0.0351723879576,0.0351723879576,0.000e+00,0.000e+00,True
strict_path_ood,s4_t2,random_amplitude,material_parameter_coverage_95,mean,0.154166667908,0.154166667908,0.000e+00,0.000e+00,True
strict_path_ood,s4_t2,random_amplitude,material_parameter_coverage_95,std,0.146279080503,0.146279080503,0.000e+00,0.000e+00,True
strict_path_ood,s4_t2,random_amplitude,material_parameter_coverage_95,median,0.166666671634,0.166666671634,0.000e+00,0.000e+00,True
strict_path_ood,s4_t2,random_amplitude,material_parameter_coverage_95,iqr,0.166666666046,0.166666666046,0.000e+00,0.000e+00,True
strict_path_ood,s4_t2,random_amplitude,material_parameter_ece,mean,0.666666644812,0.666666644812,0.000e+00,0.000e+00,True
strict_path_ood,s4_t2,random_amplitude,material_parameter_ece,std,0.126906046085,0.126906046085,0.000e+00,0.000e+00,True
strict_path_ood,s4_t2,random_amplitude,material_parameter_ece,median,0.667708337307,0.667708337307,0.000e+00,0.000e+00,True
strict_path_ood,s4_t2,random_amplitude,material_parameter_ece,iqr,0.11458337307,0.11458337307,0.000e+00,0.000e+00,True
strict_path_ood,s4_t2,random_amplitude,material_parameter_nll,mean,103302.808936,103302.808936,0.000e+00,0.000e+00,True
strict_path_ood,s4_t2,random_amplitude,material_parameter_nll,std,140415.395326,140415.395326,0.000e+00,0.000e+00,True
strict_path_ood,s4_t2,random_amplitude,material_parameter_nll,median,16692.890625,16692.890625,0.000e+00,0.000e+00,True
strict_path_ood,s4_t2,random_amplitude,material_parameter_nll,iqr,171578.486572,171578.486572,0.000e+00,0.000e+00,True
strict_path_ood,s4_t2,random_amplitude,calibrated_material_parameter_coverage_95,mean,0.966666674614,0.966666674614,0.000e+00,0.000e+00,True
strict_path_ood,s4_t2,random_amplitude,calibrated_material_parameter_coverage_95,std,0.0456435355765,0.0456435355765,0.000e+00,0.000e+00,True
strict_path_ood,s4_t2,random_amplitude,calibrated_material_parameter_coverage_95,median,1,1,0.000e+00,0.000e+00,True
strict_path_ood,s4_t2,random_amplitude,calibrated_material_parameter_coverage_95,iqr,0.0833333134651,0.0833333134651,0.000e+00,0.000e+00,True
strict_path_ood,s4_t2,random_amplitude,calibrated_material_parameter_ece,mean,0.154583343863,0.154583343863,0.000e+00,0.000e+00,True
strict_path_ood,s4_t2,random_amplitude,calibrated_material_parameter_ece,std,0.0395119995903,0.0395119995903,0.000e+00,0.000e+00,True
strict_path_ood,s4_t2,random_amplitude,calibrated_material_parameter_ece,median,0.135416671634,0.135416671634,0.000e+00,0.000e+00,True
strict_path_ood,s4_t2,random_amplitude,calibrated_material_parameter_ece,iqr,0.0625,0.0625,0.000e+00,0.000e+00,True
strict_path_ood,s4_t2,random_amplitude,calibrated_material_parameter_nll,mean,2.70654112101,2.70654112101,0.000e+00,0.000e+00,True
strict_path_ood,s4_t2,random_amplitude,calibrated_material_parameter_nll,std,1.81607862863,1.81607862863,0.000e+00,0.000e+00,True
strict_path_ood,s4_t2,random_amplitude,calibrated_material_parameter_nll,median,2.1363799572,2.1363799572,0.000e+00,0.000e+00,True
strict_path_ood,s4_t2,random_amplitude,calibrated_material_parameter_nll,iqr,0.93224298954,0.93224298954,0.000e+00,0.000e+00,True
strict_path_ood,s4_t2,random_amplitude,calibrated_material_parameter_spread_scale,mean,804.007504272,804.007504272,0.000e+00,0.000e+00,True
strict_path_ood,s4_t2,random_amplitude,calibrated_material_parameter_spread_scale,std,707.943032922,707.943032922,0.000e+00,0.000e+00,True
strict_path_ood,s4_t2,random_amplitude,calibrated_material_parameter_spread_scale,median,398.601287842,398.601287842,0.000e+00,0.000e+00,True
strict_path_ood,s4_t2,random_amplitude,calibrated_material_parameter_spread_scale,iqr,1076.65805054,1076.65805054,0.000e+00,0.000e+00,True
strict_path_ood,s4_t2,random_amplitude,history_relative_l2,mean,0.936334455013,0.936334455013,0.000e+00,0.000e+00,True
strict_path_ood,s4_t2,random_amplitude,history_relative_l2,std,0.0222168563902,0.0222168563902,3.469e-18,3.469e-18,True
strict_path_ood,s4_t2,random_amplitude,history_relative_l2,median,0.934768378735,0.934768378735,0.000e+00,0.000e+00,True
strict_path_ood,s4_t2,random_amplitude,history_relative_l2,iqr,0.00632321834564,0.00632321834564,0.000e+00,0.000e+00,True
strict_path_ood,s4_t2,random_amplitude,history_final_relative_l2,mean,0.253261843324,0.253261843324,0.000e+00,0.000e+00,True
strict_path_ood,s4_t2,random_amplitude,history_final_relative_l2,std,0.0104415968943,0.0104415968943,1.735e-18,1.735e-18,True
strict_path_ood,s4_t2,random_amplitude,history_final_relative_l2,median,0.24954277277,0.24954277277,0.000e+00,0.000e+00,True
strict_path_ood,s4_t2,random_amplitude,history_final_relative_l2,iqr,0.015107139945,0.015107139945,0.000e+00,0.000e+00,True
strict_path_ood,s4_t2,random_amplitude,history_coverage_95,mean,0.0590178575367,0.0590178575367,0.000e+00,0.000e+00,True
strict_path_ood,s4_t2,random_amplitude,history_coverage_95,std,0.034692508376,0.034692508376,0.000e+00,0.000e+00,True
strict_path_ood,s4_t2,random_amplitude,history_coverage_95,median,0.0586805567145,0.0586805567145,0.000e+00,0.000e+00,True
strict_path_ood,s4_t2,random_amplitude,history_coverage_95,iqr,0.0314980149269,0.0314980149269,0.000e+00,0.000e+00,True
strict_path_ood,s4_t2,random_amplitude,history_ece,mean,0.73294147253,0.73294147253,0.000e+00,0.000e+00,True
strict_path_ood,s4_t2,random_amplitude,history_ece,std,0.0321620116074,0.0321620116074,0.000e+00,0.000e+00,True
strict_path_ood,s4_t2,random_amplitude,history_ece,median,0.737028717995,0.737028717995,0.000e+00,0.000e+00,True
strict_path_ood,s4_t2,random_amplitude,history_ece,iqr,0.0281870365143,0.0281870365143,0.000e+00,0.000e+00,True
strict_path_ood,s4_t2,random_amplitude,history_nll,mean,2901678.7,2901678.7,0.000e+00,0.000e+00,True
strict_path_ood,s4_t2,random_amplitude,history_nll,std,1354274.09395,1354274.09395,2.328e-10,1.719e-16,True
strict_path_ood,s4_t2,random_amplitude,history_nll,median,2864442.5,2864442.5,0.000e+00,0.000e+00,True
strict_path_ood,s4_t2,random_amplitude,history_nll,iqr,2125797.5,2125797.5,0.000e+00,0.000e+00,True
strict_path_ood,s4_t2,random_amplitude,calibrated_history_coverage_95,mean,0.859384942055,0.859384942055,0.000e+00,0.000e+00,True
strict_path_ood,s4_t2,random_amplitude,calibrated_history_coverage_95,std,0.0579914572581,0.0579914572581,0.000e+00,0.000e+00,True
strict_path_ood,s4_t2,random_amplitude,calibrated_history_coverage_95,median,0.825297653675,0.825297653675,0.000e+00,0.000e+00,True
strict_path_ood,s4_t2,random_amplitude,calibrated_history_coverage_95,iqr,0.0695436000824,0.0695436000824,0.000e+00,0.000e+00,True
strict_path_ood,s4_t2,random_amplitude,calibrated_history_ece,mean,0.102906739712,0.102906739712,0.000e+00,0.000e+00,True
strict_path_ood,s4_t2,random_amplitude,calibrated_history_ece,std,0.0218124282689,0.0218124282689,0.000e+00,0.000e+00,True
strict_path_ood,s4_t2,random_amplitude,calibrated_history_ece,median,0.112574398518,0.112574398518,0.000e+00,0.000e+00,True
strict_path_ood,s4_t2,random_amplitude,calibrated_history_ece,iqr,0.0100198537111,0.0100198537111,0.000e+00,0.000e+00,True
strict_path_ood,s4_t2,random_amplitude,calibrated_history_nll,mean,628881.234473,628881.234473,0.000e+00,0.000e+00,True
strict_path_ood,s4_t2,random_amplitude,calibrated_history_nll,std,1108313.02338,1108313.02338,2.328e-10,2.101e-16,True
strict_path_ood,s4_t2,random_amplitude,calibrated_history_nll,median,183145.09375,183145.09375,0.000e+00,0.000e+00,True
strict_path_ood,s4_t2,random_amplitude,calibrated_history_nll,iqr,356146.320312,356146.320312,0.000e+00,0.000e+00,True
strict_path_ood,s4_t2,random_amplitude,calibrated_history_spread_scale,mean,10000,10000,0.000e+00,0.000e+00,True
strict_path_ood,s4_t2,random_amplitude,calibrated_history_spread_scale,std,0,0,0.000e+00,0.000e+00,True
strict_path_ood,s4_t2,random_amplitude,calibrated_history_spread_scale,median,10000,10000,0.000e+00,0.000e+00,True
strict_path_ood,s4_t2,random_amplitude,calibrated_history_spread_scale,iqr,0,0,0.000e+00,0.000e+00,True
strict_path_ood,s4_t2,random_amplitude,field_coverage_95,mean,0.0518229179434,0.0518229179434,0.000e+00,0.000e+00,True
strict_path_ood,s4_t2,random_amplitude,field_coverage_95,std,0.0542247025037,0.0542247025037,0.000e+00,0.000e+00,True
strict_path_ood,s4_t2,random_amplitude,field_coverage_95,median,0.0538736991584,0.0538736991584,0.000e+00,0.000e+00,True
strict_path_ood,s4_t2,random_amplitude,field_coverage_95,iqr,0.0672200568952,0.0672200568952,0.000e+00,0.000e+00,True
strict_path_ood,s4_t2,random_amplitude,field_ece,mean,0.744401025772,0.744401025772,0.000e+00,0.000e+00,True
strict_path_ood,s4_t2,random_amplitude,field_ece,std,0.0482085106323,0.0482085106323,0.000e+00,0.000e+00,True
strict_path_ood,s4_t2,random_amplitude,field_ece,median,0.751082360744,0.751082360744,0.000e+00,0.000e+00,True
strict_path_ood,s4_t2,random_amplitude,field_ece,iqr,0.0564778447151,0.0564778447151,0.000e+00,0.000e+00,True
strict_path_ood,s4_t2,random_amplitude,field_nll,mean,53627.9582031,53627.9582031,0.000e+00,0.000e+00,True
strict_path_ood,s4_t2,random_amplitude,field_nll,std,20980.6853627,20980.6853627,0.000e+00,0.000e+00,True
strict_path_ood,s4_t2,random_amplitude,field_nll,median,60956.859375,60956.859375,0.000e+00,0.000e+00,True
strict_path_ood,s4_t2,random_amplitude,field_nll,iqr,40329.3847656,40329.3847656,0.000e+00,0.000e+00,True
strict_path_ood,s4_t2,random_amplitude,field_crps,mean,0.0258473213762,0.0258473213762,0.000e+00,0.000e+00,True
strict_path_ood,s4_t2,random_amplitude,field_crps,std,0.00111797593773,0.00111797593773,0.000e+00,0.000e+00,True
strict_path_ood,s4_t2,random_amplitude,field_crps,median,0.0262031145394,0.0262031145394,0.000e+00,0.000e+00,True
strict_path_ood,s4_t2,random_amplitude,field_crps,iqr,0.00191906280816,0.00191906280816,0.000e+00,0.000e+00,True
strict_path_ood,s4_t2,random_amplitude,calibrated_field_coverage_95,mean,0.903906261921,0.903906261921,0.000e+00,0.000e+00,True
strict_path_ood,s4_t2,random_amplitude,calibrated_field_coverage_95,std,0.160093288701,0.160093288701,0.000e+00,0.000e+00,True
strict_path_ood,s4_t2,random_amplitude,calibrated_field_coverage_95,median,0.96484375,0.96484375,0.000e+00,0.000e+00,True
strict_path_ood,s4_t2,random_amplitude,calibrated_field_coverage_95,iqr,0.0579426884651,0.0579426884651,0.000e+00,0.000e+00,True
strict_path_ood,s4_t2,random_amplitude,calibrated_field_ece,mean,0.169960942864,0.169960942864,0.000e+00,0.000e+00,True
strict_path_ood,s4_t2,random_amplitude,calibrated_field_ece,std,0.0534553574967,0.0534553574967,0.000e+00,0.000e+00,True
strict_path_ood,s4_t2,random_amplitude,calibrated_field_ece,median,0.151709005237,0.151709005237,0.000e+00,0.000e+00,True
strict_path_ood,s4_t2,random_amplitude,calibrated_field_ece,iqr,0.0687825679779,0.0687825679779,0.000e+00,0.000e+00,True
strict_path_ood,s4_t2,random_amplitude,calibrated_field_nll,mean,1.93262814581,1.93262814581,0.000e+00,0.000e+00,True
strict_path_ood,s4_t2,random_amplitude,calibrated_field_nll,std,3.10426221064,3.10426221064,4.441e-16,1.431e-16,True
strict_path_ood,s4_t2,random_amplitude,calibrated_field_nll,median,1.41508507729,1.41508507729,0.000e+00,0.000e+00,True
strict_path_ood,s4_t2,random_amplitude,calibrated_field_nll,iqr,3.44282488525,3.44282488525,0.000e+00,0.000e+00,True
strict_path_ood,s4_t2,random_amplitude,calibrated_field_crps,mean,2.22336555459,2.22336555459,0.000e+00,0.000e+00,True
strict_path_ood,s4_t2,random_amplitude,calibrated_field_crps,std,3.1034521949,3.1034521949,0.000e+00,0.000e+00,True
strict_path_ood,s4_t2,random_amplitude,calibrated_field_crps,median,0.127737239003,0.127737239003,0.000e+00,0.000e+00,True
strict_path_ood,s4_t2,random_amplitude,calibrated_field_crps,iqr,4.1160912253,4.1160912253,0.000e+00,0.000e+00,True
strict_path_ood,s4_t2,random_amplitude,calibrated_field_spread_scale,mean,3795.03566895,3795.03566895,0.000e+00,0.000e+00,True
strict_path_ood,s4_t2,random_amplitude,calibrated_field_spread_scale,std,2054.34015297,2054.34015297,0.000e+00,0.000e+00,True
strict_path_ood,s4_t2,random_amplitude,calibrated_field_spread_scale,median,4523.2578125,4523.2578125,0.000e+00,0.000e+00,True
strict_path_ood,s4_t2,random_amplitude,calibrated_field_spread_scale,iqr,2514.27587891,2514.27587891,0.000e+00,0.000e+00,True
strict_path_ood,s4_t2,random_amplitude,posterior_calibration_num_calibration,mean,4,4,0.000e+00,0.000e+00,True
strict_path_ood,s4_t2,random_amplitude,posterior_calibration_num_calibration,std,0,0,0.000e+00,0.000e+00,True
strict_path_ood,s4_t2,random_amplitude,posterior_calibration_num_calibration,median,4,4,0.000e+00,0.000e+00,True
strict_path_ood,s4_t2,random_amplitude,posterior_calibration_num_calibration,iqr,0,0,0.000e+00,0.000e+00,True
strict_path_ood,s4_t2,random_amplitude,posterior_calibration_num_test,mean,4,4,0.000e+00,0.000e+00,True
strict_path_ood,s4_t2,random_amplitude,posterior_calibration_num_test,std,0,0,0.000e+00,0.000e+00,True
strict_path_ood,s4_t2,random_amplitude,posterior_calibration_num_test,median,4,4,0.000e+00,0.000e+00,True
strict_path_ood,s4_t2,random_amplitude,posterior_calibration_num_test,iqr,0,0,0.000e+00,0.000e+00,True
strict_path_ood,s4_t2,pre_stress,sparse_observation_relative_l2,mean,1.24353604317,1.24353604317,0.000e+00,0.000e+00,True
strict_path_ood,s4_t2,pre_stress,sparse_observation_relative_l2,std,0.473250237633,0.473250237633,0.000e+00,0.000e+00,True
strict_path_ood,s4_t2,pre_stress,sparse_observation_relative_l2,median,1.13958859444,1.13958859444,0.000e+00,0.000e+00,True
strict_path_ood,s4_t2,pre_stress,sparse_observation_relative_l2,iqr,0.622277200222,0.622277200222,0.000e+00,0.000e+00,True
strict_path_ood,s4_t2,pre_stress,rollout_displacement_relative_l2,mean,0.890621364117,0.890621364117,0.000e+00,0.000e+00,True
strict_path_ood,s4_t2,pre_stress,rollout_displacement_relative_l2,std,0.0344133178304,0.0344133178304,0.000e+00,0.000e+00,True
strict_path_ood,s4_t2,pre_stress,rollout_displacement_relative_l2,median,0.889503240585,0.889503240585,0.000e+00,0.000e+00,True
strict_path_ood,s4_t2,pre_stress,rollout_displacement_relative_l2,iqr,0.026397049427,0.026397049427,0.000e+00,0.000e+00,True
strict_path_ood,s4_t2,pre_stress,material_parameter_relative_l2,mean,0.185289189219,0.185289189219,0.000e+00,0.000e+00,True
strict_path_ood,s4_t2,pre_stress,material_parameter_relative_l2,std,0.0351239498297,0.0351239498297,0.000e+00,0.000e+00,True
strict_path_ood,s4_t2,pre_stress,material_parameter_relative_l2,median,0.169773817062,0.169773817062,0.000e+00,0.000e+00,True
strict_path_ood,s4_t2,pre_stress,material_parameter_relative_l2,iqr,0.0602196007967,0.0602196007967,0.000e+00,0.000e+00,True
strict_path_ood,s4_t2,pre_stress,material_parameter_coverage_95,mean,0.154166668653,0.154166668653,0.000e+00,0.000e+00,True
strict_path_ood,s4_t2,pre_stress,material_parameter_coverage_95,std,0.156319431866,0.156319431866,0.000e+00,0.000e+00,True
strict_path_ood,s4_t2,pre_stress,material_parameter_coverage_95,median,0.0625,0.0625,0.000e+00,0.000e+00,True
strict_path_ood,s4_t2,pre_stress,material_parameter_coverage_95,iqr,0.25,0.25,0.000e+00,0.000e+00,True
strict_path_ood,s4_t2,pre_stress,material_parameter_ece,mean,0.655208289623,0.655208289623,0.000e+00,0.000e+00,True
strict_path_ood,s4_t2,pre_stress,material_parameter_ece,std,0.131276858976,0.131276858976,0.000e+00,0.000e+00,True
strict_path_ood,s4_t2,pre_stress,material_parameter_ece,median,0.730208277702,0.730208277702,0.000e+00,0.000e+00,True
strict_path_ood,s4_t2,pre_stress,material_parameter_ece,iqr,0.203125,0.203125,0.000e+00,0.000e+00,True
strict_path_ood,s4_t2,pre_stress,material_parameter_nll,mean,45067.6756836,45067.6756836,0.000e+00,0.000e+00,True
strict_path_ood,s4_t2,pre_stress,material_parameter_nll,std,55091.8539865,55091.8539865,7.276e-12,1.321e-16,True
strict_path_ood,s4_t2,pre_stress,material_parameter_nll,median,14502.2949219,14502.2949219,0.000e+00,0.000e+00,True
strict_path_ood,s4_t2,pre_stress,material_parameter_nll,iqr,72460.3583984,72460.3583984,0.000e+00,0.000e+00,True
strict_path_ood,s4_t2,pre_stress,calibrated_material_parameter_coverage_95,mean,0.941666686535,0.941666686535,0.000e+00,0.000e+00,True
strict_path_ood,s4_t2,pre_stress,calibrated_material_parameter_coverage_95,std,0.0697216540359,0.0697216540359,0.000e+00,0.000e+00,True
strict_path_ood,s4_t2,pre_stress,calibrated_material_parameter_coverage_95,median,0.95833337307,0.95833337307,0.000e+00,0.000e+00,True
strict_path_ood,s4_t2,pre_stress,calibrated_material_parameter_coverage_95,iqr,0.0833333134651,0.0833333134651,0.000e+00,0.000e+00,True
strict_path_ood,s4_t2,pre_stress,calibrated_material_parameter_ece,mean,0.115833339095,0.115833339095,0.000e+00,0.000e+00,True
strict_path_ood,s4_t2,pre_stress,calibrated_material_parameter_ece,std,0.0416302079617,0.0416302079617,0.000e+00,0.000e+00,True
strict_path_ood,s4_t2,pre_stress,calibrated_material_parameter_ece,median,0.11875000596,0.11875000596,0.000e+00,0.000e+00,True
strict_path_ood,s4_t2,pre_stress,calibrated_material_parameter_ece,iqr,0.06458337605,0.06458337605,0.000e+00,0.000e+00,True
strict_path_ood,s4_t2,pre_stress,calibrated_material_parameter_nll,mean,3.15292333364,3.15292333364,0.000e+00,0.000e+00,True
strict_path_ood,s4_t2,pre_stress,calibrated_material_parameter_nll,std,2.96982484806,2.96982484806,0.000e+00,0.000e+00,True
strict_path_ood,s4_t2,pre_stress,calibrated_material_parameter_nll,median,1.97715258598,1.97715258598,0.000e+00,0.000e+00,True
strict_path_ood,s4_t2,pre_stress,calibrated_material_parameter_nll,iqr,4.02707439661,4.02707439661,0.000e+00,0.000e+00,True
strict_path_ood,s4_t2,pre_stress,calibrated_material_parameter_spread_scale,mean,448.577436829,448.577436829,0.000e+00,0.000e+00,True
strict_path_ood,s4_t2,pre_stress,calibrated_material_parameter_spread_scale,std,451.135025137,451.135025137,0.000e+00,0.000e+00,True
strict_path_ood,s4_t2,pre_stress,calibrated_material_parameter_spread_scale,median,156.071136475,156.071136475,0.000e+00,0.000e+00,True
strict_path_ood,s4_t2,pre_stress,calibrated_material_parameter_spread_scale,iqr,649.801773071,649.801773071,0.000e+00,0.000e+00,True
strict_path_ood,s4_t2,pre_stress,history_relative_l2,mean,0.622656846046,0.622656846046,0.000e+00,0.000e+00,True
strict_path_ood,s4_t2,pre_stress,history_relative_l2,std,0.046363877055,0.046363877055,0.000e+00,0.000e+00,True
strict_path_ood,s4_t2,pre_stress,history_relative_l2,median,0.623374283314,0.623374283314,0.000e+00,0.000e+00,True
strict_path_ood,s4_t2,pre_stress,history_relative_l2,iqr,0.0710546970367,0.0710546970367,0.000e+00,0.000e+00,True
strict_path_ood,s4_t2,pre_stress,history_final_relative_l2,mean,0.259587606788,0.259587606788,0.000e+00,0.000e+00,True
strict_path_ood,s4_t2,pre_stress,history_final_relative_l2,std,0.0168708122911,0.0168708122911,0.000e+00,0.000e+00,True
strict_path_ood,s4_t2,pre_stress,history_final_relative_l2,median,0.25615850091,0.25615850091,0.000e+00,0.000e+00,True
strict_path_ood,s4_t2,pre_stress,history_final_relative_l2,iqr,0.0144416987896,0.0144416987896,0.000e+00,0.000e+00,True
strict_path_ood,s4_t2,pre_stress,history_coverage_95,mean,0.0873991906643,0.0873991906643,0.000e+00,0.000e+00,True
strict_path_ood,s4_t2,pre_stress,history_coverage_95,std,0.0513465524232,0.0513465524232,0.000e+00,0.000e+00,True
strict_path_ood,s4_t2,pre_stress,history_coverage_95,median,0.0727318525314,0.0727318525314,0.000e+00,0.000e+00,True
strict_path_ood,s4_t2,pre_stress,history_coverage_95,iqr,0.0211189500988,0.0211189500988,0.000e+00,0.000e+00,True
strict_path_ood,s4_t2,pre_stress,history_ece,mean,0.704279220104,0.704279220104,0.000e+00,0.000e+00,True
strict_path_ood,s4_t2,pre_stress,history_ece,std,0.0506504434973,0.0506504434973,0.000e+00,0.000e+00,True
strict_path_ood,s4_t2,pre_stress,history_ece,median,0.716985881329,0.716985881329,0.000e+00,0.000e+00,True
strict_path_ood,s4_t2,pre_stress,history_ece,iqr,0.0120967626572,0.0120967626572,0.000e+00,0.000e+00,True
strict_path_ood,s4_t2,pre_stress,history_nll,mean,1241860.3375,1241860.3375,0.000e+00,0.000e+00,True
strict_path_ood,s4_t2,pre_stress,history_nll,std,280673.482163,280673.482163,0.000e+00,0.000e+00,True
strict_path_ood,s4_t2,pre_stress,history_nll,median,1099491.875,1099491.875,0.000e+00,0.000e+00,True
strict_path_ood,s4_t2,pre_stress,history_nll,iqr,194784,194784,0.000e+00,0.000e+00,True
strict_path_ood,s4_t2,pre_stress,calibrated_history_coverage_95,mean,0.925806427002,0.925806427002,0.000e+00,0.000e+00,True
strict_path_ood,s4_t2,pre_stress,calibrated_history_coverage_95,std,0.03952634613,0.03952634613,0.000e+00,0.000e+00,True
strict_path_ood,s4_t2,pre_stress,calibrated_history_coverage_95,median,0.908366918564,0.908366918564,0.000e+00,0.000e+00,True
strict_path_ood,s4_t2,pre_stress,calibrated_history_coverage_95,iqr,0.0396169424057,0.0396169424057,0.000e+00,0.000e+00,True
strict_path_ood,s4_t2,pre_stress,calibrated_history_ece,mean,0.117837694287,0.117837694287,0.000e+00,0.000e+00,True
strict_path_ood,s4_t2,pre_stress,calibrated_history_ece,std,0.0235178140689,0.0235178140689,0.000e+00,0.000e+00,True
strict_path_ood,s4_t2,pre_stress,calibrated_history_ece,median,0.125277206302,0.125277206302,0.000e+00,0.000e+00,True
strict_path_ood,s4_t2,pre_stress,calibrated_history_ece,iqr,0.0135584622622,0.0135584622622,0.000e+00,0.000e+00,True
strict_path_ood,s4_t2,pre_stress,calibrated_history_nll,mean,143695.917017,143695.917017,0.000e+00,0.000e+00,True
strict_path_ood,s4_t2,pre_stress,calibrated_history_nll,std,210728.948018,210728.948018,0.000e+00,0.000e+00,True
strict_path_ood,s4_t2,pre_stress,calibrated_history_nll,median,82454.15625,82454.15625,0.000e+00,0.000e+00,True
strict_path_ood,s4_t2,pre_stress,calibrated_history_nll,iqr,126895.185089,126895.185089,0.000e+00,0.000e+00,True
strict_path_ood,s4_t2,pre_stress,calibrated_history_spread_scale,mean,9737.271875,9737.271875,0.000e+00,0.000e+00,True
strict_path_ood,s4_t2,pre_stress,calibrated_history_spread_scale,std,587.477947101,587.477947101,0.000e+00,0.000e+00,True
strict_path_ood,s4_t2,pre_stress,calibrated_history_spread_scale,median,10000,10000,0.000e+00,0.000e+00,True
strict_path_ood,s4_t2,pre_stress,calibrated_history_spread_scale,iqr,0,0,0.000e+00,0.000e+00,True
strict_path_ood,s4_t2,pre_stress,field_coverage_95,mean,0.0505859395023,0.0505859395023,0.000e+00,0.000e+00,True
strict_path_ood,s4_t2,pre_stress,field_coverage_95,std,0.0586018222034,0.0586018222034,0.000e+00,0.000e+00,True
strict_path_ood,s4_t2,pre_stress,field_coverage_95,median,0.025390625,0.025390625,0.000e+00,0.000e+00,True
strict_path_ood,s4_t2,pre_stress,field_coverage_95,iqr,0.0844726611394,0.0844726611394,0.000e+00,0.000e+00,True
strict_path_ood,s4_t2,pre_stress,field_ece,mean,0.747143530846,0.747143530846,0.000e+00,0.000e+00,True
strict_path_ood,s4_t2,pre_stress,field_ece,std,0.0446326233723,0.0446326233723,6.939e-18,6.939e-18,True
strict_path_ood,s4_t2,pre_stress,field_ece,median,0.764957666397,0.764957666397,0.000e+00,0.000e+00,True
strict_path_ood,s4_t2,pre_stress,field_ece,iqr,0.0756022930145,0.0756022930145,0.000e+00,0.000e+00,True
strict_path_ood,s4_t2,pre_stress,field_nll,mean,10966.6841797,10966.6841797,0.000e+00,0.000e+00,True
strict_path_ood,s4_t2,pre_stress,field_nll,std,3227.14720042,3227.14720042,0.000e+00,0.000e+00,True
strict_path_ood,s4_t2,pre_stress,field_nll,median,10907.3945312,10907.3945312,0.000e+00,0.000e+00,True
strict_path_ood,s4_t2,pre_stress,field_nll,iqr,3248.96679688,3248.96679688,0.000e+00,0.000e+00,True
strict_path_ood,s4_t2,pre_stress,field_crps,mean,0.0121156862006,0.0121156862006,0.000e+00,0.000e+00,True
strict_path_ood,s4_t2,pre_stress,field_crps,std,0.000676441676749,0.000676441676749,0.000e+00,0.000e+00,True
strict_path_ood,s4_t2,pre_stress,field_crps,median,0.0122723495588,0.0122723495588,0.000e+00,0.000e+00,True
strict_path_ood,s4_t2,pre_stress,field_crps,iqr,0.000732272863388,0.000732272863388,0.000e+00,0.000e+00,True
strict_path_ood,s4_t2,pre_stress,calibrated_field_coverage_95,mean,0.945898449421,0.945898449421,0.000e+00,0.000e+00,True
strict_path_ood,s4_t2,pre_stress,calibrated_field_coverage_95,std,0.0445312035566,0.0445312035566,0.000e+00,0.000e+00,True
strict_path_ood,s4_t2,pre_stress,calibrated_field_coverage_95,median,0.96028649807,0.96028649807,0.000e+00,0.000e+00,True
strict_path_ood,s4_t2,pre_stress,calibrated_field_coverage_95,iqr,0.0335286259651,0.0335286259651,0.000e+00,0.000e+00,True
strict_path_ood,s4_t2,pre_stress,calibrated_field_ece,mean,0.114472669363,0.114472669363,0.000e+00,0.000e+00,True
strict_path_ood,s4_t2,pre_stress,calibrated_field_ece,std,0.0230767408407,0.0230767408407,3.469e-18,3.469e-18,True
strict_path_ood,s4_t2,pre_stress,calibrated_field_ece,median,0.109781906009,0.109781906009,0.000e+00,0.000e+00,True
strict_path_ood,s4_t2,pre_stress,calibrated_field_ece,iqr,0.0210449546576,0.0210449546576,0.000e+00,0.000e+00,True
strict_path_ood,s4_t2,pre_stress,calibrated_field_nll,mean,-0.467503905296,-0.467503905296,0.000e+00,0.000e+00,True
strict_path_ood,s4_t2,pre_stress,calibrated_field_nll,std,2.23421713466,2.23421713466,0.000e+00,0.000e+00,True
strict_path_ood,s4_t2,pre_stress,calibrated_field_nll,median,-1.31502211094,-1.31502211094,0.000e+00,0.000e+00,True
strict_path_ood,s4_t2,pre_stress,calibrated_field_nll,iqr,1.16739535332,1.16739535332,0.000e+00,0.000e+00,True
strict_path_ood,s4_t2,pre_stress,calibrated_field_crps,mean,1.50862646177,1.50862646177,0.000e+00,0.000e+00,True
strict_path_ood,s4_t2,pre_stress,calibrated_field_crps,std,3.15256234144,3.15256234144,0.000e+00,0.000e+00,True
strict_path_ood,s4_t2,pre_stress,calibrated_field_crps,median,0.0286142937839,0.0286142937839,0.000e+00,0.000e+00,True
strict_path_ood,s4_t2,pre_stress,calibrated_field_crps,iqr,0.309911489487,0.309911489487,0.000e+00,0.000e+00,True
strict_path_ood,s4_t2,pre_stress,calibrated_field_spread_scale,mean,2028.67783813,2028.67783813,0.000e+00,0.000e+00,True
strict_path_ood,s4_t2,pre_stress,calibrated_field_spread_scale,std,1359.14888429,1359.14888429,0.000e+00,0.000e+00,True
strict_path_ood,s4_t2,pre_stress,calibrated_field_spread_scale,median,1730.38500977,1730.38500977,0.000e+00,0.000e+00,True
strict_path_ood,s4_t2,pre_stress,calibrated_field_spread_scale,iqr,1037.41992188,1037.41992188,0.000e+00,0.000e+00,True
strict_path_ood,s4_t2,pre_stress,posterior_calibration_num_calibration,mean,4,4,0.000e+00,0.000e+00,True
strict_path_ood,s4_t2,pre_stress,posterior_calibration_num_calibration,std,0,0,0.000e+00,0.000e+00,True
strict_path_ood,s4_t2,pre_stress,posterior_calibration_num_calibration,median,4,4,0.000e+00,0.000e+00,True
strict_path_ood,s4_t2,pre_stress,posterior_calibration_num_calibration,iqr,0,0,0.000e+00,0.000e+00,True
strict_path_ood,s4_t2,pre_stress,posterior_calibration_num_test,mean,4,4,0.000e+00,0.000e+00,True
strict_path_ood,s4_t2,pre_stress,posterior_calibration_num_test,std,0,0,0.000e+00,0.000e+00,True
strict_path_ood,s4_t2,pre_stress,posterior_calibration_num_test,median,4,4,0.000e+00,0.000e+00,True
strict_path_ood,s4_t2,pre_stress,posterior_calibration_num_test,iqr,0,0,0.000e+00,0.000e+00,True
strict_path_ood,s6_t3,unload_reload,sparse_observation_relative_l2,mean,0.771334183216,0.771334183216,0.000e+00,0.000e+00,True
strict_path_ood,s6_t3,unload_reload,sparse_observation_relative_l2,std,0.0698386089083,0.0698386089083,0.000e+00,0.000e+00,True
strict_path_ood,s6_t3,unload_reload,sparse_observation_relative_l2,median,0.815638780594,0.815638780594,0.000e+00,0.000e+00,True
strict_path_ood,s6_t3,unload_reload,sparse_observation_relative_l2,iqr,0.112843096256,0.112843096256,0.000e+00,0.000e+00,True
strict_path_ood,s6_t3,unload_reload,rollout_displacement_relative_l2,mean,0.83090069294,0.83090069294,0.000e+00,0.000e+00,True
strict_path_ood,s6_t3,unload_reload,rollout_displacement_relative_l2,std,0.0410106557826,0.0410106557826,0.000e+00,0.000e+00,True
strict_path_ood,s6_t3,unload_reload,rollout_displacement_relative_l2,median,0.829585194588,0.829585194588,0.000e+00,0.000e+00,True
strict_path_ood,s6_t3,unload_reload,rollout_displacement_relative_l2,iqr,0.0528240799904,0.0528240799904,0.000e+00,0.000e+00,True
strict_path_ood,s6_t3,unload_reload,material_parameter_relative_l2,mean,0.233245977759,0.233245977759,0.000e+00,0.000e+00,True
strict_path_ood,s6_t3,unload_reload,material_parameter_relative_l2,std,0.0372596256273,0.0372596256273,0.000e+00,0.000e+00,True
strict_path_ood,s6_t3,unload_reload,material_parameter_relative_l2,median,0.245553210378,0.245553210378,0.000e+00,0.000e+00,True
strict_path_ood,s6_t3,unload_reload,material_parameter_relative_l2,iqr,0.0722184628248,0.0722184628248,0.000e+00,0.000e+00,True
strict_path_ood,s6_t3,unload_reload,material_parameter_coverage_95,mean,0.0333333339542,0.0333333339542,0.000e+00,0.000e+00,True
strict_path_ood,s6_t3,unload_reload,material_parameter_coverage_95,std,0.0237536548257,0.0237536548257,0.000e+00,0.000e+00,True
strict_path_ood,s6_t3,unload_reload,material_parameter_coverage_95,median,0.0416666679084,0.0416666679084,0.000e+00,0.000e+00,True
strict_path_ood,s6_t3,unload_reload,material_parameter_coverage_95,iqr,0.0208333339542,0.0208333339542,0.000e+00,0.000e+00,True
strict_path_ood,s6_t3,unload_reload,material_parameter_ece,mean,0.762499988079,0.762499988079,0.000e+00,0.000e+00,True
strict_path_ood,s6_t3,unload_reload,material_parameter_ece,std,0.0170369076203,0.0170369076203,0.000e+00,0.000e+00,True
strict_path_ood,s6_t3,unload_reload,material_parameter_ece,median,0.756250023842,0.756250023842,0.000e+00,0.000e+00,True
strict_path_ood,s6_t3,unload_reload,material_parameter_ece,iqr,0.0208333730698,0.0208333730698,0.000e+00,0.000e+00,True
strict_path_ood,s6_t3,unload_reload,material_parameter_nll,mean,228172.990625,228172.990625,0.000e+00,0.000e+00,True
strict_path_ood,s6_t3,unload_reload,material_parameter_nll,std,247694.34263,247694.34263,0.000e+00,0.000e+00,True
strict_path_ood,s6_t3,unload_reload,material_parameter_nll,median,103114.398438,103114.398438,0.000e+00,0.000e+00,True
strict_path_ood,s6_t3,unload_reload,material_parameter_nll,iqr,443527.328125,443527.328125,0.000e+00,0.000e+00,True
strict_path_ood,s6_t3,unload_reload,calibrated_material_parameter_coverage_95,mean,0.958333361149,0.958333361149,0.000e+00,0.000e+00,True
strict_path_ood,s6_t3,unload_reload,calibrated_material_parameter_coverage_95,std,0.029462775525,0.029462775525,3.469e-18,3.469e-18,True
strict_path_ood,s6_t3,unload_reload,calibrated_material_parameter_coverage_95,median,0.95833337307,0.95833337307,0.000e+00,0.000e+00,True
strict_path_ood,s6_t3,unload_reload,calibrated_material_parameter_coverage_95,iqr,0,0,0.000e+00,0.000e+00,True
strict_path_ood,s6_t3,unload_reload,calibrated_material_parameter_ece,mean,0.153333359957,0.153333359957,0.000e+00,0.000e+00,True
strict_path_ood,s6_t3,unload_reload,calibrated_material_parameter_ece,std,0.0287394257542,0.0287394257542,0.000e+00,0.000e+00,True
strict_path_ood,s6_t3,unload_reload,calibrated_material_parameter_ece,median,0.150000035763,0.150000035763,0.000e+00,0.000e+00,True
strict_path_ood,s6_t3,unload_reload,calibrated_material_parameter_ece,iqr,0.0145833641291,0.0145833641291,0.000e+00,0.000e+00,True
strict_path_ood,s6_t3,unload_reload,calibrated_material_parameter_nll,mean,2.53969473839,2.53969473839,0.000e+00,0.000e+00,True
strict_path_ood,s6_t3,unload_reload,calibrated_material_parameter_nll,std,0.993824951236,0.993824951236,1.110e-16,1.110e-16,True
strict_path_ood,s6_t3,unload_reload,calibrated_material_parameter_nll,median,2.26858234406,2.26858234406,0.000e+00,0.000e+00,True
strict_path_ood,s6_t3,unload_reload,calibrated_material_parameter_nll,iqr,1.14980661869,1.14980661869,0.000e+00,0.000e+00,True
strict_path_ood,s6_t3,unload_reload,calibrated_material_parameter_spread_scale,mean,1598.49467163,1598.49467163,0.000e+00,0.000e+00,True
strict_path_ood,s6_t3,unload_reload,calibrated_material_parameter_spread_scale,std,1786.56788065,1786.56788065,0.000e+00,0.000e+00,True
strict_path_ood,s6_t3,unload_reload,calibrated_material_parameter_spread_scale,median,599.774658203,599.774658203,0.000e+00,0.000e+00,True
strict_path_ood,s6_t3,unload_reload,calibrated_material_parameter_spread_scale,iqr,1597.9911499,1597.9911499,0.000e+00,0.000e+00,True
strict_path_ood,s6_t3,unload_reload,history_relative_l2,mean,0.976588690281,0.976588690281,0.000e+00,0.000e+00,True
strict_path_ood,s6_t3,unload_reload,history_relative_l2,std,0.0267606794433,0.0267606794433,0.000e+00,0.000e+00,True
strict_path_ood,s6_t3,unload_reload,history_relative_l2,median,0.977959036827,0.977959036827,0.000e+00,0.000e+00,True
strict_path_ood,s6_t3,unload_reload,history_relative_l2,iqr,0.0371010303497,0.0371010303497,0.000e+00,0.000e+00,True
strict_path_ood,s6_t3,unload_reload,history_final_relative_l2,mean,0.214657527208,0.214657527208,0.000e+00,0.000e+00,True
strict_path_ood,s6_t3,unload_reload,history_final_relative_l2,std,0.0218550807666,0.0218550807666,0.000e+00,0.000e+00,True
strict_path_ood,s6_t3,unload_reload,history_final_relative_l2,median,0.206274151802,0.206274151802,0.000e+00,0.000e+00,True
strict_path_ood,s6_t3,unload_reload,history_final_relative_l2,iqr,0.00736933946609,0.00736933946609,0.000e+00,0.000e+00,True
strict_path_ood,s6_t3,unload_reload,history_coverage_95,mean,0.0386425781995,0.0386425781995,0.000e+00,0.000e+00,True
strict_path_ood,s6_t3,unload_reload,history_coverage_95,std,0.0188639857177,0.0188639857177,0.000e+00,0.000e+00,True
strict_path_ood,s6_t3,unload_reload,history_coverage_95,median,0.032470703125,0.032470703125,0.000e+00,0.000e+00,True
strict_path_ood,s6_t3,unload_reload,history_coverage_95,iqr,0.0112792979926,0.0112792979926,0.000e+00,0.000e+00,True
strict_path_ood,s6_t3,unload_reload,history_ece,mean,0.752392578125,0.752392578125,0.000e+00,0.000e+00,True
strict_path_ood,s6_t3,unload_reload,history_ece,std,0.0167176336319,0.0167176336319,0.000e+00,0.000e+00,True
strict_path_ood,s6_t3,unload_reload,history_ece,median,0.757592797279,0.757592797279,0.000e+00,0.000e+00,True
strict_path_ood,s6_t3,unload_reload,history_ece,iqr,0.00618892908096,0.00618892908096,0.000e+00,0.000e+00,True
strict_path_ood,s6_t3,unload_reload,history_nll,mean,3473312.325,3473312.325,0.000e+00,0.000e+00,True
strict_path_ood,s6_t3,unload_reload,history_nll,std,1304370.21236,1304370.21236,0.000e+00,0.000e+00,True
strict_path_ood,s6_t3,unload_reload,history_nll,median,3955084.5,3955084.5,0.000e+00,0.000e+00,True
strict_path_ood,s6_t3,unload_reload,history_nll,iqr,1986724.25,1986724.25,0.000e+00,0.000e+00,True
strict_path_ood,s6_t3,unload_reload,calibrated_history_coverage_95,mean,0.823574244976,0.823574244976,0.000e+00,0.000e+00,True
strict_path_ood,s6_t3,unload_reload,calibrated_history_coverage_95,std,0.0374898651175,0.0374898651175,0.000e+00,0.000e+00,True
strict_path_ood,s6_t3,unload_reload,calibrated_history_coverage_95,median,0.805859386921,0.805859386921,0.000e+00,0.000e+00,True
strict_path_ood,s6_t3,unload_reload,calibrated_history_coverage_95,iqr,0.04736328125,0.04736328125,0.000e+00,0.000e+00,True
strict_path_ood,s6_t3,unload_reload,calibrated_history_ece,mean,0.115429675579,0.115429675579,0.000e+00,0.000e+00,True
strict_path_ood,s6_t3,unload_reload,calibrated_history_ece,std,0.0154417627314,0.0154417627314,0.000e+00,0.000e+00,True
strict_path_ood,s6_t3,unload_reload,calibrated_history_ece,median,0.117285147309,0.117285147309,0.000e+00,0.000e+00,True
strict_path_ood,s6_t3,unload_reload,calibrated_history_ece,iqr,0.0147216618061,0.0147216618061,0.000e+00,0.000e+00,True
strict_path_ood,s6_t3,unload_reload,calibrated_history_nll,mean,879911.628223,879911.628223,0.000e+00,0.000e+00,True
strict_path_ood,s6_t3,unload_reload,calibrated_history_nll,std,1599919.61326,1599919.61326,0.000e+00,0.000e+00,True
strict_path_ood,s6_t3,unload_reload,calibrated_history_nll,median,179916.28125,179916.28125,0.000e+00,0.000e+00,True
strict_path_ood,s6_t3,unload_reload,calibrated_history_nll,iqr,477006.037109,477006.037109,0.000e+00,0.000e+00,True
strict_path_ood,s6_t3,unload_reload,calibrated_history_spread_scale,mean,10000,10000,0.000e+00,0.000e+00,True
strict_path_ood,s6_t3,unload_reload,calibrated_history_spread_scale,std,0,0,0.000e+00,0.000e+00,True
strict_path_ood,s6_t3,unload_reload,calibrated_history_spread_scale,median,10000,10000,0.000e+00,0.000e+00,True
strict_path_ood,s6_t3,unload_reload,calibrated_history_spread_scale,iqr,0,0,0.000e+00,0.000e+00,True
strict_path_ood,s6_t3,unload_reload,field_coverage_95,mean,0.0169596354477,0.0169596354477,0.000e+00,0.000e+00,True
strict_path_ood,s6_t3,unload_reload,field_coverage_95,std,0.0208642729597,0.0208642729597,0.000e+00,0.000e+00,True
strict_path_ood,s6_t3,unload_reload,field_coverage_95,median,0.00325520848855,0.00325520848855,0.000e+00,0.000e+00,True
strict_path_ood,s6_t3,unload_reload,field_coverage_95,iqr,0.03173828125,0.03173828125,0.000e+00,0.000e+00,True
strict_path_ood,s6_t3,unload_reload,field_ece,mean,0.778124988079,0.778124988079,0.000e+00,0.000e+00,True
strict_path_ood,s6_t3,unload_reload,field_ece,std,0.0108311557747,0.0108311557747,0.000e+00,0.000e+00,True
strict_path_ood,s6_t3,unload_reload,field_ece,median,0.78509926796,0.78509926796,0.000e+00,0.000e+00,True
strict_path_ood,s6_t3,unload_reload,field_ece,iqr,0.0172526240349,0.0172526240349,0.000e+00,0.000e+00,True
strict_path_ood,s6_t3,unload_reload,field_nll,mean,40057.0195312,40057.0195312,0.000e+00,0.000e+00,True
strict_path_ood,s6_t3,unload_reload,field_nll,std,5183.69932023,5183.69932023,0.000e+00,0.000e+00,True
strict_path_ood,s6_t3,unload_reload,field_nll,median,37257.3164062,37257.3164062,0.000e+00,0.000e+00,True
strict_path_ood,s6_t3,unload_reload,field_nll,iqr,7887.77734375,7887.77734375,0.000e+00,0.000e+00,True
strict_path_ood,s6_t3,unload_reload,field_crps,mean,0.0199140779674,0.0199140779674,0.000e+00,0.000e+00,True
strict_path_ood,s6_t3,unload_reload,field_crps,std,0.000271685535837,0.000271685535837,0.000e+00,0.000e+00,True
strict_path_ood,s6_t3,unload_reload,field_crps,median,0.0200273599476,0.0200273599476,0.000e+00,0.000e+00,True
strict_path_ood,s6_t3,unload_reload,field_crps,iqr,0.000286856666207,0.000286856666207,0.000e+00,0.000e+00,True
strict_path_ood,s6_t3,unload_reload,calibrated_field_coverage_95,mean,0.914908862114,0.914908862114,0.000e+00,0.000e+00,True
strict_path_ood,s6_t3,unload_reload,calibrated_field_coverage_95,std,0.0323746761415,0.0323746761415,0.000e+00,0.000e+00,True
strict_path_ood,s6_t3,unload_reload,calibrated_field_coverage_95,median,0.9072265625,0.9072265625,0.000e+00,0.000e+00,True
strict_path_ood,s6_t3,unload_reload,calibrated_field_coverage_95,iqr,0.0328776240349,0.0328776240349,0.000e+00,0.000e+00,True
strict_path_ood,s6_t3,unload_reload,calibrated_field_ece,mean,0.0972721397877,0.0972721397877,0.000e+00,0.000e+00,True
strict_path_ood,s6_t3,unload_reload,calibrated_field_ece,std,0.0351764573113,0.0351764573113,0.000e+00,0.000e+00,True
strict_path_ood,s6_t3,unload_reload,calibrated_field_ece,median,0.0908203274012,0.0908203274012,0.000e+00,0.000e+00,True
strict_path_ood,s6_t3,unload_reload,calibrated_field_ece,iqr,0.0310384333134,0.0310384333134,0.000e+00,0.000e+00,True
strict_path_ood,s6_t3,unload_reload,calibrated_field_nll,mean,-0.97153647542,-0.97153647542,0.000e+00,0.000e+00,True
strict_path_ood,s6_t3,unload_reload,calibrated_field_nll,std,0.867068857307,0.867068857307,0.000e+00,0.000e+00,True
strict_path_ood,s6_t3,unload_reload,calibrated_field_nll,median,-1.06700587273,-1.06700587273,0.000e+00,0.000e+00,True
strict_path_ood,s6_t3,unload_reload,calibrated_field_nll,iqr,0.379493236542,0.379493236542,0.000e+00,0.000e+00,True
strict_path_ood,s6_t3,unload_reload,calibrated_field_crps,mean,0.0412654444575,0.0412654444575,0.000e+00,0.000e+00,True
strict_path_ood,s6_t3,unload_reload,calibrated_field_crps,std,0.0139188251989,0.0139188251989,0.000e+00,0.000e+00,True
strict_path_ood,s6_t3,unload_reload,calibrated_field_crps,median,0.0391424968839,0.0391424968839,0.000e+00,0.000e+00,True
strict_path_ood,s6_t3,unload_reload,calibrated_field_crps,iqr,0.01758903265,0.01758903265,0.000e+00,0.000e+00,True
strict_path_ood,s6_t3,unload_reload,calibrated_field_spread_scale,mean,2965.57825928,2965.57825928,0.000e+00,0.000e+00,True
strict_path_ood,s6_t3,unload_reload,calibrated_field_spread_scale,std,2176.55734749,2176.55734749,0.000e+00,0.000e+00,True
strict_path_ood,s6_t3,unload_reload,calibrated_field_spread_scale,median,2426.0859375,2426.0859375,0.000e+00,0.000e+00,True
strict_path_ood,s6_t3,unload_reload,calibrated_field_spread_scale,iqr,1079.20349121,1079.20349121,0.000e+00,0.000e+00,True
strict_path_ood,s6_t3,unload_reload,posterior_calibration_num_calibration,mean,4,4,0.000e+00,0.000e+00,True
strict_path_ood,s6_t3,unload_reload,posterior_calibration_num_calibration,std,0,0,0.000e+00,0.000e+00,True
strict_path_ood,s6_t3,unload_reload,posterior_calibration_num_calibration,median,4,4,0.000e+00,0.000e+00,True
strict_path_ood,s6_t3,unload_reload,posterior_calibration_num_calibration,iqr,0,0,0.000e+00,0.000e+00,True
strict_path_ood,s6_t3,unload_reload,posterior_calibration_num_test,mean,4,4,0.000e+00,0.000e+00,True
strict_path_ood,s6_t3,unload_reload,posterior_calibration_num_test,std,0,0,0.000e+00,0.000e+00,True
strict_path_ood,s6_t3,unload_reload,posterior_calibration_num_test,median,4,4,0.000e+00,0.000e+00,True
strict_path_ood,s6_t3,unload_reload,posterior_calibration_num_test,iqr,0,0,0.000e+00,0.000e+00,True
strict_path_ood,s6_t3,cyclic,sparse_observation_relative_l2,mean,0.900205111504,0.900205111504,0.000e+00,0.000e+00,True
strict_path_ood,s6_t3,cyclic,sparse_observation_relative_l2,std,0.0327044200669,0.0327044200669,0.000e+00,0.000e+00,True
strict_path_ood,s6_t3,cyclic,sparse_observation_relative_l2,median,0.892769873142,0.892769873142,0.000e+00,0.000e+00,True
strict_path_ood,s6_t3,cyclic,sparse_observation_relative_l2,iqr,0.0233990550041,0.0233990550041,0.000e+00,0.000e+00,True
strict_path_ood,s6_t3,cyclic,rollout_displacement_relative_l2,mean,0.903981971741,0.903981971741,0.000e+00,0.000e+00,True
strict_path_ood,s6_t3,cyclic,rollout_displacement_relative_l2,std,0.0339949544262,0.0339949544262,0.000e+00,0.000e+00,True
strict_path_ood,s6_t3,cyclic,rollout_displacement_relative_l2,median,0.894960939884,0.894960939884,0.000e+00,0.000e+00,True
strict_path_ood,s6_t3,cyclic,rollout_displacement_relative_l2,iqr,0.0299850106239,0.0299850106239,0.000e+00,0.000e+00,True
strict_path_ood,s6_t3,cyclic,material_parameter_relative_l2,mean,0.183312347531,0.183312347531,0.000e+00,0.000e+00,True
strict_path_ood,s6_t3,cyclic,material_parameter_relative_l2,std,0.0240886664863,0.0240886664863,0.000e+00,0.000e+00,True
strict_path_ood,s6_t3,cyclic,material_parameter_relative_l2,median,0.18131518364,0.18131518364,0.000e+00,0.000e+00,True
strict_path_ood,s6_t3,cyclic,material_parameter_relative_l2,iqr,0.00777541100979,0.00777541100979,0.000e+00,0.000e+00,True
strict_path_ood,s6_t3,cyclic,material_parameter_coverage_95,mean,0.120833334327,0.120833334327,0.000e+00,0.000e+00,True
strict_path_ood,s6_t3,cyclic,material_parameter_coverage_95,std,0.178851466487,0.178851466487,0.000e+00,0.000e+00,True
strict_path_ood,s6_t3,cyclic,material_parameter_coverage_95,median,0.0416666679084,0.0416666679084,0.000e+00,0.000e+00,True
strict_path_ood,s6_t3,cyclic,material_parameter_coverage_95,iqr,0.0625000018626,0.0625000018626,0.000e+00,0.000e+00,True
strict_path_ood,s6_t3,cyclic,material_parameter_ece,mean,0.694791656733,0.694791656733,0.000e+00,0.000e+00,True
strict_path_ood,s6_t3,cyclic,material_parameter_ece,std,0.139482249378,0.139482249378,0.000e+00,0.000e+00,True
strict_path_ood,s6_t3,cyclic,material_parameter_ece,median,0.751041650772,0.751041650772,0.000e+00,0.000e+00,True
strict_path_ood,s6_t3,cyclic,material_parameter_ece,iqr,0.0520833730698,0.0520833730698,0.000e+00,0.000e+00,True
strict_path_ood,s6_t3,cyclic,material_parameter_nll,mean,102431.212012,102431.212012,0.000e+00,0.000e+00,True
strict_path_ood,s6_t3,cyclic,material_parameter_nll,std,103815.534719,103815.534719,0.000e+00,0.000e+00,True
strict_path_ood,s6_t3,cyclic,material_parameter_nll,median,63045.6171875,63045.6171875,0.000e+00,0.000e+00,True
strict_path_ood,s6_t3,cyclic,material_parameter_nll,iqr,158909.525391,158909.525391,0.000e+00,0.000e+00,True
strict_path_ood,s6_t3,cyclic,calibrated_material_parameter_coverage_95,mean,0.991666674614,0.991666674614,0.000e+00,0.000e+00,True
strict_path_ood,s6_t3,cyclic,calibrated_material_parameter_coverage_95,std,0.0186338820418,0.0186338820418,0.000e+00,0.000e+00,True
strict_path_ood,s6_t3,cyclic,calibrated_material_parameter_coverage_95,median,1,1,0.000e+00,0.000e+00,True
strict_path_ood,s6_t3,cyclic,calibrated_material_parameter_coverage_95,iqr,0,0,0.000e+00,0.000e+00,True
strict_path_ood,s6_t3,cyclic,calibrated_material_parameter_ece,mean,0.179166683555,0.179166683555,0.000e+00,0.000e+00,True
strict_path_ood,s6_t3,cyclic,calibrated_material_parameter_ece,std,0.0315953144321,0.0315953144321,0.000e+00,0.000e+00,True
strict_path_ood,s6_t3,cyclic,calibrated_material_parameter_ece,median,0.202083349228,0.202083349228,0.000e+00,0.000e+00,True
strict_path_ood,s6_t3,cyclic,calibrated_material_parameter_ece,iqr,0.0520833134651,0.0520833134651,0.000e+00,0.000e+00,True
strict_path_ood,s6_t3,cyclic,calibrated_material_parameter_nll,mean,3.32439036369,3.32439036369,0.000e+00,0.000e+00,True
strict_path_ood,s6_t3,cyclic,calibrated_material_parameter_nll,std,1.96175926495,1.96175926495,2.220e-16,1.132e-16,True
strict_path_ood,s6_t3,cyclic,calibrated_material_parameter_nll,median,2.5914144516,2.5914144516,0.000e+00,0.000e+00,True
strict_path_ood,s6_t3,cyclic,calibrated_material_parameter_nll,iqr,1.02926826477,1.02926826477,0.000e+00,0.000e+00,True
strict_path_ood,s6_t3,cyclic,calibrated_material_parameter_spread_scale,mean,1920.68683472,1920.68683472,0.000e+00,0.000e+00,True
strict_path_ood,s6_t3,cyclic,calibrated_material_parameter_spread_scale,std,1707.23873591,1707.23873591,0.000e+00,0.000e+00,True
strict_path_ood,s6_t3,cyclic,calibrated_material_parameter_spread_scale,median,1267.32116699,1267.32116699,0.000e+00,0.000e+00,True
strict_path_ood,s6_t3,cyclic,calibrated_material_parameter_spread_scale,iqr,2644.17608643,2644.17608643,0.000e+00,0.000e+00,True
strict_path_ood,s6_t3,cyclic,history_relative_l2,mean,1.19105191231,1.19105191231,0.000e+00,0.000e+00,True
strict_path_ood,s6_t3,cyclic,history_relative_l2,std,0.0642700956969,0.0642700956969,0.000e+00,0.000e+00,True
strict_path_ood,s6_t3,cyclic,history_relative_l2,median,1.2058031559,1.2058031559,0.000e+00,0.000e+00,True
strict_path_ood,s6_t3,cyclic,history_relative_l2,iqr,0.0961445569992,0.0961445569992,0.000e+00,0.000e+00,True
strict_path_ood,s6_t3,cyclic,history_final_relative_l2,mean,4.77426023483,4.77426023483,0.000e+00,0.000e+00,True
strict_path_ood,s6_t3,cyclic,history_final_relative_l2,std,0.232042407032,0.232042407032,0.000e+00,0.000e+00,True
strict_path_ood,s6_t3,cyclic,history_final_relative_l2,median,4.88481855392,4.88481855392,0.000e+00,0.000e+00,True
strict_path_ood,s6_t3,cyclic,history_final_relative_l2,iqr,0.226799964905,0.226799964905,0.000e+00,0.000e+00,True
strict_path_ood,s6_t3,cyclic,history_coverage_95,mean,0.0448632830754,0.0448632830754,0.000e+00,0.000e+00,True
strict_path_ood,s6_t3,cyclic,history_coverage_95,std,0.0314163453141,0.0314163453141,0.000e+00,0.000e+00,True
strict_path_ood,s6_t3,cyclic,history_coverage_95,median,0.0493652336299,0.0493652336299,0.000e+00,0.000e+00,True
strict_path_ood,s6_t3,cyclic,history_coverage_95,iqr,0.0508789103478,0.0508789103478,0.000e+00,0.000e+00,True
strict_path_ood,s6_t3,cyclic,history_ece,mean,0.746174323559,0.746174323559,0.000e+00,0.000e+00,True
strict_path_ood,s6_t3,cyclic,history_ece,std,0.0283674946717,0.0283674946717,0.000e+00,0.000e+00,True
strict_path_ood,s6_t3,cyclic,history_ece,median,0.739965796471,0.739965796471,0.000e+00,0.000e+00,True
strict_path_ood,s6_t3,cyclic,history_ece,iqr,0.0494384765625,0.0494384765625,0.000e+00,0.000e+00,True
strict_path_ood,s6_t3,cyclic,history_nll,mean,3663498.1375,3663498.1375,0.000e+00,0.000e+00,True
strict_path_ood,s6_t3,cyclic,history_nll,std,1833197.07035,1833197.07035,0.000e+00,0.000e+00,True
strict_path_ood,s6_t3,cyclic,history_nll,median,3401373.25,3401373.25,0.000e+00,0.000e+00,True
strict_path_ood,s6_t3,cyclic,history_nll,iqr,1843370.25,1843370.25,0.000e+00,0.000e+00,True
strict_path_ood,s6_t3,cyclic,calibrated_history_coverage_95,mean,0.842656266689,0.842656266689,0.000e+00,0.000e+00,True
strict_path_ood,s6_t3,cyclic,calibrated_history_coverage_95,std,0.0762754083209,0.0762754083209,0.000e+00,0.000e+00,True
strict_path_ood,s6_t3,cyclic,calibrated_history_coverage_95,median,0.815820336342,0.815820336342,0.000e+00,0.000e+00,True
strict_path_ood,s6_t3,cyclic,calibrated_history_coverage_95,iqr,0.0472655892372,0.0472655892372,0.000e+00,0.000e+00,True
strict_path_ood,s6_t3,cyclic,calibrated_history_ece,mean,0.103598622978,0.103598622978,0.000e+00,0.000e+00,True
strict_path_ood,s6_t3,cyclic,calibrated_history_ece,std,0.0186098014024,0.0186098014024,3.469e-18,3.469e-18,True
strict_path_ood,s6_t3,cyclic,calibrated_history_ece,median,0.107592761517,0.107592761517,0.000e+00,0.000e+00,True
strict_path_ood,s6_t3,cyclic,calibrated_history_ece,iqr,0.01123046875,0.01123046875,0.000e+00,0.000e+00,True
strict_path_ood,s6_t3,cyclic,calibrated_history_nll,mean,960031.992725,960031.992725,0.000e+00,0.000e+00,True
strict_path_ood,s6_t3,cyclic,calibrated_history_nll,std,1962400.68389,1962400.68389,2.328e-10,1.186e-16,True
strict_path_ood,s6_t3,cyclic,calibrated_history_nll,median,56402.2929688,56402.2929688,0.000e+00,0.000e+00,True
strict_path_ood,s6_t3,cyclic,calibrated_history_nll,iqr,215541.849609,215541.849609,0.000e+00,0.000e+00,True
strict_path_ood,s6_t3,cyclic,calibrated_history_spread_scale,mean,10000,10000,0.000e+00,0.000e+00,True
strict_path_ood,s6_t3,cyclic,calibrated_history_spread_scale,std,0,0,0.000e+00,0.000e+00,True
strict_path_ood,s6_t3,cyclic,calibrated_history_spread_scale,median,10000,10000,0.000e+00,0.000e+00,True
strict_path_ood,s6_t3,cyclic,calibrated_history_spread_scale,iqr,0,0,0.000e+00,0.000e+00,True
strict_path_ood,s6_t3,cyclic,field_coverage_95,mean,0.0351562511176,0.0351562511176,0.000e+00,0.000e+00,True
strict_path_ood,s6_t3,cyclic,field_coverage_95,std,0.06053976692,0.06053976692,0.000e+00,0.000e+00,True
strict_path_ood,s6_t3,cyclic,field_coverage_95,median,0.00537109375,0.00537109375,0.000e+00,0.000e+00,True
strict_path_ood,s6_t3,cyclic,field_coverage_95,iqr,0.0208333339542,0.0208333339542,0.000e+00,0.000e+00,True
strict_path_ood,s6_t3,cyclic,field_ece,mean,0.760034191608,0.760034191608,0.000e+00,0.000e+00,True
strict_path_ood,s6_t3,cyclic,field_ece,std,0.0466392162402,0.0466392162402,6.939e-18,6.939e-18,True
strict_path_ood,s6_t3,cyclic,field_ece,median,0.783553063869,0.783553063869,0.000e+00,0.000e+00,True
strict_path_ood,s6_t3,cyclic,field_ece,iqr,0.0178629159927,0.0178629159927,0.000e+00,0.000e+00,True
strict_path_ood,s6_t3,cyclic,field_nll,mean,72252.2515625,72252.2515625,0.000e+00,0.000e+00,True
strict_path_ood,s6_t3,cyclic,field_nll,std,20854.3213463,20854.3213463,0.000e+00,0.000e+00,True
strict_path_ood,s6_t3,cyclic,field_nll,median,78636.6875,78636.6875,0.000e+00,0.000e+00,True
strict_path_ood,s6_t3,cyclic,field_nll,iqr,14055.2265625,14055.2265625,0.000e+00,0.000e+00,True
strict_path_ood,s6_t3,cyclic,field_crps,mean,0.0254842080176,0.0254842080176,0.000e+00,0.000e+00,True
strict_path_ood,s6_t3,cyclic,field_crps,std,0.000770962748066,0.000770962748066,0.000e+00,0.000e+00,True
strict_path_ood,s6_t3,cyclic,field_crps,median,0.0252959243953,0.0252959243953,0.000e+00,0.000e+00,True
strict_path_ood,s6_t3,cyclic,field_crps,iqr,0.000640422105789,0.000640422105789,0.000e+00,0.000e+00,True
strict_path_ood,s6_t3,cyclic,calibrated_field_coverage_95,mean,0.966210961342,0.966210961342,0.000e+00,0.000e+00,True
strict_path_ood,s6_t3,cyclic,calibrated_field_coverage_95,std,0.0398230550904,0.0398230550904,0.000e+00,0.000e+00,True
strict_path_ood,s6_t3,cyclic,calibrated_field_coverage_95,median,0.98372399807,0.98372399807,0.000e+00,0.000e+00,True
strict_path_ood,s6_t3,cyclic,calibrated_field_coverage_95,iqr,0.0406901240349,0.0406901240349,0.000e+00,0.000e+00,True
strict_path_ood,s6_t3,cyclic,calibrated_field_ece,mean,0.15057618916,0.15057618916,0.000e+00,0.000e+00,True
strict_path_ood,s6_t3,cyclic,calibrated_field_ece,std,0.024348996508,0.024348996508,0.000e+00,0.000e+00,True
strict_path_ood,s6_t3,cyclic,calibrated_field_ece,median,0.146907553077,0.146907553077,0.000e+00,0.000e+00,True
strict_path_ood,s6_t3,cyclic,calibrated_field_ece,iqr,0.0220540314913,0.0220540314913,0.000e+00,0.000e+00,True
strict_path_ood,s6_t3,cyclic,calibrated_field_nll,mean,0.390645033121,0.390645033121,0.000e+00,0.000e+00,True
strict_path_ood,s6_t3,cyclic,calibrated_field_nll,std,1.73971043985,1.73971043985,0.000e+00,0.000e+00,True
strict_path_ood,s6_t3,cyclic,calibrated_field_nll,median,-0.260976284742,-0.260976284742,0.000e+00,0.000e+00,True
strict_path_ood,s6_t3,cyclic,calibrated_field_nll,iqr,1.95537996292,1.95537996292,0.000e+00,0.000e+00,True
strict_path_ood,s6_t3,cyclic,calibrated_field_crps,mean,1.36313582286,1.36313582286,0.000e+00,0.000e+00,True
strict_path_ood,s6_t3,cyclic,calibrated_field_crps,std,1.99251939033,1.99251939033,0.000e+00,0.000e+00,True
strict_path_ood,s6_t3,cyclic,calibrated_field_crps,median,0.0888740867376,0.0888740867376,0.000e+00,0.000e+00,True
strict_path_ood,s6_t3,cyclic,calibrated_field_crps,iqr,1.95895887911,1.95895887911,0.000e+00,0.000e+00,True
strict_path_ood,s6_t3,cyclic,calibrated_field_spread_scale,mean,5252.39697266,5252.39697266,0.000e+00,0.000e+00,True
strict_path_ood,s6_t3,cyclic,calibrated_field_spread_scale,std,2480.21638622,2480.21638622,0.000e+00,0.000e+00,True
strict_path_ood,s6_t3,cyclic,calibrated_field_spread_scale,median,4122.2265625,4122.2265625,0.000e+00,0.000e+00,True
strict_path_ood,s6_t3,cyclic,calibrated_field_spread_scale,iqr,3651.63623047,3651.63623047,0.000e+00,0.000e+00,True
strict_path_ood,s6_t3,cyclic,posterior_calibration_num_calibration,mean,4,4,0.000e+00,0.000e+00,True
strict_path_ood,s6_t3,cyclic,posterior_calibration_num_calibration,std,0,0,0.000e+00,0.000e+00,True
strict_path_ood,s6_t3,cyclic,posterior_calibration_num_calibration,median,4,4,0.000e+00,0.000e+00,True
strict_path_ood,s6_t3,cyclic,posterior_calibration_num_calibration,iqr,0,0,0.000e+00,0.000e+00,True
strict_path_ood,s6_t3,cyclic,posterior_calibration_num_test,mean,4,4,0.000e+00,0.000e+00,True
strict_path_ood,s6_t3,cyclic,posterior_calibration_num_test,std,0,0,0.000e+00,0.000e+00,True
strict_path_ood,s6_t3,cyclic,posterior_calibration_num_test,median,4,4,0.000e+00,0.000e+00,True
strict_path_ood,s6_t3,cyclic,posterior_calibration_num_test,iqr,0,0,0.000e+00,0.000e+00,True
strict_path_ood,s6_t3,nonproportional,sparse_observation_relative_l2,mean,0.813595676422,0.813595676422,0.000e+00,0.000e+00,True
strict_path_ood,s6_t3,nonproportional,sparse_observation_relative_l2,std,0.054782672489,0.054782672489,6.939e-18,6.939e-18,True
strict_path_ood,s6_t3,nonproportional,sparse_observation_relative_l2,median,0.830671668053,0.830671668053,0.000e+00,0.000e+00,True
strict_path_ood,s6_t3,nonproportional,sparse_observation_relative_l2,iqr,0.0768527388573,0.0768527388573,0.000e+00,0.000e+00,True
strict_path_ood,s6_t3,nonproportional,rollout_displacement_relative_l2,mean,0.840090095997,0.840090095997,0.000e+00,0.000e+00,True
strict_path_ood,s6_t3,nonproportional,rollout_displacement_relative_l2,std,0.0541070534508,0.0541070534508,0.000e+00,0.000e+00,True
strict_path_ood,s6_t3,nonproportional,rollout_displacement_relative_l2,median,0.819933116436,0.819933116436,0.000e+00,0.000e+00,True
strict_path_ood,s6_t3,nonproportional,rollout_displacement_relative_l2,iqr,0.0588624477386,0.0588624477386,0.000e+00,0.000e+00,True
strict_path_ood,s6_t3,nonproportional,material_parameter_relative_l2,mean,0.195099623501,0.195099623501,0.000e+00,0.000e+00,True
strict_path_ood,s6_t3,nonproportional,material_parameter_relative_l2,std,0.045638127414,0.045638127414,6.939e-18,6.939e-18,True
strict_path_ood,s6_t3,nonproportional,material_parameter_relative_l2,median,0.202226266265,0.202226266265,0.000e+00,0.000e+00,True
strict_path_ood,s6_t3,nonproportional,material_parameter_relative_l2,iqr,0.0169112831354,0.0169112831354,0.000e+00,0.000e+00,True
strict_path_ood,s6_t3,nonproportional,material_parameter_coverage_95,mean,0.100000002608,0.100000002608,0.000e+00,0.000e+00,True
strict_path_ood,s6_t3,nonproportional,material_parameter_coverage_95,std,0.0648850501295,0.0648850501295,0.000e+00,0.000e+00,True
strict_path_ood,s6_t3,nonproportional,material_parameter_coverage_95,median,0.0833333358169,0.0833333358169,0.000e+00,0.000e+00,True
strict_path_ood,s6_t3,nonproportional,material_parameter_coverage_95,iqr,0.104166671634,0.104166671634,0.000e+00,0.000e+00,True
strict_path_ood,s6_t3,nonproportional,material_parameter_ece,mean,0.695833325386,0.695833325386,0.000e+00,0.000e+00,True
strict_path_ood,s6_t3,nonproportional,material_parameter_ece,std,0.0677683983364,0.0677683983364,0.000e+00,0.000e+00,True
strict_path_ood,s6_t3,nonproportional,material_parameter_ece,median,0.725000023842,0.725000023842,0.000e+00,0.000e+00,True
strict_path_ood,s6_t3,nonproportional,material_parameter_ece,iqr,0.114583313465,0.114583313465,0.000e+00,0.000e+00,True
strict_path_ood,s6_t3,nonproportional,material_parameter_nll,mean,226258.620508,226258.620508,0.000e+00,0.000e+00,True
strict_path_ood,s6_t3,nonproportional,material_parameter_nll,std,465789.463207,465789.463207,0.000e+00,0.000e+00,True
strict_path_ood,s6_t3,nonproportional,material_parameter_nll,median,19442.5097656,19442.5097656,0.000e+00,0.000e+00,True
strict_path_ood,s6_t3,nonproportional,material_parameter_nll,iqr,4789.05859375,4789.05859375,0.000e+00,0.000e+00,True
strict_path_ood,s6_t3,nonproportional,calibrated_material_parameter_coverage_95,mean,1,1,0.000e+00,0.000e+00,True
strict_path_ood,s6_t3,nonproportional,calibrated_material_parameter_coverage_95,std,0,0,0.000e+00,0.000e+00,True
strict_path_ood,s6_t3,nonproportional,calibrated_material_parameter_coverage_95,median,1,1,0.000e+00,0.000e+00,True
strict_path_ood,s6_t3,nonproportional,calibrated_material_parameter_coverage_95,iqr,0,0,0.000e+00,0.000e+00,True
strict_path_ood,s6_t3,nonproportional,calibrated_material_parameter_ece,mean,0.195833343267,0.195833343267,0.000e+00,0.000e+00,True
strict_path_ood,s6_t3,nonproportional,calibrated_material_parameter_ece,std,0.0118768277804,0.0118768277804,0.000e+00,0.000e+00,True
strict_path_ood,s6_t3,nonproportional,calibrated_material_parameter_ece,median,0.191666677594,0.191666677594,0.000e+00,0.000e+00,True
strict_path_ood,s6_t3,nonproportional,calibrated_material_parameter_ece,iqr,0.0104166716337,0.0104166716337,0.000e+00,0.000e+00,True
strict_path_ood,s6_t3,nonproportional,calibrated_material_parameter_nll,mean,2.94699232578,2.94699232578,0.000e+00,0.000e+00,True
strict_path_ood,s6_t3,nonproportional,calibrated_material_parameter_nll,std,0.852919350325,0.852919350325,0.000e+00,0.000e+00,True
strict_path_ood,s6_t3,nonproportional,calibrated_material_parameter_nll,median,2.80318880081,2.80318880081,0.000e+00,0.000e+00,True
strict_path_ood,s6_t3,nonproportional,calibrated_material_parameter_nll,iqr,1.01257538795,1.01257538795,0.000e+00,0.000e+00,True
strict_path_ood,s6_t3,nonproportional,calibrated_material_parameter_spread_scale,mean,1837.63905029,1837.63905029,0.000e+00,0.000e+00,True
strict_path_ood,s6_t3,nonproportional,calibrated_material_parameter_spread_scale,std,2088.12777893,2088.12777893,0.000e+00,0.000e+00,True
strict_path_ood,s6_t3,nonproportional,calibrated_material_parameter_spread_scale,median,1051.34313965,1051.34313965,0.000e+00,0.000e+00,True
strict_path_ood,s6_t3,nonproportional,calibrated_material_parameter_spread_scale,iqr,441.487854004,441.487854004,0.000e+00,0.000e+00,True
strict_path_ood,s6_t3,nonproportional,history_relative_l2,mean,1.00443763733,1.00443763733,0.000e+00,0.000e+00,True
strict_path_ood,s6_t3,nonproportional,history_relative_l2,std,0.0284877017617,0.0284877017617,0.000e+00,0.000e+00,True
strict_path_ood,s6_t3,nonproportional,history_relative_l2,median,0.992889583111,0.992889583111,0.000e+00,0.000e+00,True
strict_path_ood,s6_t3,nonproportional,history_relative_l2,iqr,0.0496056675911,0.0496056675911,0.000e+00,0.000e+00,True
strict_path_ood,s6_t3,nonproportional,history_final_relative_l2,mean,2.76093921661,2.76093921661,0.000e+00,0.000e+00,True
strict_path_ood,s6_t3,nonproportional,history_final_relative_l2,std,0.0200885576293,0.0200885576293,0.000e+00,0.000e+00,True
strict_path_ood,s6_t3,nonproportional,history_final_relative_l2,median,2.76470708847,2.76470708847,0.000e+00,0.000e+00,True
strict_path_ood,s6_t3,nonproportional,history_final_relative_l2,iqr,0.0363192558289,0.0363192558289,0.000e+00,0.000e+00,True
strict_path_ood,s6_t3,nonproportional,history_coverage_95,mean,0.0284677412361,0.0284677412361,0.000e+00,0.000e+00,True
strict_path_ood,s6_t3,nonproportional,history_coverage_95,std,0.0173038166592,0.0173038166592,3.469e-18,3.469e-18,True
strict_path_ood,s6_t3,nonproportional,history_coverage_95,median,0.0294858869165,0.0294858869165,0.000e+00,0.000e+00,True
strict_path_ood,s6_t3,nonproportional,history_coverage_95,iqr,0.0206149192527,0.0206149192527,0.000e+00,0.000e+00,True
strict_path_ood,s6_t3,nonproportional,history_ece,mean,0.760592234135,0.760592234135,0.000e+00,0.000e+00,True
strict_path_ood,s6_t3,nonproportional,history_ece,std,0.017223410675,0.017223410675,0.000e+00,0.000e+00,True
strict_path_ood,s6_t3,nonproportional,history_ece,median,0.759135603905,0.759135603905,0.000e+00,0.000e+00,True
strict_path_ood,s6_t3,nonproportional,history_ece,iqr,0.0215725898743,0.0215725898743,0.000e+00,0.000e+00,True
strict_path_ood,s6_t3,nonproportional,history_nll,mean,4121365.3,4121365.3,0.000e+00,0.000e+00,True
strict_path_ood,s6_t3,nonproportional,history_nll,std,1382748.38977,1382748.38977,0.000e+00,0.000e+00,True
strict_path_ood,s6_t3,nonproportional,history_nll,median,4190060,4190060,0.000e+00,0.000e+00,True
strict_path_ood,s6_t3,nonproportional,history_nll,iqr,1264821.25,1264821.25,0.000e+00,0.000e+00,True
strict_path_ood,s6_t3,nonproportional,calibrated_history_coverage_95,mean,0.823387086391,0.823387086391,0.000e+00,0.000e+00,True
strict_path_ood,s6_t3,nonproportional,calibrated_history_coverage_95,std,0.0455074452473,0.0455074452473,0.000e+00,0.000e+00,True
strict_path_ood,s6_t3,nonproportional,calibrated_history_coverage_95,median,0.831854820251,0.831854820251,0.000e+00,0.000e+00,True
strict_path_ood,s6_t3,nonproportional,calibrated_history_coverage_95,iqr,0.0301411151886,0.0301411151886,0.000e+00,0.000e+00,True
strict_path_ood,s6_t3,nonproportional,calibrated_history_ece,mean,0.12075099647,0.12075099647,0.000e+00,0.000e+00,True
strict_path_ood,s6_t3,nonproportional,calibrated_history_ece,std,0.0218786838924,0.0218786838924,0.000e+00,0.000e+00,True
strict_path_ood,s6_t3,nonproportional,calibrated_history_ece,median,0.125352814794,0.125352814794,0.000e+00,0.000e+00,True
strict_path_ood,s6_t3,nonproportional,calibrated_history_ece,iqr,0.0223538130522,0.0223538130522,0.000e+00,0.000e+00,True
strict_path_ood,s6_t3,nonproportional,calibrated_history_nll,mean,1133964.01904,1133964.01904,0.000e+00,0.000e+00,True
strict_path_ood,s6_t3,nonproportional,calibrated_history_nll,std,1638749.81678,1638749.81678,2.328e-10,1.421e-16,True
strict_path_ood,s6_t3,nonproportional,calibrated_history_nll,median,262984.71875,262984.71875,0.000e+00,0.000e+00,True
strict_path_ood,s6_t3,nonproportional,calibrated_history_nll,iqr,1106983.71875,1106983.71875,0.000e+00,0.000e+00,True
strict_path_ood,s6_t3,nonproportional,calibrated_history_spread_scale,mean,10000,10000,0.000e+00,0.000e+00,True
strict_path_ood,s6_t3,nonproportional,calibrated_history_spread_scale,std,0,0,0.000e+00,0.000e+00,True
strict_path_ood,s6_t3,nonproportional,calibrated_history_spread_scale,median,10000,10000,0.000e+00,0.000e+00,True
strict_path_ood,s6_t3,nonproportional,calibrated_history_spread_scale,iqr,0,0,0.000e+00,0.000e+00,True
strict_path_ood,s6_t3,nonproportional,field_coverage_95,mean,0.0242187501572,0.0242187501572,0.000e+00,0.000e+00,True
strict_path_ood,s6_t3,nonproportional,field_coverage_95,std,0.0266466191341,0.0266466191341,0.000e+00,0.000e+00,True
strict_path_ood,s6_t3,nonproportional,field_coverage_95,median,0.00813802145422,0.00813802145422,0.000e+00,0.000e+00,True
strict_path_ood,s6_t3,nonproportional,field_coverage_95,iqr,0.0387369790114,0.0387369790114,0.000e+00,0.000e+00,True
strict_path_ood,s6_t3,nonproportional,field_ece,mean,0.764054358006,0.764054358006,0.000e+00,0.000e+00,True
strict_path_ood,s6_t3,nonproportional,field_ece,std,0.0269624993499,0.0269624993499,0.000e+00,0.000e+00,True
strict_path_ood,s6_t3,nonproportional,field_ece,median,0.780908167362,0.780908167362,0.000e+00,0.000e+00,True
strict_path_ood,s6_t3,nonproportional,field_ece,iqr,0.0399577617645,0.0399577617645,0.000e+00,0.000e+00,True
strict_path_ood,s6_t3,nonproportional,field_nll,mean,86994.4859375,86994.4859375,0.000e+00,0.000e+00,True
strict_path_ood,s6_t3,nonproportional,field_nll,std,13786.4279941,13786.4279941,0.000e+00,0.000e+00,True
strict_path_ood,s6_t3,nonproportional,field_nll,median,83560.90625,83560.90625,0.000e+00,0.000e+00,True
strict_path_ood,s6_t3,nonproportional,field_nll,iqr,8279.3203125,8279.3203125,0.000e+00,0.000e+00,True
strict_path_ood,s6_t3,nonproportional,field_crps,mean,0.0301785025746,0.0301785025746,0.000e+00,0.000e+00,True
strict_path_ood,s6_t3,nonproportional,field_crps,std,0.00114379507948,0.00114379507948,0.000e+00,0.000e+00,True
strict_path_ood,s6_t3,nonproportional,field_crps,median,0.0298281591386,0.0298281591386,0.000e+00,0.000e+00,True
strict_path_ood,s6_t3,nonproportional,field_crps,iqr,0.000993233174086,0.000993233174086,0.000e+00,0.000e+00,True
strict_path_ood,s6_t3,nonproportional,calibrated_field_coverage_95,mean,0.933333349228,0.933333349228,0.000e+00,0.000e+00,True
strict_path_ood,s6_t3,nonproportional,calibrated_field_coverage_95,std,0.111136976418,0.111136976418,0.000e+00,0.000e+00,True
strict_path_ood,s6_t3,nonproportional,calibrated_field_coverage_95,median,0.9794921875,0.9794921875,0.000e+00,0.000e+00,True
strict_path_ood,s6_t3,nonproportional,calibrated_field_coverage_95,iqr,0.00553387403488,0.00553387403488,0.000e+00,0.000e+00,True
strict_path_ood,s6_t3,nonproportional,calibrated_field_ece,mean,0.162705096602,0.162705096602,0.000e+00,0.000e+00,True
strict_path_ood,s6_t3,nonproportional,calibrated_field_ece,std,0.0183295198197,0.0183295198197,0.000e+00,0.000e+00,True
strict_path_ood,s6_t3,nonproportional,calibrated_field_ece,median,0.163509145379,0.163509145379,0.000e+00,0.000e+00,True
strict_path_ood,s6_t3,nonproportional,calibrated_field_ece,iqr,0.0201009064913,0.0201009064913,0.000e+00,0.000e+00,True
strict_path_ood,s6_t3,nonproportional,calibrated_field_nll,mean,1.79760639668,1.79760639668,0.000e+00,0.000e+00,True
strict_path_ood,s6_t3,nonproportional,calibrated_field_nll,std,3.77241201626,3.77241201626,0.000e+00,0.000e+00,True
strict_path_ood,s6_t3,nonproportional,calibrated_field_nll,median,0.707047462463,0.707047462463,0.000e+00,0.000e+00,True
strict_path_ood,s6_t3,nonproportional,calibrated_field_nll,iqr,2.03214907646,2.03214907646,0.000e+00,0.000e+00,True
strict_path_ood,s6_t3,nonproportional,calibrated_field_crps,mean,1.20133187324,1.20133187324,0.000e+00,0.000e+00,True
strict_path_ood,s6_t3,nonproportional,calibrated_field_crps,std,2.33187776924,2.33187776924,0.000e+00,0.000e+00,True
strict_path_ood,s6_t3,nonproportional,calibrated_field_crps,median,0.0761815011501,0.0761815011501,0.000e+00,0.000e+00,True
strict_path_ood,s6_t3,nonproportional,calibrated_field_crps,iqr,0.423596993089,0.423596993089,0.000e+00,0.000e+00,True
strict_path_ood,s6_t3,nonproportional,calibrated_field_spread_scale,mean,5658.73720703,5658.73720703,0.000e+00,0.000e+00,True
strict_path_ood,s6_t3,nonproportional,calibrated_field_spread_scale,std,3359.78644528,3359.78644528,0.000e+00,0.000e+00,True
strict_path_ood,s6_t3,nonproportional,calibrated_field_spread_scale,median,5107.29882812,5107.29882812,0.000e+00,0.000e+00,True
strict_path_ood,s6_t3,nonproportional,calibrated_field_spread_scale,iqr,5158.51513672,5158.51513672,0.000e+00,0.000e+00,True
strict_path_ood,s6_t3,nonproportional,posterior_calibration_num_calibration,mean,4,4,0.000e+00,0.000e+00,True
strict_path_ood,s6_t3,nonproportional,posterior_calibration_num_calibration,std,0,0,0.000e+00,0.000e+00,True
strict_path_ood,s6_t3,nonproportional,posterior_calibration_num_calibration,median,4,4,0.000e+00,0.000e+00,True
strict_path_ood,s6_t3,nonproportional,posterior_calibration_num_calibration,iqr,0,0,0.000e+00,0.000e+00,True
strict_path_ood,s6_t3,nonproportional,posterior_calibration_num_test,mean,4,4,0.000e+00,0.000e+00,True
strict_path_ood,s6_t3,nonproportional,posterior_calibration_num_test,std,0,0,0.000e+00,0.000e+00,True
strict_path_ood,s6_t3,nonproportional,posterior_calibration_num_test,median,4,4,0.000e+00,0.000e+00,True
strict_path_ood,s6_t3,nonproportional,posterior_calibration_num_test,iqr,0,0,0.000e+00,0.000e+00,True
strict_path_ood,s6_t3,random_amplitude,sparse_observation_relative_l2,mean,0.857625210285,0.857625210285,0.000e+00,0.000e+00,True
strict_path_ood,s6_t3,random_amplitude,sparse_observation_relative_l2,std,0.0889653305361,0.0889653305361,0.000e+00,0.000e+00,True
strict_path_ood,s6_t3,random_amplitude,sparse_observation_relative_l2,median,0.88526070118,0.88526070118,0.000e+00,0.000e+00,True
strict_path_ood,s6_t3,random_amplitude,sparse_observation_relative_l2,iqr,0.0765053629875,0.0765053629875,0.000e+00,0.000e+00,True
strict_path_ood,s6_t3,random_amplitude,rollout_displacement_relative_l2,mean,0.842415297031,0.842415297031,0.000e+00,0.000e+00,True
strict_path_ood,s6_t3,random_amplitude,rollout_displacement_relative_l2,std,0.0468966094011,0.0468966094011,6.939e-18,6.939e-18,True
strict_path_ood,s6_t3,random_amplitude,rollout_displacement_relative_l2,median,0.843768358231,0.843768358231,0.000e+00,0.000e+00,True
strict_path_ood,s6_t3,random_amplitude,rollout_displacement_relative_l2,iqr,0.078695833683,0.078695833683,0.000e+00,0.000e+00,True
strict_path_ood,s6_t3,random_amplitude,material_parameter_relative_l2,mean,0.22354644537,0.22354644537,0.000e+00,0.000e+00,True
strict_path_ood,s6_t3,random_amplitude,material_parameter_relative_l2,std,0.0521788317062,0.0521788317062,0.000e+00,0.000e+00,True
strict_path_ood,s6_t3,random_amplitude,material_parameter_relative_l2,median,0.225827842951,0.225827842951,0.000e+00,0.000e+00,True
strict_path_ood,s6_t3,random_amplitude,material_parameter_relative_l2,iqr,0.0401452332735,0.0401452332735,0.000e+00,0.000e+00,True
strict_path_ood,s6_t3,random_amplitude,material_parameter_coverage_95,mean,0.0375000014901,0.0375000014901,0.000e+00,0.000e+00,True
strict_path_ood,s6_t3,random_amplitude,material_parameter_coverage_95,std,0.0518745838027,0.0518745838027,0.000e+00,0.000e+00,True
strict_path_ood,s6_t3,random_amplitude,material_parameter_coverage_95,median,0,0,0.000e+00,0.000e+00,True
strict_path_ood,s6_t3,random_amplitude,material_parameter_coverage_95,iqr,0.0833333358169,0.0833333358169,0.000e+00,0.000e+00,True
strict_path_ood,s6_t3,random_amplitude,material_parameter_ece,mean,0.755208313465,0.755208313465,0.000e+00,0.000e+00,True
strict_path_ood,s6_t3,random_amplitude,material_parameter_ece,std,0.0472209252726,0.0472209252726,0.000e+00,0.000e+00,True
strict_path_ood,s6_t3,random_amplitude,material_parameter_ece,median,0.787499964237,0.787499964237,0.000e+00,0.000e+00,True
strict_path_ood,s6_t3,random_amplitude,material_parameter_ece,iqr,0.0572916269302,0.0572916269302,0.000e+00,0.000e+00,True
strict_path_ood,s6_t3,random_amplitude,material_parameter_nll,mean,141554.832959,141554.832959,0.000e+00,0.000e+00,True
strict_path_ood,s6_t3,random_amplitude,material_parameter_nll,std,249770.264515,249770.264515,0.000e+00,0.000e+00,True
strict_path_ood,s6_t3,random_amplitude,material_parameter_nll,median,42123.9140625,42123.9140625,0.000e+00,0.000e+00,True
strict_path_ood,s6_t3,random_amplitude,material_parameter_nll,iqr,55642.5898438,55642.5898438,0.000e+00,0.000e+00,True
strict_path_ood,s6_t3,random_amplitude,calibrated_material_parameter_coverage_95,mean,0.950000011921,0.950000011921,0.000e+00,0.000e+00,True
strict_path_ood,s6_t3,random_amplitude,calibrated_material_parameter_coverage_95,std,0.0543266851862,0.0543266851862,0.000e+00,0.000e+00,True
strict_path_ood,s6_t3,random_amplitude,calibrated_material_parameter_coverage_95,median,0.95833337307,0.95833337307,0.000e+00,0.000e+00,True
strict_path_ood,s6_t3,random_amplitude,calibrated_material_parameter_coverage_95,iqr,0.0833333134651,0.0833333134651,0.000e+00,0.000e+00,True
strict_path_ood,s6_t3,random_amplitude,calibrated_material_parameter_ece,mean,0.16333334744,0.16333334744,0.000e+00,0.000e+00,True
strict_path_ood,s6_t3,random_amplitude,calibrated_material_parameter_ece,std,0.0349416696979,0.0349416696979,0.000e+00,0.000e+00,True
strict_path_ood,s6_t3,random_amplitude,calibrated_material_parameter_ece,median,0.160416707397,0.160416707397,0.000e+00,0.000e+00,True
strict_path_ood,s6_t3,random_amplitude,calibrated_material_parameter_ece,iqr,0.0437500327826,0.0437500327826,0.000e+00,0.000e+00,True
strict_path_ood,s6_t3,random_amplitude,calibrated_material_parameter_nll,mean,2.30903000832,2.30903000832,0.000e+00,0.000e+00,True
strict_path_ood,s6_t3,random_amplitude,calibrated_material_parameter_nll,std,0.995559839846,0.995559839846,0.000e+00,0.000e+00,True
strict_path_ood,s6_t3,random_amplitude,calibrated_material_parameter_nll,median,2.82816696167,2.82816696167,0.000e+00,0.000e+00,True
strict_path_ood,s6_t3,random_amplitude,calibrated_material_parameter_nll,iqr,0.598243236542,0.598243236542,0.000e+00,0.000e+00,True
strict_path_ood,s6_t3,random_amplitude,calibrated_material_parameter_spread_scale,mean,942.263973999,942.263973999,0.000e+00,0.000e+00,True
strict_path_ood,s6_t3,random_amplitude,calibrated_material_parameter_spread_scale,std,1076.97147091,1076.97147091,0.000e+00,0.000e+00,True
strict_path_ood,s6_t3,random_amplitude,calibrated_material_parameter_spread_scale,median,591.8046875,591.8046875,0.000e+00,0.000e+00,True
strict_path_ood,s6_t3,random_amplitude,calibrated_material_parameter_spread_scale,iqr,593.716125488,593.716125488,0.000e+00,0.000e+00,True
strict_path_ood,s6_t3,random_amplitude,history_relative_l2,mean,0.943780112267,0.943780112267,0.000e+00,0.000e+00,True
strict_path_ood,s6_t3,random_amplitude,history_relative_l2,std,0.0274412138351,0.0274412138351,0.000e+00,0.000e+00,True
strict_path_ood,s6_t3,random_amplitude,history_relative_l2,median,0.947717010975,0.947717010975,0.000e+00,0.000e+00,True
strict_path_ood,s6_t3,random_amplitude,history_relative_l2,iqr,0.0160383582115,0.0160383582115,0.000e+00,0.000e+00,True
strict_path_ood,s6_t3,random_amplitude,history_final_relative_l2,mean,0.251888120174,0.251888120174,0.000e+00,0.000e+00,True
strict_path_ood,s6_t3,random_amplitude,history_final_relative_l2,std,0.0116348321758,0.0116348321758,0.000e+00,0.000e+00,True
strict_path_ood,s6_t3,random_amplitude,history_final_relative_l2,median,0.25007262826,0.25007262826,0.000e+00,0.000e+00,True
strict_path_ood,s6_t3,random_amplitude,history_final_relative_l2,iqr,0.0126354694366,0.0126354694366,0.000e+00,0.000e+00,True
strict_path_ood,s6_t3,random_amplitude,history_coverage_95,mean,0.0441468268633,0.0441468268633,0.000e+00,0.000e+00,True
strict_path_ood,s6_t3,random_amplitude,history_coverage_95,std,0.0203839789099,0.0203839789099,0.000e+00,0.000e+00,True
strict_path_ood,s6_t3,random_amplitude,history_coverage_95,median,0.0354166664183,0.0354166664183,0.000e+00,0.000e+00,True
strict_path_ood,s6_t3,random_amplitude,history_coverage_95,iqr,0.0186507925391,0.0186507925391,0.000e+00,0.000e+00,True
strict_path_ood,s6_t3,random_amplitude,history_ece,mean,0.745106649399,0.745106649399,0.000e+00,0.000e+00,True
strict_path_ood,s6_t3,random_amplitude,history_ece,std,0.0198697402594,0.0198697402594,3.469e-18,3.469e-18,True
strict_path_ood,s6_t3,random_amplitude,history_ece,median,0.75425350666,0.75425350666,0.000e+00,0.000e+00,True
strict_path_ood,s6_t3,random_amplitude,history_ece,iqr,0.0178200006485,0.0178200006485,0.000e+00,0.000e+00,True
strict_path_ood,s6_t3,random_amplitude,history_nll,mean,3286264.7,3286264.7,0.000e+00,0.000e+00,True
strict_path_ood,s6_t3,random_amplitude,history_nll,std,1484499.27769,1484499.27769,2.328e-10,1.568e-16,True
strict_path_ood,s6_t3,random_amplitude,history_nll,median,3869328,3869328,0.000e+00,0.000e+00,True
strict_path_ood,s6_t3,random_amplitude,history_nll,iqr,2415256.25,2415256.25,0.000e+00,0.000e+00,True
strict_path_ood,s6_t3,random_amplitude,calibrated_history_coverage_95,mean,0.826527798176,0.826527798176,0.000e+00,0.000e+00,True
strict_path_ood,s6_t3,random_amplitude,calibrated_history_coverage_95,std,0.0223365996307,0.0223365996307,0.000e+00,0.000e+00,True
strict_path_ood,s6_t3,random_amplitude,calibrated_history_coverage_95,median,0.830555558205,0.830555558205,0.000e+00,0.000e+00,True
strict_path_ood,s6_t3,random_amplitude,calibrated_history_coverage_95,iqr,0.0253968238831,0.0253968238831,0.000e+00,0.000e+00,True
strict_path_ood,s6_t3,random_amplitude,calibrated_history_ece,mean,0.120848196745,0.120848196745,0.000e+00,0.000e+00,True
strict_path_ood,s6_t3,random_amplitude,calibrated_history_ece,std,0.00398907369,0.00398907369,0.000e+00,0.000e+00,True
strict_path_ood,s6_t3,random_amplitude,calibrated_history_ece,median,0.1184027493,0.1184027493,0.000e+00,0.000e+00,True
strict_path_ood,s6_t3,random_amplitude,calibrated_history_ece,iqr,0.00518353283405,0.00518353283405,0.000e+00,0.000e+00,True
strict_path_ood,s6_t3,random_amplitude,calibrated_history_nll,mean,698290.349463,698290.349463,0.000e+00,0.000e+00,True
strict_path_ood,s6_t3,random_amplitude,calibrated_history_nll,std,1264843.64816,1264843.64816,0.000e+00,0.000e+00,True
strict_path_ood,s6_t3,random_amplitude,calibrated_history_nll,median,99875.6171875,99875.6171875,0.000e+00,0.000e+00,True
strict_path_ood,s6_t3,random_amplitude,calibrated_history_nll,iqr,387209.921875,387209.921875,0.000e+00,0.000e+00,True
strict_path_ood,s6_t3,random_amplitude,calibrated_history_spread_scale,mean,10000,10000,0.000e+00,0.000e+00,True
strict_path_ood,s6_t3,random_amplitude,calibrated_history_spread_scale,std,0,0,0.000e+00,0.000e+00,True
strict_path_ood,s6_t3,random_amplitude,calibrated_history_spread_scale,median,10000,10000,0.000e+00,0.000e+00,True
strict_path_ood,s6_t3,random_amplitude,calibrated_history_spread_scale,iqr,0,0,0.000e+00,0.000e+00,True
strict_path_ood,s6_t3,random_amplitude,field_coverage_95,mean,0.0117513023317,0.0117513023317,0.000e+00,0.000e+00,True
strict_path_ood,s6_t3,random_amplitude,field_coverage_95,std,0.0146486186259,0.0146486186259,0.000e+00,0.000e+00,True
strict_path_ood,s6_t3,random_amplitude,field_coverage_95,median,0.00146484375,0.00146484375,0.000e+00,0.000e+00,True
strict_path_ood,s6_t3,random_amplitude,field_coverage_95,iqr,0.0240885429084,0.0240885429084,0.000e+00,0.000e+00,True
strict_path_ood,s6_t3,random_amplitude,field_ece,mean,0.776944983006,0.776944983006,0.000e+00,0.000e+00,True
strict_path_ood,s6_t3,random_amplitude,field_ece,std,0.0131921701047,0.0131921701047,0.000e+00,0.000e+00,True
strict_path_ood,s6_t3,random_amplitude,field_ece,median,0.786442041397,0.786442041397,0.000e+00,0.000e+00,True
strict_path_ood,s6_t3,random_amplitude,field_ece,iqr,0.0238444209099,0.0238444209099,0.000e+00,0.000e+00,True
strict_path_ood,s6_t3,random_amplitude,field_nll,mean,61595.83125,61595.83125,0.000e+00,0.000e+00,True
strict_path_ood,s6_t3,random_amplitude,field_nll,std,15836.7981064,15836.7981064,1.819e-12,1.149e-16,True
strict_path_ood,s6_t3,random_amplitude,field_nll,median,69310.96875,69310.96875,0.000e+00,0.000e+00,True
strict_path_ood,s6_t3,random_amplitude,field_nll,iqr,17141.5546875,17141.5546875,0.000e+00,0.000e+00,True
strict_path_ood,s6_t3,random_amplitude,field_crps,mean,0.0261008642614,0.0261008642614,0.000e+00,0.000e+00,True
strict_path_ood,s6_t3,random_amplitude,field_crps,std,0.000955667372525,0.000955667372525,0.000e+00,0.000e+00,True
strict_path_ood,s6_t3,random_amplitude,field_crps,median,0.0266032479703,0.0266032479703,0.000e+00,0.000e+00,True
strict_path_ood,s6_t3,random_amplitude,field_crps,iqr,0.0014338940382,0.0014338940382,0.000e+00,0.000e+00,True
strict_path_ood,s6_t3,random_amplitude,calibrated_field_coverage_95,mean,0.914127612114,0.914127612114,0.000e+00,0.000e+00,True
strict_path_ood,s6_t3,random_amplitude,calibrated_field_coverage_95,std,0.087642621171,0.087642621171,1.388e-17,1.388e-17,True
strict_path_ood,s6_t3,random_amplitude,calibrated_field_coverage_95,median,0.9326171875,0.9326171875,0.000e+00,0.000e+00,True
strict_path_ood,s6_t3,random_amplitude,calibrated_field_coverage_95,iqr,0.0546875,0.0546875,0.000e+00,0.000e+00,True
strict_path_ood,s6_t3,random_amplitude,calibrated_field_ece,mean,0.125817063451,0.125817063451,0.000e+00,0.000e+00,True
strict_path_ood,s6_t3,random_amplitude,calibrated_field_ece,std,0.0271257113303,0.0271257113303,0.000e+00,0.000e+00,True
strict_path_ood,s6_t3,random_amplitude,calibrated_field_ece,median,0.117578089237,0.117578089237,0.000e+00,0.000e+00,True
strict_path_ood,s6_t3,random_amplitude,calibrated_field_ece,iqr,0.0373698025942,0.0373698025942,0.000e+00,0.000e+00,True
strict_path_ood,s6_t3,random_amplitude,calibrated_field_nll,mean,-0.496862924099,-0.496862924099,0.000e+00,0.000e+00,True
strict_path_ood,s6_t3,random_amplitude,calibrated_field_nll,std,0.916894532378,0.916894532378,0.000e+00,0.000e+00,True
strict_path_ood,s6_t3,random_amplitude,calibrated_field_nll,median,-0.623705267906,-0.623705267906,0.000e+00,0.000e+00,True
strict_path_ood,s6_t3,random_amplitude,calibrated_field_nll,iqr,0.240391910076,0.240391910076,0.000e+00,0.000e+00,True
strict_path_ood,s6_t3,random_amplitude,calibrated_field_crps,mean,0.130056127533,0.130056127533,0.000e+00,0.000e+00,True
strict_path_ood,s6_t3,random_amplitude,calibrated_field_crps,std,0.16794093876,0.16794093876,2.776e-17,2.776e-17,True
strict_path_ood,s6_t3,random_amplitude,calibrated_field_crps,median,0.0797555670142,0.0797555670142,0.000e+00,0.000e+00,True
strict_path_ood,s6_t3,random_amplitude,calibrated_field_crps,iqr,0.0627482160926,0.0627482160926,0.000e+00,0.000e+00,True
strict_path_ood,s6_t3,random_amplitude,calibrated_field_spread_scale,mean,3620.65130615,3620.65130615,0.000e+00,0.000e+00,True
strict_path_ood,s6_t3,random_amplitude,calibrated_field_spread_scale,std,2432.29649544,2432.29649544,0.000e+00,0.000e+00,True
strict_path_ood,s6_t3,random_amplitude,calibrated_field_spread_scale,median,3989.2265625,3989.2265625,0.000e+00,0.000e+00,True
strict_path_ood,s6_t3,random_amplitude,calibrated_field_spread_scale,iqr,4280.90588379,4280.90588379,0.000e+00,0.000e+00,True
strict_path_ood,s6_t3,random_amplitude,posterior_calibration_num_calibration,mean,4,4,0.000e+00,0.000e+00,True
strict_path_ood,s6_t3,random_amplitude,posterior_calibration_num_calibration,std,0,0,0.000e+00,0.000e+00,True
strict_path_ood,s6_t3,random_amplitude,posterior_calibration_num_calibration,median,4,4,0.000e+00,0.000e+00,True
strict_path_ood,s6_t3,random_amplitude,posterior_calibration_num_calibration,iqr,0,0,0.000e+00,0.000e+00,True
strict_path_ood,s6_t3,random_amplitude,posterior_calibration_num_test,mean,4,4,0.000e+00,0.000e+00,True
strict_path_ood,s6_t3,random_amplitude,posterior_calibration_num_test,std,0,0,0.000e+00,0.000e+00,True
strict_path_ood,s6_t3,random_amplitude,posterior_calibration_num_test,median,4,4,0.000e+00,0.000e+00,True
strict_path_ood,s6_t3,random_amplitude,posterior_calibration_num_test,iqr,0,0,0.000e+00,0.000e+00,True
strict_path_ood,s6_t3,pre_stress,sparse_observation_relative_l2,mean,0.868324482441,0.868324482441,0.000e+00,0.000e+00,True
strict_path_ood,s6_t3,pre_stress,sparse_observation_relative_l2,std,0.110687897544,0.110687897544,1.388e-17,1.388e-17,True
strict_path_ood,s6_t3,pre_stress,sparse_observation_relative_l2,median,0.840477228165,0.840477228165,0.000e+00,0.000e+00,True
strict_path_ood,s6_t3,pre_stress,sparse_observation_relative_l2,iqr,0.167056620121,0.167056620121,0.000e+00,0.000e+00,True
strict_path_ood,s6_t3,pre_stress,rollout_displacement_relative_l2,mean,0.872691047192,0.872691047192,0.000e+00,0.000e+00,True
strict_path_ood,s6_t3,pre_stress,rollout_displacement_relative_l2,std,0.0298422215069,0.0298422215069,0.000e+00,0.000e+00,True
strict_path_ood,s6_t3,pre_stress,rollout_displacement_relative_l2,median,0.868727624416,0.868727624416,0.000e+00,0.000e+00,True
strict_path_ood,s6_t3,pre_stress,rollout_displacement_relative_l2,iqr,0.0436970591545,0.0436970591545,0.000e+00,0.000e+00,True
strict_path_ood,s6_t3,pre_stress,material_parameter_relative_l2,mean,0.188038143516,0.188038143516,0.000e+00,0.000e+00,True
strict_path_ood,s6_t3,pre_stress,material_parameter_relative_l2,std,0.0323325912861,0.0323325912861,0.000e+00,0.000e+00,True
strict_path_ood,s6_t3,pre_stress,material_parameter_relative_l2,median,0.187141299248,0.187141299248,0.000e+00,0.000e+00,True
strict_path_ood,s6_t3,pre_stress,material_parameter_relative_l2,iqr,0.020044401288,0.020044401288,0.000e+00,0.000e+00,True
strict_path_ood,s6_t3,pre_stress,material_parameter_coverage_95,mean,0.0541666675359,0.0541666675359,0.000e+00,0.000e+00,True
strict_path_ood,s6_t3,pre_stress,material_parameter_coverage_95,std,0.0501733109254,0.0501733109254,0.000e+00,0.000e+00,True
strict_path_ood,s6_t3,pre_stress,material_parameter_coverage_95,median,0.0416666679084,0.0416666679084,0.000e+00,0.000e+00,True
strict_path_ood,s6_t3,pre_stress,material_parameter_coverage_95,iqr,0.0625000018626,0.0625000018626,0.000e+00,0.000e+00,True
strict_path_ood,s6_t3,pre_stress,material_parameter_ece,mean,0.748958337307,0.748958337307,0.000e+00,0.000e+00,True
strict_path_ood,s6_t3,pre_stress,material_parameter_ece,std,0.0322327908043,0.0322327908043,0.000e+00,0.000e+00,True
strict_path_ood,s6_t3,pre_stress,material_parameter_ece,median,0.751041650772,0.751041650772,0.000e+00,0.000e+00,True
strict_path_ood,s6_t3,pre_stress,material_parameter_ece,iqr,0.046875,0.046875,0.000e+00,0.000e+00,True
strict_path_ood,s6_t3,pre_stress,material_parameter_nll,mean,20850.6296875,20850.6296875,0.000e+00,0.000e+00,True
strict_path_ood,s6_t3,pre_stress,material_parameter_nll,std,21969.9709709,21969.9709709,0.000e+00,0.000e+00,True
strict_path_ood,s6_t3,pre_stress,material_parameter_nll,median,13448.7441406,13448.7441406,0.000e+00,0.000e+00,True
strict_path_ood,s6_t3,pre_stress,material_parameter_nll,iqr,23301.5771484,23301.5771484,0.000e+00,0.000e+00,True
strict_path_ood,s6_t3,pre_stress,calibrated_material_parameter_coverage_95,mean,0.925000023842,0.925000023842,0.000e+00,0.000e+00,True
strict_path_ood,s6_t3,pre_stress,calibrated_material_parameter_coverage_95,std,0.061801643343,0.061801643343,6.939e-18,6.939e-18,True
strict_path_ood,s6_t3,pre_stress,calibrated_material_parameter_coverage_95,median,0.916666686535,0.916666686535,0.000e+00,0.000e+00,True
strict_path_ood,s6_t3,pre_stress,calibrated_material_parameter_coverage_95,iqr,0.0416666865349,0.0416666865349,0.000e+00,0.000e+00,True
strict_path_ood,s6_t3,pre_stress,calibrated_material_parameter_ece,mean,0.133333343267,0.133333343267,0.000e+00,0.000e+00,True
strict_path_ood,s6_t3,pre_stress,calibrated_material_parameter_ece,std,0.0468634385956,0.0468634385956,0.000e+00,0.000e+00,True
strict_path_ood,s6_t3,pre_stress,calibrated_material_parameter_ece,median,0.114583343267,0.114583343267,0.000e+00,0.000e+00,True
strict_path_ood,s6_t3,pre_stress,calibrated_material_parameter_ece,iqr,0.0645833909512,0.0645833909512,0.000e+00,0.000e+00,True
strict_path_ood,s6_t3,pre_stress,calibrated_material_parameter_nll,mean,1.50493497849,1.50493497849,0.000e+00,0.000e+00,True
strict_path_ood,s6_t3,pre_stress,calibrated_material_parameter_nll,std,0.48778132504,0.48778132504,5.551e-17,5.551e-17,True
strict_path_ood,s6_t3,pre_stress,calibrated_material_parameter_nll,median,1.59483277798,1.59483277798,0.000e+00,0.000e+00,True
strict_path_ood,s6_t3,pre_stress,calibrated_material_parameter_nll,iqr,0.373951673508,0.373951673508,0.000e+00,0.000e+00,True
strict_path_ood,s6_t3,pre_stress,calibrated_material_parameter_spread_scale,mean,323.517028809,323.517028809,0.000e+00,0.000e+00,True
strict_path_ood,s6_t3,pre_stress,calibrated_material_parameter_spread_scale,std,219.952545383,219.952545383,0.000e+00,0.000e+00,True
strict_path_ood,s6_t3,pre_stress,calibrated_material_parameter_spread_scale,median,198.136291504,198.136291504,0.000e+00,0.000e+00,True
strict_path_ood,s6_t3,pre_stress,calibrated_material_parameter_spread_scale,iqr,397.916976929,397.916976929,0.000e+00,0.000e+00,True
strict_path_ood,s6_t3,pre_stress,history_relative_l2,mean,0.601918923855,0.601918923855,0.000e+00,0.000e+00,True
strict_path_ood,s6_t3,pre_stress,history_relative_l2,std,0.0621841251858,0.0621841251858,0.000e+00,0.000e+00,True
strict_path_ood,s6_t3,pre_stress,history_relative_l2,median,0.574827671051,0.574827671051,0.000e+00,0.000e+00,True
strict_path_ood,s6_t3,pre_stress,history_relative_l2,iqr,0.0899760127068,0.0899760127068,0.000e+00,0.000e+00,True
strict_path_ood,s6_t3,pre_stress,history_final_relative_l2,mean,0.249969306588,0.249969306588,0.000e+00,0.000e+00,True
strict_path_ood,s6_t3,pre_stress,history_final_relative_l2,std,0.0104945526791,0.0104945526791,0.000e+00,0.000e+00,True
strict_path_ood,s6_t3,pre_stress,history_final_relative_l2,median,0.252724707127,0.252724707127,0.000e+00,0.000e+00,True
strict_path_ood,s6_t3,pre_stress,history_final_relative_l2,iqr,0.0104420781136,0.0104420781136,0.000e+00,0.000e+00,True
strict_path_ood,s6_t3,pre_stress,history_coverage_95,mean,0.0814616918564,0.0814616918564,0.000e+00,0.000e+00,True
strict_path_ood,s6_t3,pre_stress,history_coverage_95,std,0.0465050308966,0.0465050308966,0.000e+00,0.000e+00,True
strict_path_ood,s6_t3,pre_stress,history_coverage_95,median,0.0672378987074,0.0672378987074,0.000e+00,0.000e+00,True
strict_path_ood,s6_t3,pre_stress,history_coverage_95,iqr,0.0167842768133,0.0167842768133,0.000e+00,0.000e+00,True
strict_path_ood,s6_t3,pre_stress,history_ece,mean,0.71098536253,0.71098536253,0.000e+00,0.000e+00,True
strict_path_ood,s6_t3,pre_stress,history_ece,std,0.0443280855405,0.0443280855405,0.000e+00,0.000e+00,True
strict_path_ood,s6_t3,pre_stress,history_ece,median,0.727734327316,0.727734327316,0.000e+00,0.000e+00,True
strict_path_ood,s6_t3,pre_stress,history_ece,iqr,0.0155997276306,0.0155997276306,0.000e+00,0.000e+00,True
strict_path_ood,s6_t3,pre_stress,history_nll,mean,1208092.2875,1208092.2875,0.000e+00,0.000e+00,True
strict_path_ood,s6_t3,pre_stress,history_nll,std,243211.929207,243211.929207,0.000e+00,0.000e+00,True
strict_path_ood,s6_t3,pre_stress,history_nll,median,1315792.125,1315792.125,0.000e+00,0.000e+00,True
strict_path_ood,s6_t3,pre_stress,history_nll,iqr,244922.625,244922.625,0.000e+00,0.000e+00,True
strict_path_ood,s6_t3,pre_stress,calibrated_history_coverage_95,mean,0.917177402973,0.917177402973,0.000e+00,0.000e+00,True
strict_path_ood,s6_t3,pre_stress,calibrated_history_coverage_95,std,0.0171531784351,0.0171531784351,0.000e+00,0.000e+00,True
strict_path_ood,s6_t3,pre_stress,calibrated_history_coverage_95,median,0.920362889767,0.920362889767,0.000e+00,0.000e+00,True
strict_path_ood,s6_t3,pre_stress,calibrated_history_coverage_95,iqr,0.0103830695152,0.0103830695152,0.000e+00,0.000e+00,True
strict_path_ood,s6_t3,pre_stress,calibrated_history_ece,mean,0.115882048011,0.115882048011,0.000e+00,0.000e+00,True
strict_path_ood,s6_t3,pre_stress,calibrated_history_ece,std,0.0215850660845,0.0215850660845,0.000e+00,0.000e+00,True
strict_path_ood,s6_t3,pre_stress,calibrated_history_ece,median,0.125478819013,0.125478819013,0.000e+00,0.000e+00,True
strict_path_ood,s6_t3,pre_stress,calibrated_history_ece,iqr,0.0322076678276,0.0322076678276,0.000e+00,0.000e+00,True
strict_path_ood,s6_t3,pre_stress,calibrated_history_nll,mean,154422.705188,154422.705188,0.000e+00,0.000e+00,True
strict_path_ood,s6_t3,pre_stress,calibrated_history_nll,std,310822.253219,310822.253219,5.821e-11,1.873e-16,True
strict_path_ood,s6_t3,pre_stress,calibrated_history_nll,median,14952.5,14952.5,0.000e+00,0.000e+00,True
strict_path_ood,s6_t3,pre_stress,calibrated_history_nll,iqr,35712.3764648,35712.3764648,0.000e+00,0.000e+00,True
strict_path_ood,s6_t3,pre_stress,calibrated_history_spread_scale,mean,10000,10000,0.000e+00,0.000e+00,True
strict_path_ood,s6_t3,pre_stress,calibrated_history_spread_scale,std,0,0,0.000e+00,0.000e+00,True
strict_path_ood,s6_t3,pre_stress,calibrated_history_spread_scale,median,10000,10000,0.000e+00,0.000e+00,True
strict_path_ood,s6_t3,pre_stress,calibrated_history_spread_scale,iqr,0,0,0.000e+00,0.000e+00,True
strict_path_ood,s6_t3,pre_stress,field_coverage_95,mean,0.019661459187,0.019661459187,0.000e+00,0.000e+00,True
strict_path_ood,s6_t3,pre_stress,field_coverage_95,std,0.0234737549827,0.0234737549827,0.000e+00,0.000e+00,True
strict_path_ood,s6_t3,pre_stress,field_coverage_95,median,0.00504557322711,0.00504557322711,0.000e+00,0.000e+00,True
strict_path_ood,s6_t3,pre_stress,field_coverage_95,iqr,0.0315755219199,0.0315755219199,0.000e+00,0.000e+00,True
strict_path_ood,s6_t3,pre_stress,field_ece,mean,0.773136413097,0.773136413097,0.000e+00,0.000e+00,True
strict_path_ood,s6_t3,pre_stress,field_ece,std,0.0164276358213,0.0164276358213,0.000e+00,0.000e+00,True
strict_path_ood,s6_t3,pre_stress,field_ece,median,0.783349633217,0.783349633217,0.000e+00,0.000e+00,True
strict_path_ood,s6_t3,pre_stress,field_ece,iqr,0.0247396230698,0.0247396230698,0.000e+00,0.000e+00,True
strict_path_ood,s6_t3,pre_stress,field_nll,mean,11971.1709961,11971.1709961,0.000e+00,0.000e+00,True
strict_path_ood,s6_t3,pre_stress,field_nll,std,3445.7364282,3445.7364282,0.000e+00,0.000e+00,True
strict_path_ood,s6_t3,pre_stress,field_nll,median,13473.6542969,13473.6542969,0.000e+00,0.000e+00,True
strict_path_ood,s6_t3,pre_stress,field_nll,iqr,5147.52148438,5147.52148438,0.000e+00,0.000e+00,True
strict_path_ood,s6_t3,pre_stress,field_crps,mean,0.0120163489133,0.0120163489133,0.000e+00,0.000e+00,True
strict_path_ood,s6_t3,pre_stress,field_crps,std,0.000585327342984,0.000585327342984,0.000e+00,0.000e+00,True
strict_path_ood,s6_t3,pre_stress,field_crps,median,0.0123236775398,0.0123236775398,0.000e+00,0.000e+00,True
strict_path_ood,s6_t3,pre_stress,field_crps,iqr,0.000659050419927,0.000659050419927,0.000e+00,0.000e+00,True
strict_path_ood,s6_t3,pre_stress,calibrated_field_coverage_95,mean,0.960677111149,0.960677111149,0.000e+00,0.000e+00,True
strict_path_ood,s6_t3,pre_stress,calibrated_field_coverage_95,std,0.0192517533952,0.0192517533952,3.469e-18,3.469e-18,True
strict_path_ood,s6_t3,pre_stress,calibrated_field_coverage_95,median,0.956705749035,0.956705749035,0.000e+00,0.000e+00,True
strict_path_ood,s6_t3,pre_stress,calibrated_field_coverage_95,iqr,0.0250651240349,0.0250651240349,0.000e+00,0.000e+00,True
strict_path_ood,s6_t3,pre_stress,calibrated_field_ece,mean,0.138421240449,0.138421240449,0.000e+00,0.000e+00,True
strict_path_ood,s6_t3,pre_stress,calibrated_field_ece,std,0.0508184830169,0.0508184830169,6.939e-18,6.939e-18,True
strict_path_ood,s6_t3,pre_stress,calibrated_field_ece,median,0.135172531009,0.135172531009,0.000e+00,0.000e+00,True
strict_path_ood,s6_t3,pre_stress,calibrated_field_ece,iqr,0.0472005307674,0.0472005307674,0.000e+00,0.000e+00,True
strict_path_ood,s6_t3,pre_stress,calibrated_field_nll,mean,-1.11634851694,-1.11634851694,0.000e+00,0.000e+00,True
strict_path_ood,s6_t3,pre_stress,calibrated_field_nll,std,0.318473904938,0.318473904938,0.000e+00,0.000e+00,True
strict_path_ood,s6_t3,pre_stress,calibrated_field_nll,median,-1.09729456902,-1.09729456902,0.000e+00,0.000e+00,True
strict_path_ood,s6_t3,pre_stress,calibrated_field_nll,iqr,0.479517579079,0.479517579079,0.000e+00,0.000e+00,True
strict_path_ood,s6_t3,pre_stress,calibrated_field_crps,mean,0.252568550408,0.252568550408,0.000e+00,0.000e+00,True
strict_path_ood,s6_t3,pre_stress,calibrated_field_crps,std,0.388945052835,0.388945052835,0.000e+00,0.000e+00,True
strict_path_ood,s6_t3,pre_stress,calibrated_field_crps,median,0.0560836009681,0.0560836009681,0.000e+00,0.000e+00,True
strict_path_ood,s6_t3,pre_stress,calibrated_field_crps,iqr,0.136240951717,0.136240951717,0.000e+00,0.000e+00,True
strict_path_ood,s6_t3,pre_stress,calibrated_field_spread_scale,mean,2568.20697021,2568.20697021,0.000e+00,0.000e+00,True
strict_path_ood,s6_t3,pre_stress,calibrated_field_spread_scale,std,1454.60316492,1454.60316492,0.000e+00,0.000e+00,True
strict_path_ood,s6_t3,pre_stress,calibrated_field_spread_scale,median,2295.92626953,2295.92626953,0.000e+00,0.000e+00,True
strict_path_ood,s6_t3,pre_stress,calibrated_field_spread_scale,iqr,668.813598633,668.813598633,0.000e+00,0.000e+00,True
strict_path_ood,s6_t3,pre_stress,posterior_calibration_num_calibration,mean,4,4,0.000e+00,0.000e+00,True
strict_path_ood,s6_t3,pre_stress,posterior_calibration_num_calibration,std,0,0,0.000e+00,0.000e+00,True
strict_path_ood,s6_t3,pre_stress,posterior_calibration_num_calibration,median,4,4,0.000e+00,0.000e+00,True
strict_path_ood,s6_t3,pre_stress,posterior_calibration_num_calibration,iqr,0,0,0.000e+00,0.000e+00,True
strict_path_ood,s6_t3,pre_stress,posterior_calibration_num_test,mean,4,4,0.000e+00,0.000e+00,True
strict_path_ood,s6_t3,pre_stress,posterior_calibration_num_test,std,0,0,0.000e+00,0.000e+00,True
strict_path_ood,s6_t3,pre_stress,posterior_calibration_num_test,median,4,4,0.000e+00,0.000e+00,True
strict_path_ood,s6_t3,pre_stress,posterior_calibration_num_test,iqr,0,0,0.000e+00,0.000e+00,True
reversal_curriculum,s2_t2,cyclic,sparse_observation_relative_l2,mean,1.36975610256,1.36975610256,0.000e+00,0.000e+00,True
reversal_curriculum,s2_t2,cyclic,sparse_observation_relative_l2,std,0.306063156538,0.306063156538,0.000e+00,0.000e+00,True
reversal_curriculum,s2_t2,cyclic,sparse_observation_relative_l2,median,1.50354886055,1.50354886055,0.000e+00,0.000e+00,True
reversal_curriculum,s2_t2,cyclic,sparse_observation_relative_l2,iqr,0.518531441689,0.518531441689,0.000e+00,0.000e+00,True
reversal_curriculum,s2_t2,cyclic,rollout_displacement_relative_l2,mean,1.02448903322,1.02448903322,0.000e+00,0.000e+00,True
reversal_curriculum,s2_t2,cyclic,rollout_displacement_relative_l2,std,0.168049489274,0.168049489274,0.000e+00,0.000e+00,True
reversal_curriculum,s2_t2,cyclic,rollout_displacement_relative_l2,median,1.04893016815,1.04893016815,0.000e+00,0.000e+00,True
reversal_curriculum,s2_t2,cyclic,rollout_displacement_relative_l2,iqr,0.269730210304,0.269730210304,0.000e+00,0.000e+00,True
reversal_curriculum,s2_t2,cyclic,material_parameter_relative_l2,mean,0.211410787702,0.211410787702,0.000e+00,0.000e+00,True
reversal_curriculum,s2_t2,cyclic,material_parameter_relative_l2,std,0.0876643385972,0.0876643385972,0.000e+00,0.000e+00,True
reversal_curriculum,s2_t2,cyclic,material_parameter_relative_l2,median,0.214908048511,0.214908048511,0.000e+00,0.000e+00,True
reversal_curriculum,s2_t2,cyclic,material_parameter_relative_l2,iqr,0.0220137536526,0.0220137536526,0.000e+00,0.000e+00,True
reversal_curriculum,s2_t2,cyclic,material_parameter_coverage_95,mean,0.0291666675359,0.0291666675359,0.000e+00,0.000e+00,True
reversal_curriculum,s2_t2,cyclic,material_parameter_coverage_95,std,0.0348608354779,0.0348608354779,0.000e+00,0.000e+00,True
reversal_curriculum,s2_t2,cyclic,material_parameter_coverage_95,median,0.0208333339542,0.0208333339542,0.000e+00,0.000e+00,True
reversal_curriculum,s2_t2,cyclic,material_parameter_coverage_95,iqr,0.0416666679084,0.0416666679084,0.000e+00,0.000e+00,True
reversal_curriculum,s2_t2,cyclic,material_parameter_ece,mean,0.765624988079,0.765624988079,0.000e+00,0.000e+00,True
reversal_curriculum,s2_t2,cyclic,material_parameter_ece,std,0.024814839259,0.024814839259,0.000e+00,0.000e+00,True
reversal_curriculum,s2_t2,cyclic,material_parameter_ece,median,0.771875023842,0.771875023842,0.000e+00,0.000e+00,True
reversal_curriculum,s2_t2,cyclic,material_parameter_ece,iqr,0.0364583134651,0.0364583134651,0.000e+00,0.000e+00,True
reversal_curriculum,s2_t2,cyclic,material_parameter_nll,mean,1526347.25282,1526347.25282,0.000e+00,0.000e+00,True
reversal_curriculum,s2_t2,cyclic,material_parameter_nll,std,3325041.16808,3325041.16808,0.000e+00,0.000e+00,True
reversal_curriculum,s2_t2,cyclic,material_parameter_nll,median,13772.8037109,13772.8037109,0.000e+00,0.000e+00,True
reversal_curriculum,s2_t2,cyclic,material_parameter_nll,iqr,132210.053711,132210.053711,0.000e+00,0.000e+00,True
reversal_curriculum,s2_t2,cyclic,calibrated_material_parameter_coverage_95,mean,0.891666686535,0.891666686535,0.000e+00,0.000e+00,True
reversal_curriculum,s2_t2,cyclic,calibrated_material_parameter_coverage_95,std,0.0812232760146,0.0812232760146,0.000e+00,0.000e+00,True
reversal_curriculum,s2_t2,cyclic,calibrated_material_parameter_coverage_95,median,0.916666686535,0.916666686535,0.000e+00,0.000e+00,True
reversal_curriculum,s2_t2,cyclic,calibrated_material_parameter_coverage_95,iqr,0.0833333134651,0.0833333134651,0.000e+00,0.000e+00,True
reversal_curriculum,s2_t2,cyclic,calibrated_material_parameter_ece,mean,0.104166659713,0.104166659713,0.000e+00,0.000e+00,True
reversal_curriculum,s2_t2,cyclic,calibrated_material_parameter_ece,std,0.0779233505599,0.0779233505599,0.000e+00,0.000e+00,True
reversal_curriculum,s2_t2,cyclic,calibrated_material_parameter_ece,median,0.0729166716337,0.0729166716337,0.000e+00,0.000e+00,True
reversal_curriculum,s2_t2,cyclic,calibrated_material_parameter_ece,iqr,0.0833333283663,0.0833333283663,0.000e+00,0.000e+00,True
reversal_curriculum,s2_t2,cyclic,calibrated_material_parameter_nll,mean,8.8927330181,8.8927330181,0.000e+00,0.000e+00,True
reversal_curriculum,s2_t2,cyclic,calibrated_material_parameter_nll,std,15.5199573404,15.5199573404,0.000e+00,0.000e+00,True
reversal_curriculum,s2_t2,cyclic,calibrated_material_parameter_nll,median,2.66635274887,2.66635274887,0.000e+00,0.000e+00,True
reversal_curriculum,s2_t2,cyclic,calibrated_material_parameter_nll,iqr,3.40487366915,3.40487366915,0.000e+00,0.000e+00,True
reversal_curriculum,s2_t2,cyclic,calibrated_material_parameter_spread_scale,mean,2073.32845306,2073.32845306,0.000e+00,0.000e+00,True
reversal_curriculum,s2_t2,cyclic,calibrated_material_parameter_spread_scale,std,4431.19466326,4431.19466326,0.000e+00,0.000e+00,True
reversal_curriculum,s2_t2,cyclic,calibrated_material_parameter_spread_scale,median,93.6496124268,93.6496124268,0.000e+00,0.000e+00,True
reversal_curriculum,s2_t2,cyclic,calibrated_material_parameter_spread_scale,iqr,37.5966186523,37.5966186523,0.000e+00,0.000e+00,True
reversal_curriculum,s2_t2,cyclic,history_relative_l2,mean,0.858430075645,0.858430075645,0.000e+00,0.000e+00,True
reversal_curriculum,s2_t2,cyclic,history_relative_l2,std,0.0908128577537,0.0908128577537,0.000e+00,0.000e+00,True
reversal_curriculum,s2_t2,cyclic,history_relative_l2,median,0.888909578323,0.888909578323,0.000e+00,0.000e+00,True
reversal_curriculum,s2_t2,cyclic,history_relative_l2,iqr,0.153724074364,0.153724074364,0.000e+00,0.000e+00,True
reversal_curriculum,s2_t2,cyclic,history_final_relative_l2,mean,3.13017992973,3.13017992973,0.000e+00,0.000e+00,True
reversal_curriculum,s2_t2,cyclic,history_final_relative_l2,std,1.13685871178,1.13685871178,0.000e+00,0.000e+00,True
reversal_curriculum,s2_t2,cyclic,history_final_relative_l2,median,3.22757339478,3.22757339478,0.000e+00,0.000e+00,True
reversal_curriculum,s2_t2,cyclic,history_final_relative_l2,iqr,1.61286091805,1.61286091805,0.000e+00,0.000e+00,True
reversal_curriculum,s2_t2,cyclic,history_coverage_95,mean,0.0468554698862,0.0468554698862,0.000e+00,0.000e+00,True
reversal_curriculum,s2_t2,cyclic,history_coverage_95,std,0.041800050613,0.041800050613,0.000e+00,0.000e+00,True
reversal_curriculum,s2_t2,cyclic,history_coverage_95,median,0.0412109382451,0.0412109382451,0.000e+00,0.000e+00,True
reversal_curriculum,s2_t2,cyclic,history_coverage_95,iqr,0.0667480463162,0.0667480463162,0.000e+00,0.000e+00,True
reversal_curriculum,s2_t2,cyclic,history_ece,mean,0.741999518871,0.741999518871,0.000e+00,0.000e+00,True
reversal_curriculum,s2_t2,cyclic,history_ece,std,0.0415409054108,0.0415409054108,0.000e+00,0.000e+00,True
reversal_curriculum,s2_t2,cyclic,history_ece,median,0.748120129108,0.748120129108,0.000e+00,0.000e+00,True
reversal_curriculum,s2_t2,cyclic,history_ece,iqr,0.0667602419853,0.0667602419853,0.000e+00,0.000e+00,True
reversal_curriculum,s2_t2,cyclic,history_nll,mean,188303.765625,188303.765625,0.000e+00,0.000e+00,True
reversal_curriculum,s2_t2,cyclic,history_nll,std,89917.9881862,89917.9881862,0.000e+00,0.000e+00,True
reversal_curriculum,s2_t2,cyclic,history_nll,median,142686.984375,142686.984375,0.000e+00,0.000e+00,True
reversal_curriculum,s2_t2,cyclic,history_nll,iqr,80762.375,80762.375,0.000e+00,0.000e+00,True
reversal_curriculum,s2_t2,cyclic,calibrated_history_coverage_95,mean,0.894824230671,0.894824230671,0.000e+00,0.000e+00,True
reversal_curriculum,s2_t2,cyclic,calibrated_history_coverage_95,std,0.0403472274562,0.0403472274562,0.000e+00,0.000e+00,True
reversal_curriculum,s2_t2,cyclic,calibrated_history_coverage_95,median,0.9091796875,0.9091796875,0.000e+00,0.000e+00,True
reversal_curriculum,s2_t2,cyclic,calibrated_history_coverage_95,iqr,0.0300781726837,0.0300781726837,0.000e+00,0.000e+00,True
reversal_curriculum,s2_t2,cyclic,calibrated_history_ece,mean,0.113959956169,0.113959956169,0.000e+00,0.000e+00,True
reversal_curriculum,s2_t2,cyclic,calibrated_history_ece,std,0.021295214628,0.021295214628,0.000e+00,0.000e+00,True
reversal_curriculum,s2_t2,cyclic,calibrated_history_ece,median,0.119897454977,0.119897454977,0.000e+00,0.000e+00,True
reversal_curriculum,s2_t2,cyclic,calibrated_history_ece,iqr,0.010522454977,0.010522454977,0.000e+00,0.000e+00,True
reversal_curriculum,s2_t2,cyclic,calibrated_history_nll,mean,1127.23377495,1127.23377495,0.000e+00,0.000e+00,True
reversal_curriculum,s2_t2,cyclic,calibrated_history_nll,std,1730.75571516,1730.75571516,2.274e-13,1.314e-16,True
reversal_curriculum,s2_t2,cyclic,calibrated_history_nll,median,349.088806152,349.088806152,0.000e+00,0.000e+00,True
reversal_curriculum,s2_t2,cyclic,calibrated_history_nll,iqr,924.573287964,924.573287964,0.000e+00,0.000e+00,True
reversal_curriculum,s2_t2,cyclic,calibrated_history_spread_scale,mean,10000,10000,0.000e+00,0.000e+00,True
reversal_curriculum,s2_t2,cyclic,calibrated_history_spread_scale,std,0,0,0.000e+00,0.000e+00,True
reversal_curriculum,s2_t2,cyclic,calibrated_history_spread_scale,median,10000,10000,0.000e+00,0.000e+00,True
reversal_curriculum,s2_t2,cyclic,calibrated_history_spread_scale,iqr,0,0,0.000e+00,0.000e+00,True
reversal_curriculum,s2_t2,cyclic,field_coverage_95,mean,0.000716145851766,0.000716145851766,0.000e+00,0.000e+00,True
reversal_curriculum,s2_t2,cyclic,field_coverage_95,std,0.000858165805764,0.000858165805764,1.084e-19,1.084e-19,True
reversal_curriculum,s2_t2,cyclic,field_coverage_95,median,0.000162760421517,0.000162760421517,0.000e+00,0.000e+00,True
reversal_curriculum,s2_t2,cyclic,field_coverage_95,iqr,0.000813802078483,0.000813802078483,0.000e+00,0.000e+00,True
reversal_curriculum,s2_t2,cyclic,field_ece,mean,0.786930346489,0.786930346489,0.000e+00,0.000e+00,True
reversal_curriculum,s2_t2,cyclic,field_ece,std,0.000637547904235,0.000637547904235,0.000e+00,0.000e+00,True
reversal_curriculum,s2_t2,cyclic,field_ece,median,0.787337243557,0.787337243557,0.000e+00,0.000e+00,True
reversal_curriculum,s2_t2,cyclic,field_ece,iqr,0.000651061534882,0.000651061534882,0.000e+00,0.000e+00,True
reversal_curriculum,s2_t2,cyclic,field_nll,mean,97114.4515625,97114.4515625,0.000e+00,0.000e+00,True
reversal_curriculum,s2_t2,cyclic,field_nll,std,24299.643857,24299.643857,0.000e+00,0.000e+00,True
reversal_curriculum,s2_t2,cyclic,field_nll,median,101340.359375,101340.359375,0.000e+00,0.000e+00,True
reversal_curriculum,s2_t2,cyclic,field_nll,iqr,26837.4375,26837.4375,0.000e+00,0.000e+00,True
reversal_curriculum,s2_t2,cyclic,field_crps,mean,0.0315090470016,0.0315090470016,0.000e+00,0.000e+00,True
reversal_curriculum,s2_t2,cyclic,field_crps,std,0.00574614711593,0.00574614711593,0.000e+00,0.000e+00,True
reversal_curriculum,s2_t2,cyclic,field_crps,median,0.0299603454769,0.0299603454769,0.000e+00,0.000e+00,True
reversal_curriculum,s2_t2,cyclic,field_crps,iqr,0.00919792801142,0.00919792801142,0.000e+00,0.000e+00,True
reversal_curriculum,s2_t2,cyclic,calibrated_field_coverage_95,mean,0.862825536728,0.862825536728,0.000e+00,0.000e+00,True
reversal_curriculum,s2_t2,cyclic,calibrated_field_coverage_95,std,0.18213561805,0.18213561805,0.000e+00,0.000e+00,True
reversal_curriculum,s2_t2,cyclic,calibrated_field_coverage_95,median,0.952799499035,0.952799499035,0.000e+00,0.000e+00,True
reversal_curriculum,s2_t2,cyclic,calibrated_field_coverage_95,iqr,0.0758463144302,0.0758463144302,0.000e+00,0.000e+00,True
reversal_curriculum,s2_t2,cyclic,calibrated_field_ece,mean,0.157356783748,0.157356783748,0.000e+00,0.000e+00,True
reversal_curriculum,s2_t2,cyclic,calibrated_field_ece,std,0.0776339152947,0.0776339152947,0.000e+00,0.000e+00,True
reversal_curriculum,s2_t2,cyclic,calibrated_field_ece,median,0.138688191772,0.138688191772,0.000e+00,0.000e+00,True
reversal_curriculum,s2_t2,cyclic,calibrated_field_ece,iqr,0.0489095151424,0.0489095151424,0.000e+00,0.000e+00,True
reversal_curriculum,s2_t2,cyclic,calibrated_field_nll,mean,5.33096597195,5.33096597195,0.000e+00,0.000e+00,True
reversal_curriculum,s2_t2,cyclic,calibrated_field_nll,std,13.6456835523,13.6456835523,1.776e-15,1.302e-16,True
reversal_curriculum,s2_t2,cyclic,calibrated_field_nll,median,-0.577412009239,-0.577412009239,0.000e+00,0.000e+00,True
reversal_curriculum,s2_t2,cyclic,calibrated_field_nll,iqr,0.349099993706,0.349099993706,0.000e+00,0.000e+00,True
reversal_curriculum,s2_t2,cyclic,calibrated_field_crps,mean,0.048008851707,0.048008851707,0.000e+00,0.000e+00,True
reversal_curriculum,s2_t2,cyclic,calibrated_field_crps,std,0.0176963798306,0.0176963798306,0.000e+00,0.000e+00,True
reversal_curriculum,s2_t2,cyclic,calibrated_field_crps,median,0.0393849313259,0.0393849313259,0.000e+00,0.000e+00,True
reversal_curriculum,s2_t2,cyclic,calibrated_field_crps,iqr,0.0281979888678,0.0281979888678,0.000e+00,0.000e+00,True
reversal_curriculum,s2_t2,cyclic,calibrated_field_spread_scale,mean,8846.63164063,8846.63164063,0.000e+00,0.000e+00,True
reversal_curriculum,s2_t2,cyclic,calibrated_field_spread_scale,std,2579.01005466,2579.01005466,4.547e-13,1.763e-16,True
reversal_curriculum,s2_t2,cyclic,calibrated_field_spread_scale,median,10000,10000,0.000e+00,0.000e+00,True
reversal_curriculum,s2_t2,cyclic,calibrated_field_spread_scale,iqr,0,0,0.000e+00,0.000e+00,True
reversal_curriculum,s2_t2,cyclic,posterior_calibration_num_calibration,mean,4,4,0.000e+00,0.000e+00,True
reversal_curriculum,s2_t2,cyclic,posterior_calibration_num_calibration,std,0,0,0.000e+00,0.000e+00,True
reversal_curriculum,s2_t2,cyclic,posterior_calibration_num_calibration,median,4,4,0.000e+00,0.000e+00,True
reversal_curriculum,s2_t2,cyclic,posterior_calibration_num_calibration,iqr,0,0,0.000e+00,0.000e+00,True
reversal_curriculum,s2_t2,cyclic,posterior_calibration_num_test,mean,4,4,0.000e+00,0.000e+00,True
reversal_curriculum,s2_t2,cyclic,posterior_calibration_num_test,std,0,0,0.000e+00,0.000e+00,True
reversal_curriculum,s2_t2,cyclic,posterior_calibration_num_test,median,4,4,0.000e+00,0.000e+00,True
reversal_curriculum,s2_t2,cyclic,posterior_calibration_num_test,iqr,0,0,0.000e+00,0.000e+00,True
reversal_curriculum,s2_t2,nonproportional,sparse_observation_relative_l2,mean,1430632068.68,1430632068.68,2.384e-07,1.667e-16,True
reversal_curriculum,s2_t2,nonproportional,sparse_observation_relative_l2,std,2520567185.53,2520567185.53,0.000e+00,0.000e+00,True
reversal_curriculum,s2_t2,nonproportional,sparse_observation_relative_l2,median,21.1891269684,21.1891269684,0.000e+00,0.000e+00,True
reversal_curriculum,s2_t2,nonproportional,sparse_observation_relative_l2,iqr,1333510270.84,1333510270.84,0.000e+00,0.000e+00,True
reversal_curriculum,s2_t2,nonproportional,rollout_displacement_relative_l2,mean,0.985663771629,0.985663771629,0.000e+00,0.000e+00,True
reversal_curriculum,s2_t2,nonproportional,rollout_displacement_relative_l2,std,0.0891463372298,0.0891463372298,0.000e+00,0.000e+00,True
reversal_curriculum,s2_t2,nonproportional,rollout_displacement_relative_l2,median,0.950697779655,0.950697779655,0.000e+00,0.000e+00,True
reversal_curriculum,s2_t2,nonproportional,rollout_displacement_relative_l2,iqr,0.133065462112,0.133065462112,0.000e+00,0.000e+00,True
reversal_curriculum,s2_t2,nonproportional,material_parameter_relative_l2,mean,0.217151609063,0.217151609063,0.000e+00,0.000e+00,True
reversal_curriculum,s2_t2,nonproportional,material_parameter_relative_l2,std,0.0374729784523,0.0374729784523,0.000e+00,0.000e+00,True
reversal_curriculum,s2_t2,nonproportional,material_parameter_relative_l2,median,0.209382727742,0.209382727742,0.000e+00,0.000e+00,True
reversal_curriculum,s2_t2,nonproportional,material_parameter_relative_l2,iqr,0.0428712964058,0.0428712964058,0.000e+00,0.000e+00,True
reversal_curriculum,s2_t2,nonproportional,material_parameter_coverage_95,mean,0.0875000003725,0.0875000003725,0.000e+00,0.000e+00,True
reversal_curriculum,s2_t2,nonproportional,material_parameter_coverage_95,std,0.127917345083,0.127917345083,0.000e+00,0.000e+00,True
reversal_curriculum,s2_t2,nonproportional,material_parameter_coverage_95,median,0.0416666679084,0.0416666679084,0.000e+00,0.000e+00,True
reversal_curriculum,s2_t2,nonproportional,material_parameter_coverage_95,iqr,0.0416666660458,0.0416666660458,0.000e+00,0.000e+00,True
reversal_curriculum,s2_t2,nonproportional,material_parameter_ece,mean,0.711458325386,0.711458325386,0.000e+00,0.000e+00,True
reversal_curriculum,s2_t2,nonproportional,material_parameter_ece,std,0.116322050127,0.116322050127,0.000e+00,0.000e+00,True
reversal_curriculum,s2_t2,nonproportional,material_parameter_ece,median,0.756250023842,0.756250023842,0.000e+00,0.000e+00,True
reversal_curriculum,s2_t2,nonproportional,material_parameter_ece,iqr,0.0364583730698,0.0364583730698,0.000e+00,0.000e+00,True
reversal_curriculum,s2_t2,nonproportional,material_parameter_nll,mean,5737.14553223,5737.14553223,0.000e+00,0.000e+00,True
reversal_curriculum,s2_t2,nonproportional,material_parameter_nll,std,7885.24633456,7885.24633456,0.000e+00,0.000e+00,True
reversal_curriculum,s2_t2,nonproportional,material_parameter_nll,median,2678.94628906,2678.94628906,0.000e+00,0.000e+00,True
reversal_curriculum,s2_t2,nonproportional,material_parameter_nll,iqr,1704.89562988,1704.89562988,0.000e+00,0.000e+00,True
reversal_curriculum,s2_t2,nonproportional,calibrated_material_parameter_coverage_95,mean,0.891666674614,0.891666674614,0.000e+00,0.000e+00,True
reversal_curriculum,s2_t2,nonproportional,calibrated_material_parameter_coverage_95,std,0.154784798446,0.154784798446,0.000e+00,0.000e+00,True
reversal_curriculum,s2_t2,nonproportional,calibrated_material_parameter_coverage_95,median,0.916666686535,0.916666686535,0.000e+00,0.000e+00,True
reversal_curriculum,s2_t2,nonproportional,calibrated_material_parameter_coverage_95,iqr,0.0833333134651,0.0833333134651,0.000e+00,0.000e+00,True
reversal_curriculum,s2_t2,nonproportional,calibrated_material_parameter_ece,mean,0.130000007153,0.130000007153,0.000e+00,0.000e+00,True
reversal_curriculum,s2_t2,nonproportional,calibrated_material_parameter_ece,std,0.0745588802114,0.0745588802114,0.000e+00,0.000e+00,True
reversal_curriculum,s2_t2,nonproportional,calibrated_material_parameter_ece,median,0.118750020862,0.118750020862,0.000e+00,0.000e+00,True
reversal_curriculum,s2_t2,nonproportional,calibrated_material_parameter_ece,iqr,0.0979166775942,0.0979166775942,0.000e+00,0.000e+00,True
reversal_curriculum,s2_t2,nonproportional,calibrated_material_parameter_nll,mean,0.883638823032,0.883638823032,0.000e+00,0.000e+00,True
reversal_curriculum,s2_t2,nonproportional,calibrated_material_parameter_nll,std,0.856698501517,0.856698501517,0.000e+00,0.000e+00,True
reversal_curriculum,s2_t2,nonproportional,calibrated_material_parameter_nll,median,0.574739277363,0.574739277363,0.000e+00,0.000e+00,True
reversal_curriculum,s2_t2,nonproportional,calibrated_material_parameter_nll,iqr,0.0614878535271,0.0614878535271,0.000e+00,0.000e+00,True
reversal_curriculum,s2_t2,nonproportional,calibrated_material_parameter_spread_scale,mean,129.451533508,129.451533508,0.000e+00,0.000e+00,True
reversal_curriculum,s2_t2,nonproportional,calibrated_material_parameter_spread_scale,std,63.7876935853,63.7876935853,0.000e+00,0.000e+00,True
reversal_curriculum,s2_t2,nonproportional,calibrated_material_parameter_spread_scale,median,112.782165527,112.782165527,0.000e+00,0.000e+00,True
reversal_curriculum,s2_t2,nonproportional,calibrated_material_parameter_spread_scale,iqr,49.0182266235,49.0182266235,0.000e+00,0.000e+00,True
reversal_curriculum,s2_t2,nonproportional,history_relative_l2,mean,0.773286437988,0.773286437988,0.000e+00,0.000e+00,True
reversal_curriculum,s2_t2,nonproportional,history_relative_l2,std,0.106227852259,0.106227852259,0.000e+00,0.000e+00,True
reversal_curriculum,s2_t2,nonproportional,history_relative_l2,median,0.737307786942,0.737307786942,0.000e+00,0.000e+00,True
reversal_curriculum,s2_t2,nonproportional,history_relative_l2,iqr,0.101946473122,0.101946473122,0.000e+00,0.000e+00,True
reversal_curriculum,s2_t2,nonproportional,history_final_relative_l2,mean,1.81923060417,1.81923060417,0.000e+00,0.000e+00,True
reversal_curriculum,s2_t2,nonproportional,history_final_relative_l2,std,0.637945768138,0.637945768138,0.000e+00,0.000e+00,True
reversal_curriculum,s2_t2,nonproportional,history_final_relative_l2,median,2.07521390915,2.07521390915,0.000e+00,0.000e+00,True
reversal_curriculum,s2_t2,nonproportional,history_final_relative_l2,iqr,0.634688735008,0.634688735008,0.000e+00,0.000e+00,True
reversal_curriculum,s2_t2,nonproportional,history_coverage_95,mean,0.042016129382,0.042016129382,0.000e+00,0.000e+00,True
reversal_curriculum,s2_t2,nonproportional,history_coverage_95,std,0.0465333384164,0.0465333384164,6.939e-18,6.939e-18,True
reversal_curriculum,s2_t2,nonproportional,history_coverage_95,median,0.0137096773833,0.0137096773833,0.000e+00,0.000e+00,True
reversal_curriculum,s2_t2,nonproportional,history_coverage_95,iqr,0.0857862923294,0.0857862923294,0.000e+00,0.000e+00,True
reversal_curriculum,s2_t2,nonproportional,history_ece,mean,0.746910274029,0.746910274029,0.000e+00,0.000e+00,True
reversal_curriculum,s2_t2,nonproportional,history_ece,std,0.0455268258172,0.0455268258172,0.000e+00,0.000e+00,True
reversal_curriculum,s2_t2,nonproportional,history_ece,median,0.774458169937,0.774458169937,0.000e+00,0.000e+00,True
reversal_curriculum,s2_t2,nonproportional,history_ece,iqr,0.0840725898743,0.0840725898743,0.000e+00,0.000e+00,True
reversal_curriculum,s2_t2,nonproportional,history_nll,mean,226713.192188,226713.192188,0.000e+00,0.000e+00,True
reversal_curriculum,s2_t2,nonproportional,history_nll,std,125357.698902,125357.698902,0.000e+00,0.000e+00,True
reversal_curriculum,s2_t2,nonproportional,history_nll,median,223841.984375,223841.984375,0.000e+00,0.000e+00,True
reversal_curriculum,s2_t2,nonproportional,history_nll,iqr,60019.6875,60019.6875,0.000e+00,0.000e+00,True
reversal_curriculum,s2_t2,nonproportional,calibrated_history_coverage_95,mean,0.860302400589,0.860302400589,0.000e+00,0.000e+00,True
reversal_curriculum,s2_t2,nonproportional,calibrated_history_coverage_95,std,0.0461798261801,0.0461798261801,0.000e+00,0.000e+00,True
reversal_curriculum,s2_t2,nonproportional,calibrated_history_coverage_95,median,0.842036306858,0.842036306858,0.000e+00,0.000e+00,True
reversal_curriculum,s2_t2,nonproportional,calibrated_history_coverage_95,iqr,0.0562499761581,0.0562499761581,0.000e+00,0.000e+00,True
reversal_curriculum,s2_t2,nonproportional,calibrated_history_ece,mean,0.103256049752,0.103256049752,0.000e+00,0.000e+00,True
reversal_curriculum,s2_t2,nonproportional,calibrated_history_ece,std,0.0116087378567,0.0116087378567,0.000e+00,0.000e+00,True
reversal_curriculum,s2_t2,nonproportional,calibrated_history_ece,median,0.106476813555,0.106476813555,0.000e+00,0.000e+00,True
reversal_curriculum,s2_t2,nonproportional,calibrated_history_ece,iqr,0.0203880816698,0.0203880816698,0.000e+00,0.000e+00,True
reversal_curriculum,s2_t2,nonproportional,calibrated_history_nll,mean,2951.33435955,2951.33435955,0.000e+00,0.000e+00,True
reversal_curriculum,s2_t2,nonproportional,calibrated_history_nll,std,4037.35815073,4037.35815073,0.000e+00,0.000e+00,True
reversal_curriculum,s2_t2,nonproportional,calibrated_history_nll,median,137.014007568,137.014007568,0.000e+00,0.000e+00,True
reversal_curriculum,s2_t2,nonproportional,calibrated_history_nll,iqr,6057.29710388,6057.29710388,0.000e+00,0.000e+00,True
reversal_curriculum,s2_t2,nonproportional,calibrated_history_spread_scale,mean,10000,10000,0.000e+00,0.000e+00,True
reversal_curriculum,s2_t2,nonproportional,calibrated_history_spread_scale,std,0,0,0.000e+00,0.000e+00,True
reversal_curriculum,s2_t2,nonproportional,calibrated_history_spread_scale,median,10000,10000,0.000e+00,0.000e+00,True
reversal_curriculum,s2_t2,nonproportional,calibrated_history_spread_scale,iqr,0,0,0.000e+00,0.000e+00,True
reversal_curriculum,s2_t2,nonproportional,field_coverage_95,mean,0.00218098965706,0.00218098965706,0.000e+00,0.000e+00,True
reversal_curriculum,s2_t2,nonproportional,field_coverage_95,std,0.00279218333942,0.00279218333942,0.000e+00,0.000e+00,True
reversal_curriculum,s2_t2,nonproportional,field_coverage_95,median,0.00113932299428,0.00113932299428,0.000e+00,0.000e+00,True
reversal_curriculum,s2_t2,nonproportional,field_coverage_95,iqr,0.000325520872138,0.000325520872138,0.000e+00,0.000e+00,True
reversal_curriculum,s2_t2,nonproportional,field_ece,mean,0.785620093346,0.785620093346,0.000e+00,0.000e+00,True
reversal_curriculum,s2_t2,nonproportional,field_ece,std,0.00252958638789,0.00252958638789,0.000e+00,0.000e+00,True
reversal_curriculum,s2_t2,nonproportional,field_ece,median,0.78656411171,0.78656411171,0.000e+00,0.000e+00,True
reversal_curriculum,s2_t2,nonproportional,field_ece,iqr,0.000325441360474,0.000325441360474,0.000e+00,0.000e+00,True
reversal_curriculum,s2_t2,nonproportional,field_nll,mean,111760.767969,111760.767969,0.000e+00,0.000e+00,True
reversal_curriculum,s2_t2,nonproportional,field_nll,std,34326.3338141,34326.3338141,0.000e+00,0.000e+00,True
reversal_curriculum,s2_t2,nonproportional,field_nll,median,120481.640625,120481.640625,0.000e+00,0.000e+00,True
reversal_curriculum,s2_t2,nonproportional,field_nll,iqr,13788.03125,13788.03125,0.000e+00,0.000e+00,True
reversal_curriculum,s2_t2,nonproportional,field_crps,mean,0.0362838611007,0.0362838611007,0.000e+00,0.000e+00,True
reversal_curriculum,s2_t2,nonproportional,field_crps,std,0.00225872715756,0.00225872715756,0.000e+00,0.000e+00,True
reversal_curriculum,s2_t2,nonproportional,field_crps,median,0.0352137200534,0.0352137200534,0.000e+00,0.000e+00,True
reversal_curriculum,s2_t2,nonproportional,field_crps,iqr,0.00128598511219,0.00128598511219,0.000e+00,0.000e+00,True
reversal_curriculum,s2_t2,nonproportional,calibrated_field_coverage_95,mean,0.897786486149,0.897786486149,0.000e+00,0.000e+00,True
reversal_curriculum,s2_t2,nonproportional,calibrated_field_coverage_95,std,0.0889130922712,0.0889130922712,0.000e+00,0.000e+00,True
reversal_curriculum,s2_t2,nonproportional,calibrated_field_coverage_95,median,0.89290368557,0.89290368557,0.000e+00,0.000e+00,True
reversal_curriculum,s2_t2,nonproportional,calibrated_field_coverage_95,iqr,0.0830078125,0.0830078125,0.000e+00,0.000e+00,True
reversal_curriculum,s2_t2,nonproportional,calibrated_field_ece,mean,0.120986330509,0.120986330509,0.000e+00,0.000e+00,True
reversal_curriculum,s2_t2,nonproportional,calibrated_field_ece,std,0.0322098633608,0.0322098633608,0.000e+00,0.000e+00,True
reversal_curriculum,s2_t2,nonproportional,calibrated_field_ece,median,0.120247378945,0.120247378945,0.000e+00,0.000e+00,True
reversal_curriculum,s2_t2,nonproportional,calibrated_field_ece,iqr,0.0117513239384,0.0117513239384,0.000e+00,0.000e+00,True
reversal_curriculum,s2_t2,nonproportional,calibrated_field_nll,mean,-0.206699478626,-0.206699478626,0.000e+00,0.000e+00,True
reversal_curriculum,s2_t2,nonproportional,calibrated_field_nll,std,0.697075361302,0.697075361302,1.110e-16,1.110e-16,True
reversal_curriculum,s2_t2,nonproportional,calibrated_field_nll,median,-0.519273459911,-0.519273459911,0.000e+00,0.000e+00,True
reversal_curriculum,s2_t2,nonproportional,calibrated_field_nll,iqr,0.483339488506,0.483339488506,0.000e+00,0.000e+00,True
reversal_curriculum,s2_t2,nonproportional,calibrated_field_crps,mean,0.778275682777,0.778275682777,0.000e+00,0.000e+00,True
reversal_curriculum,s2_t2,nonproportional,calibrated_field_crps,std,1.61421316652,1.61421316652,0.000e+00,0.000e+00,True
reversal_curriculum,s2_t2,nonproportional,calibrated_field_crps,median,0.0585743300617,0.0585743300617,0.000e+00,0.000e+00,True
reversal_curriculum,s2_t2,nonproportional,calibrated_field_crps,iqr,0.064103834331,0.064103834331,0.000e+00,0.000e+00,True
reversal_curriculum,s2_t2,nonproportional,calibrated_field_spread_scale,mean,7763.86835938,7763.86835938,0.000e+00,0.000e+00,True
reversal_curriculum,s2_t2,nonproportional,calibrated_field_spread_scale,std,2118.2780409,2118.2780409,0.000e+00,0.000e+00,True
reversal_curriculum,s2_t2,nonproportional,calibrated_field_spread_scale,median,7194.93603516,7194.93603516,0.000e+00,0.000e+00,True
reversal_curriculum,s2_t2,nonproportional,calibrated_field_spread_scale,iqr,4132.30957031,4132.30957031,0.000e+00,0.000e+00,True
reversal_curriculum,s2_t2,nonproportional,posterior_calibration_num_calibration,mean,4,4,0.000e+00,0.000e+00,True
reversal_curriculum,s2_t2,nonproportional,posterior_calibration_num_calibration,std,0,0,0.000e+00,0.000e+00,True
reversal_curriculum,s2_t2,nonproportional,posterior_calibration_num_calibration,median,4,4,0.000e+00,0.000e+00,True
reversal_curriculum,s2_t2,nonproportional,posterior_calibration_num_calibration,iqr,0,0,0.000e+00,0.000e+00,True
reversal_curriculum,s2_t2,nonproportional,posterior_calibration_num_test,mean,4,4,0.000e+00,0.000e+00,True
reversal_curriculum,s2_t2,nonproportional,posterior_calibration_num_test,std,0,0,0.000e+00,0.000e+00,True
reversal_curriculum,s2_t2,nonproportional,posterior_calibration_num_test,median,4,4,0.000e+00,0.000e+00,True
reversal_curriculum,s2_t2,nonproportional,posterior_calibration_num_test,iqr,0,0,0.000e+00,0.000e+00,True
reversal_curriculum,s2_t2,random_amplitude,sparse_observation_relative_l2,mean,1.64966464043,1.64966464043,0.000e+00,0.000e+00,True
reversal_curriculum,s2_t2,random_amplitude,sparse_observation_relative_l2,std,0.747356872084,0.747356872084,0.000e+00,0.000e+00,True
reversal_curriculum,s2_t2,random_amplitude,sparse_observation_relative_l2,median,1.30942153931,1.30942153931,0.000e+00,0.000e+00,True
reversal_curriculum,s2_t2,random_amplitude,sparse_observation_relative_l2,iqr,0.308258056641,0.308258056641,0.000e+00,0.000e+00,True
reversal_curriculum,s2_t2,random_amplitude,rollout_displacement_relative_l2,mean,0.994376015663,0.994376015663,0.000e+00,0.000e+00,True
reversal_curriculum,s2_t2,random_amplitude,rollout_displacement_relative_l2,std,0.0889395759673,0.0889395759673,0.000e+00,0.000e+00,True
reversal_curriculum,s2_t2,random_amplitude,rollout_displacement_relative_l2,median,1.02512991428,1.02512991428,0.000e+00,0.000e+00,True
reversal_curriculum,s2_t2,random_amplitude,rollout_displacement_relative_l2,iqr,0.0637921690941,0.0637921690941,0.000e+00,0.000e+00,True
reversal_curriculum,s2_t2,random_amplitude,material_parameter_relative_l2,mean,0.196080186963,0.196080186963,0.000e+00,0.000e+00,True
reversal_curriculum,s2_t2,random_amplitude,material_parameter_relative_l2,std,0.0273851031617,0.0273851031617,0.000e+00,0.000e+00,True
reversal_curriculum,s2_t2,random_amplitude,material_parameter_relative_l2,median,0.193063810468,0.193063810468,0.000e+00,0.000e+00,True
reversal_curriculum,s2_t2,random_amplitude,material_parameter_relative_l2,iqr,0.0278124213219,0.0278124213219,0.000e+00,0.000e+00,True
reversal_curriculum,s2_t2,random_amplitude,material_parameter_coverage_95,mean,0.041666669026,0.041666669026,0.000e+00,0.000e+00,True
reversal_curriculum,s2_t2,random_amplitude,material_parameter_coverage_95,std,0.0607390864439,0.0607390864439,0.000e+00,0.000e+00,True
reversal_curriculum,s2_t2,random_amplitude,material_parameter_coverage_95,median,0.0208333339542,0.0208333339542,0.000e+00,0.000e+00,True
reversal_curriculum,s2_t2,random_amplitude,material_parameter_coverage_95,iqr,0.0416666679084,0.0416666679084,0.000e+00,0.000e+00,True
reversal_curriculum,s2_t2,random_amplitude,material_parameter_ece,mean,0.753124988079,0.753124988079,0.000e+00,0.000e+00,True
reversal_curriculum,s2_t2,random_amplitude,material_parameter_ece,std,0.0496296904027,0.0496296904027,0.000e+00,0.000e+00,True
reversal_curriculum,s2_t2,random_amplitude,material_parameter_ece,median,0.766666650772,0.766666650772,0.000e+00,0.000e+00,True
reversal_curriculum,s2_t2,random_amplitude,material_parameter_ece,iqr,0.0312499403954,0.0312499403954,0.000e+00,0.000e+00,True
reversal_curriculum,s2_t2,random_amplitude,material_parameter_nll,mean,126791.485547,126791.485547,0.000e+00,0.000e+00,True
reversal_curriculum,s2_t2,random_amplitude,material_parameter_nll,std,221750.388818,221750.388818,0.000e+00,0.000e+00,True
reversal_curriculum,s2_t2,random_amplitude,material_parameter_nll,median,10849.9960938,10849.9960938,0.000e+00,0.000e+00,True
reversal_curriculum,s2_t2,random_amplitude,material_parameter_nll,iqr,100479.05957,100479.05957,0.000e+00,0.000e+00,True
reversal_curriculum,s2_t2,random_amplitude,calibrated_material_parameter_coverage_95,mean,0.975,0.975,0.000e+00,0.000e+00,True
reversal_curriculum,s2_t2,random_amplitude,calibrated_material_parameter_coverage_95,std,0.0559016994375,0.0559016994375,6.939e-18,6.939e-18,True
reversal_curriculum,s2_t2,random_amplitude,calibrated_material_parameter_coverage_95,median,1,1,0.000e+00,0.000e+00,True
reversal_curriculum,s2_t2,random_amplitude,calibrated_material_parameter_coverage_95,iqr,0,0,0.000e+00,0.000e+00,True
reversal_curriculum,s2_t2,random_amplitude,calibrated_material_parameter_ece,mean,0.160833343863,0.160833343863,0.000e+00,0.000e+00,True
reversal_curriculum,s2_t2,random_amplitude,calibrated_material_parameter_ece,std,0.0557150642357,0.0557150642357,0.000e+00,0.000e+00,True
reversal_curriculum,s2_t2,random_amplitude,calibrated_material_parameter_ece,median,0.181250020862,0.181250020862,0.000e+00,0.000e+00,True
reversal_curriculum,s2_t2,random_amplitude,calibrated_material_parameter_ece,iqr,0.0520833283663,0.0520833283663,0.000e+00,0.000e+00,True
reversal_curriculum,s2_t2,random_amplitude,calibrated_material_parameter_nll,mean,1.91165382862,1.91165382862,0.000e+00,0.000e+00,True
reversal_curriculum,s2_t2,random_amplitude,calibrated_material_parameter_nll,std,1.74072038964,1.74072038964,0.000e+00,0.000e+00,True
reversal_curriculum,s2_t2,random_amplitude,calibrated_material_parameter_nll,median,1.42852306366,1.42852306366,0.000e+00,0.000e+00,True
reversal_curriculum,s2_t2,random_amplitude,calibrated_material_parameter_nll,iqr,1.64345824718,1.64345824718,0.000e+00,0.000e+00,True
reversal_curriculum,s2_t2,random_amplitude,calibrated_material_parameter_spread_scale,mean,1275.95375366,1275.95375366,0.000e+00,0.000e+00,True
reversal_curriculum,s2_t2,random_amplitude,calibrated_material_parameter_spread_scale,std,1923.83404743,1923.83404743,0.000e+00,0.000e+00,True
reversal_curriculum,s2_t2,random_amplitude,calibrated_material_parameter_spread_scale,median,353.68737793,353.68737793,0.000e+00,0.000e+00,True
reversal_curriculum,s2_t2,random_amplitude,calibrated_material_parameter_spread_scale,iqr,1083.36586761,1083.36586761,0.000e+00,0.000e+00,True
reversal_curriculum,s2_t2,random_amplitude,history_relative_l2,mean,0.801154255867,0.801154255867,0.000e+00,0.000e+00,True
reversal_curriculum,s2_t2,random_amplitude,history_relative_l2,std,0.0810648115672,0.0810648115672,0.000e+00,0.000e+00,True
reversal_curriculum,s2_t2,random_amplitude,history_relative_l2,median,0.77448964119,0.77448964119,0.000e+00,0.000e+00,True
reversal_curriculum,s2_t2,random_amplitude,history_relative_l2,iqr,0.0106026530266,0.0106026530266,0.000e+00,0.000e+00,True
reversal_curriculum,s2_t2,random_amplitude,history_final_relative_l2,mean,0.545891445875,0.545891445875,0.000e+00,0.000e+00,True
reversal_curriculum,s2_t2,random_amplitude,history_final_relative_l2,std,0.288474478206,0.288474478206,0.000e+00,0.000e+00,True
reversal_curriculum,s2_t2,random_amplitude,history_final_relative_l2,median,0.3925319314,0.3925319314,0.000e+00,0.000e+00,True
reversal_curriculum,s2_t2,random_amplitude,history_final_relative_l2,iqr,0.418046832085,0.418046832085,0.000e+00,0.000e+00,True
reversal_curriculum,s2_t2,random_amplitude,history_coverage_95,mean,0.047202382423,0.047202382423,0.000e+00,0.000e+00,True
reversal_curriculum,s2_t2,random_amplitude,history_coverage_95,std,0.0451662405256,0.0451662405256,0.000e+00,0.000e+00,True
reversal_curriculum,s2_t2,random_amplitude,history_coverage_95,median,0.0229662694037,0.0229662694037,0.000e+00,0.000e+00,True
reversal_curriculum,s2_t2,random_amplitude,history_coverage_95,iqr,0.0841269884259,0.0841269884259,0.000e+00,0.000e+00,True
reversal_curriculum,s2_t2,random_amplitude,history_ece,mean,0.742604148388,0.742604148388,0.000e+00,0.000e+00,True
reversal_curriculum,s2_t2,random_amplitude,history_ece,std,0.0436916932129,0.0436916932129,0.000e+00,0.000e+00,True
reversal_curriculum,s2_t2,random_amplitude,history_ece,median,0.765860617161,0.765860617161,0.000e+00,0.000e+00,True
reversal_curriculum,s2_t2,random_amplitude,history_ece,iqr,0.0796378850937,0.0796378850937,0.000e+00,0.000e+00,True
reversal_curriculum,s2_t2,random_amplitude,history_nll,mean,546546.521875,546546.521875,0.000e+00,0.000e+00,True
reversal_curriculum,s2_t2,random_amplitude,history_nll,std,413458.388212,413458.388212,0.000e+00,0.000e+00,True
reversal_curriculum,s2_t2,random_amplitude,history_nll,median,348924.09375,348924.09375,0.000e+00,0.000e+00,True
reversal_curriculum,s2_t2,random_amplitude,history_nll,iqr,292060.125,292060.125,0.000e+00,0.000e+00,True
reversal_curriculum,s2_t2,random_amplitude,calibrated_history_coverage_95,mean,0.864702403545,0.864702403545,0.000e+00,0.000e+00,True
reversal_curriculum,s2_t2,random_amplitude,calibrated_history_coverage_95,std,0.0377103987996,0.0377103987996,0.000e+00,0.000e+00,True
reversal_curriculum,s2_t2,random_amplitude,calibrated_history_coverage_95,median,0.87460321188,0.87460321188,0.000e+00,0.000e+00,True
reversal_curriculum,s2_t2,random_amplitude,calibrated_history_coverage_95,iqr,0.0134920477867,0.0134920477867,0.000e+00,0.000e+00,True
reversal_curriculum,s2_t2,random_amplitude,calibrated_history_ece,mean,0.114692440629,0.114692440629,0.000e+00,0.000e+00,True
reversal_curriculum,s2_t2,random_amplitude,calibrated_history_ece,std,0.0111251091115,0.0111251091115,0.000e+00,0.000e+00,True
reversal_curriculum,s2_t2,random_amplitude,calibrated_history_ece,median,0.116443425417,0.116443425417,0.000e+00,0.000e+00,True
reversal_curriculum,s2_t2,random_amplitude,calibrated_history_ece,iqr,0.00895336270332,0.00895336270332,0.000e+00,0.000e+00,True
reversal_curriculum,s2_t2,random_amplitude,calibrated_history_nll,mean,2065.83480978,2065.83480978,0.000e+00,0.000e+00,True
reversal_curriculum,s2_t2,random_amplitude,calibrated_history_nll,std,2359.99396699,2359.99396699,0.000e+00,0.000e+00,True
reversal_curriculum,s2_t2,random_amplitude,calibrated_history_nll,median,1408.91943359,1408.91943359,0.000e+00,0.000e+00,True
reversal_curriculum,s2_t2,random_amplitude,calibrated_history_nll,iqr,2099.45874023,2099.45874023,0.000e+00,0.000e+00,True
reversal_curriculum,s2_t2,random_amplitude,calibrated_history_spread_scale,mean,10000,10000,0.000e+00,0.000e+00,True
reversal_curriculum,s2_t2,random_amplitude,calibrated_history_spread_scale,std,0,0,0.000e+00,0.000e+00,True
reversal_curriculum,s2_t2,random_amplitude,calibrated_history_spread_scale,median,10000,10000,0.000e+00,0.000e+00,True
reversal_curriculum,s2_t2,random_amplitude,calibrated_history_spread_scale,iqr,0,0,0.000e+00,0.000e+00,True
reversal_curriculum,s2_t2,random_amplitude,field_coverage_95,mean,0.00289713551756,0.00289713551756,0.000e+00,0.000e+00,True
reversal_curriculum,s2_t2,random_amplitude,field_coverage_95,std,0.00454914649294,0.00454914649294,8.674e-19,8.674e-19,True
reversal_curriculum,s2_t2,random_amplitude,field_coverage_95,median,0.000651041686069,0.000651041686069,0.000e+00,0.000e+00,True
reversal_curriculum,s2_t2,random_amplitude,field_coverage_95,iqr,0.00195312514552,0.00195312514552,0.000e+00,0.000e+00,True
reversal_curriculum,s2_t2,random_amplitude,field_ece,mean,0.785359704494,0.785359704494,0.000e+00,0.000e+00,True
reversal_curriculum,s2_t2,random_amplitude,field_ece,std,0.00332610320138,0.00332610320138,4.337e-19,4.337e-19,True
reversal_curriculum,s2_t2,random_amplitude,field_ece,median,0.787011742592,0.787011742592,0.000e+00,0.000e+00,True
reversal_curriculum,s2_t2,random_amplitude,field_ece,iqr,0.00150561332703,0.00150561332703,0.000e+00,0.000e+00,True
reversal_curriculum,s2_t2,random_amplitude,field_nll,mean,93978.4234375,93978.4234375,0.000e+00,0.000e+00,True
reversal_curriculum,s2_t2,random_amplitude,field_nll,std,13902.9312226,13902.9312226,0.000e+00,0.000e+00,True
reversal_curriculum,s2_t2,random_amplitude,field_nll,median,95223.109375,95223.109375,0.000e+00,0.000e+00,True
reversal_curriculum,s2_t2,random_amplitude,field_nll,iqr,9498.3203125,9498.3203125,0.000e+00,0.000e+00,True
reversal_curriculum,s2_t2,random_amplitude,field_crps,mean,0.0314818412066,0.0314818412066,0.000e+00,0.000e+00,True
reversal_curriculum,s2_t2,random_amplitude,field_crps,std,0.00249238846585,0.00249238846585,4.337e-19,4.337e-19,True
reversal_curriculum,s2_t2,random_amplitude,field_crps,median,0.032736197114,0.032736197114,0.000e+00,0.000e+00,True
reversal_curriculum,s2_t2,random_amplitude,field_crps,iqr,0.00149940699339,0.00149940699339,0.000e+00,0.000e+00,True
reversal_curriculum,s2_t2,random_amplitude,calibrated_field_coverage_95,mean,0.939127624035,0.939127624035,0.000e+00,0.000e+00,True
reversal_curriculum,s2_t2,random_amplitude,calibrated_field_coverage_95,std,0.0637273153451,0.0637273153451,0.000e+00,0.000e+00,True
reversal_curriculum,s2_t2,random_amplitude,calibrated_field_coverage_95,median,0.947265625,0.947265625,0.000e+00,0.000e+00,True
reversal_curriculum,s2_t2,random_amplitude,calibrated_field_coverage_95,iqr,0.0286458134651,0.0286458134651,0.000e+00,0.000e+00,True
reversal_curriculum,s2_t2,random_amplitude,calibrated_field_ece,mean,0.132633477449,0.132633477449,0.000e+00,0.000e+00,True
reversal_curriculum,s2_t2,random_amplitude,calibrated_field_ece,std,0.0448115499487,0.0448115499487,0.000e+00,0.000e+00,True
reversal_curriculum,s2_t2,random_amplitude,calibrated_field_ece,median,0.121256515384,0.121256515384,0.000e+00,0.000e+00,True
reversal_curriculum,s2_t2,random_amplitude,calibrated_field_ece,iqr,0.0445638298988,0.0445638298988,0.000e+00,0.000e+00,True
reversal_curriculum,s2_t2,random_amplitude,calibrated_field_nll,mean,-0.475251543522,-0.475251543522,0.000e+00,0.000e+00,True
reversal_curriculum,s2_t2,random_amplitude,calibrated_field_nll,std,0.728466184643,0.728466184643,1.110e-16,1.110e-16,True
reversal_curriculum,s2_t2,random_amplitude,calibrated_field_nll,median,-0.797788619995,-0.797788619995,0.000e+00,0.000e+00,True
reversal_curriculum,s2_t2,random_amplitude,calibrated_field_nll,iqr,0.0860829353333,0.0860829353333,0.000e+00,0.000e+00,True
reversal_curriculum,s2_t2,random_amplitude,calibrated_field_crps,mean,0.847323783487,0.847323783487,0.000e+00,0.000e+00,True
reversal_curriculum,s2_t2,random_amplitude,calibrated_field_crps,std,1.76617248905,1.76617248905,2.220e-16,1.257e-16,True
reversal_curriculum,s2_t2,random_amplitude,calibrated_field_crps,median,0.0649851188064,0.0649851188064,0.000e+00,0.000e+00,True
reversal_curriculum,s2_t2,random_amplitude,calibrated_field_crps,iqr,0.00835857540369,0.00835857540369,0.000e+00,0.000e+00,True
reversal_curriculum,s2_t2,random_amplitude,calibrated_field_spread_scale,mean,9431.73505859,9431.73505859,0.000e+00,0.000e+00,True
reversal_curriculum,s2_t2,random_amplitude,calibrated_field_spread_scale,std,1270.67903821,1270.67903821,0.000e+00,0.000e+00,True
reversal_curriculum,s2_t2,random_amplitude,calibrated_field_spread_scale,median,10000,10000,0.000e+00,0.000e+00,True
reversal_curriculum,s2_t2,random_amplitude,calibrated_field_spread_scale,iqr,0,0,0.000e+00,0.000e+00,True
reversal_curriculum,s2_t2,random_amplitude,posterior_calibration_num_calibration,mean,4,4,0.000e+00,0.000e+00,True
reversal_curriculum,s2_t2,random_amplitude,posterior_calibration_num_calibration,std,0,0,0.000e+00,0.000e+00,True
reversal_curriculum,s2_t2,random_amplitude,posterior_calibration_num_calibration,median,4,4,0.000e+00,0.000e+00,True
reversal_curriculum,s2_t2,random_amplitude,posterior_calibration_num_calibration,iqr,0,0,0.000e+00,0.000e+00,True
reversal_curriculum,s2_t2,random_amplitude,posterior_calibration_num_test,mean,4,4,0.000e+00,0.000e+00,True
reversal_curriculum,s2_t2,random_amplitude,posterior_calibration_num_test,std,0,0,0.000e+00,0.000e+00,True
reversal_curriculum,s2_t2,random_amplitude,posterior_calibration_num_test,median,4,4,0.000e+00,0.000e+00,True
reversal_curriculum,s2_t2,random_amplitude,posterior_calibration_num_test,iqr,0,0,0.000e+00,0.000e+00,True
reversal_curriculum,s2_t2,pre_stress,sparse_observation_relative_l2,mean,1.27336080074,1.27336080074,0.000e+00,0.000e+00,True
reversal_curriculum,s2_t2,pre_stress,sparse_observation_relative_l2,std,0.146617776967,0.146617776967,0.000e+00,0.000e+00,True
reversal_curriculum,s2_t2,pre_stress,sparse_observation_relative_l2,median,1.2638682127,1.2638682127,0.000e+00,0.000e+00,True
reversal_curriculum,s2_t2,pre_stress,sparse_observation_relative_l2,iqr,0.133682370186,0.133682370186,0.000e+00,0.000e+00,True
reversal_curriculum,s2_t2,pre_stress,rollout_displacement_relative_l2,mean,1.21810574532,1.21810574532,0.000e+00,0.000e+00,True
reversal_curriculum,s2_t2,pre_stress,rollout_displacement_relative_l2,std,0.0900098173226,0.0900098173226,0.000e+00,0.000e+00,True
reversal_curriculum,s2_t2,pre_stress,rollout_displacement_relative_l2,median,1.23779845238,1.23779845238,0.000e+00,0.000e+00,True
reversal_curriculum,s2_t2,pre_stress,rollout_displacement_relative_l2,iqr,0.0460158586502,0.0460158586502,0.000e+00,0.000e+00,True
reversal_curriculum,s2_t2,pre_stress,material_parameter_relative_l2,mean,0.290578475595,0.290578475595,0.000e+00,0.000e+00,True
reversal_curriculum,s2_t2,pre_stress,material_parameter_relative_l2,std,0.0733190306702,0.0733190306702,1.388e-17,1.388e-17,True
reversal_curriculum,s2_t2,pre_stress,material_parameter_relative_l2,median,0.30958366394,0.30958366394,0.000e+00,0.000e+00,True
reversal_curriculum,s2_t2,pre_stress,material_parameter_relative_l2,iqr,0.0180050432682,0.0180050432682,0.000e+00,0.000e+00,True
reversal_curriculum,s2_t2,pre_stress,material_parameter_coverage_95,mean,0.0166666667908,0.0166666667908,0.000e+00,0.000e+00,True
reversal_curriculum,s2_t2,pre_stress,material_parameter_coverage_95,std,0.0271633433788,0.0271633433788,3.469e-18,3.469e-18,True
reversal_curriculum,s2_t2,pre_stress,material_parameter_coverage_95,median,0,0,0.000e+00,0.000e+00,True
reversal_curriculum,s2_t2,pre_stress,material_parameter_coverage_95,iqr,0.0208333339542,0.0208333339542,0.000e+00,0.000e+00,True
reversal_curriculum,s2_t2,pre_stress,material_parameter_ece,mean,0.776041638851,0.776041638851,0.000e+00,0.000e+00,True
reversal_curriculum,s2_t2,pre_stress,material_parameter_ece,std,0.0203058220613,0.0203058220613,0.000e+00,0.000e+00,True
reversal_curriculum,s2_t2,pre_stress,material_parameter_ece,median,0.787499964237,0.787499964237,0.000e+00,0.000e+00,True
reversal_curriculum,s2_t2,pre_stress,material_parameter_ece,iqr,0.0104166269302,0.0104166269302,0.000e+00,0.000e+00,True
reversal_curriculum,s2_t2,pre_stress,material_parameter_nll,mean,66587.0618164,66587.0618164,0.000e+00,0.000e+00,True
reversal_curriculum,s2_t2,pre_stress,material_parameter_nll,std,88691.3420172,88691.3420172,0.000e+00,0.000e+00,True
reversal_curriculum,s2_t2,pre_stress,material_parameter_nll,median,3998.29174805,3998.29174805,0.000e+00,0.000e+00,True
reversal_curriculum,s2_t2,pre_stress,material_parameter_nll,iqr,140721.976807,140721.976807,0.000e+00,0.000e+00,True
reversal_curriculum,s2_t2,pre_stress,calibrated_material_parameter_coverage_95,mean,0.991666674614,0.991666674614,0.000e+00,0.000e+00,True
reversal_curriculum,s2_t2,pre_stress,calibrated_material_parameter_coverage_95,std,0.0186338820418,0.0186338820418,0.000e+00,0.000e+00,True
reversal_curriculum,s2_t2,pre_stress,calibrated_material_parameter_coverage_95,median,1,1,0.000e+00,0.000e+00,True
reversal_curriculum,s2_t2,pre_stress,calibrated_material_parameter_coverage_95,iqr,0,0,0.000e+00,0.000e+00,True
reversal_curriculum,s2_t2,pre_stress,calibrated_material_parameter_ece,mean,0.175000017881,0.175000017881,0.000e+00,0.000e+00,True
reversal_curriculum,s2_t2,pre_stress,calibrated_material_parameter_ece,std,0.0334308361934,0.0334308361934,6.939e-18,6.939e-18,True
reversal_curriculum,s2_t2,pre_stress,calibrated_material_parameter_ece,median,0.170833349228,0.170833349228,0.000e+00,0.000e+00,True
reversal_curriculum,s2_t2,pre_stress,calibrated_material_parameter_ece,iqr,0.0416666716337,0.0416666716337,0.000e+00,0.000e+00,True
reversal_curriculum,s2_t2,pre_stress,calibrated_material_parameter_nll,mean,1.65747537613,1.65747537613,0.000e+00,0.000e+00,True
reversal_curriculum,s2_t2,pre_stress,calibrated_material_parameter_nll,std,1.30817948418,1.30817948418,2.220e-16,1.697e-16,True
reversal_curriculum,s2_t2,pre_stress,calibrated_material_parameter_nll,median,1.04722476006,1.04722476006,0.000e+00,0.000e+00,True
reversal_curriculum,s2_t2,pre_stress,calibrated_material_parameter_nll,iqr,1.03556156158,1.03556156158,0.000e+00,0.000e+00,True
reversal_curriculum,s2_t2,pre_stress,calibrated_material_parameter_spread_scale,mean,777.042572021,777.042572021,0.000e+00,0.000e+00,True
reversal_curriculum,s2_t2,pre_stress,calibrated_material_parameter_spread_scale,std,1068.43884257,1068.43884257,0.000e+00,0.000e+00,True
reversal_curriculum,s2_t2,pre_stress,calibrated_material_parameter_spread_scale,median,220.141326904,220.141326904,0.000e+00,0.000e+00,True
reversal_curriculum,s2_t2,pre_stress,calibrated_material_parameter_spread_scale,iqr,585.757461548,585.757461548,0.000e+00,0.000e+00,True
reversal_curriculum,s2_t2,pre_stress,history_relative_l2,mean,0.758503615856,0.758503615856,0.000e+00,0.000e+00,True
reversal_curriculum,s2_t2,pre_stress,history_relative_l2,std,0.0725296729201,0.0725296729201,0.000e+00,0.000e+00,True
reversal_curriculum,s2_t2,pre_stress,history_relative_l2,median,0.761381089687,0.761381089687,0.000e+00,0.000e+00,True
reversal_curriculum,s2_t2,pre_stress,history_relative_l2,iqr,0.100031018257,0.100031018257,0.000e+00,0.000e+00,True
reversal_curriculum,s2_t2,pre_stress,history_final_relative_l2,mean,0.482216483355,0.482216483355,0.000e+00,0.000e+00,True
reversal_curriculum,s2_t2,pre_stress,history_final_relative_l2,std,0.20877794786,0.20877794786,0.000e+00,0.000e+00,True
reversal_curriculum,s2_t2,pre_stress,history_final_relative_l2,median,0.409782856703,0.409782856703,0.000e+00,0.000e+00,True
reversal_curriculum,s2_t2,pre_stress,history_final_relative_l2,iqr,0.312013447285,0.312013447285,0.000e+00,0.000e+00,True
reversal_curriculum,s2_t2,pre_stress,history_coverage_95,mean,0.0271169355139,0.0271169355139,0.000e+00,0.000e+00,True
reversal_curriculum,s2_t2,pre_stress,history_coverage_95,std,0.017900704278,0.017900704278,3.469e-18,3.469e-18,True
reversal_curriculum,s2_t2,pre_stress,history_coverage_95,median,0.0239919349551,0.0239919349551,0.000e+00,0.000e+00,True
reversal_curriculum,s2_t2,pre_stress,history_coverage_95,iqr,0.00987903214991,0.00987903214991,0.000e+00,0.000e+00,True
reversal_curriculum,s2_t2,pre_stress,history_ece,mean,0.761703622341,0.761703622341,0.000e+00,0.000e+00,True
reversal_curriculum,s2_t2,pre_stress,history_ece,std,0.0173049990353,0.0173049990353,3.469e-18,3.469e-18,True
reversal_curriculum,s2_t2,pre_stress,history_ece,median,0.764478325844,0.764478325844,0.000e+00,0.000e+00,True
reversal_curriculum,s2_t2,pre_stress,history_ece,iqr,0.0091860294342,0.0091860294342,0.000e+00,0.000e+00,True
reversal_curriculum,s2_t2,pre_stress,history_nll,mean,634453.271875,634453.271875,0.000e+00,0.000e+00,True
reversal_curriculum,s2_t2,pre_stress,history_nll,std,593533.354021,593533.354021,0.000e+00,0.000e+00,True
reversal_curriculum,s2_t2,pre_stress,history_nll,median,341788.78125,341788.78125,0.000e+00,0.000e+00,True
reversal_curriculum,s2_t2,pre_stress,history_nll,iqr,957214.265625,957214.265625,0.000e+00,0.000e+00,True
reversal_curriculum,s2_t2,pre_stress,calibrated_history_coverage_95,mean,0.886451601982,0.886451601982,0.000e+00,0.000e+00,True
reversal_curriculum,s2_t2,pre_stress,calibrated_history_coverage_95,std,0.026879784695,0.026879784695,0.000e+00,0.000e+00,True
reversal_curriculum,s2_t2,pre_stress,calibrated_history_coverage_95,median,0.894858837128,0.894858837128,0.000e+00,0.000e+00,True
reversal_curriculum,s2_t2,pre_stress,calibrated_history_coverage_95,iqr,0.0406250357628,0.0406250357628,0.000e+00,0.000e+00,True
reversal_curriculum,s2_t2,pre_stress,calibrated_history_ece,mean,0.12423890233,0.12423890233,0.000e+00,0.000e+00,True
reversal_curriculum,s2_t2,pre_stress,calibrated_history_ece,std,0.00307306635618,0.00307306635618,0.000e+00,0.000e+00,True
reversal_curriculum,s2_t2,pre_stress,calibrated_history_ece,median,0.125100791454,0.125100791454,0.000e+00,0.000e+00,True
reversal_curriculum,s2_t2,pre_stress,calibrated_history_ece,iqr,0.000705659389496,0.000705659389496,0.000e+00,0.000e+00,True
reversal_curriculum,s2_t2,pre_stress,calibrated_history_nll,mean,1101.47677717,1101.47677717,0.000e+00,0.000e+00,True
reversal_curriculum,s2_t2,pre_stress,calibrated_history_nll,std,1479.67264148,1479.67264148,0.000e+00,0.000e+00,True
reversal_curriculum,s2_t2,pre_stress,calibrated_history_nll,median,57.9670600891,57.9670600891,0.000e+00,0.000e+00,True
reversal_curriculum,s2_t2,pre_stress,calibrated_history_nll,iqr,2434.36701775,2434.36701775,0.000e+00,0.000e+00,True
reversal_curriculum,s2_t2,pre_stress,calibrated_history_spread_scale,mean,10000,10000,0.000e+00,0.000e+00,True
reversal_curriculum,s2_t2,pre_stress,calibrated_history_spread_scale,std,0,0,0.000e+00,0.000e+00,True
reversal_curriculum,s2_t2,pre_stress,calibrated_history_spread_scale,median,10000,10000,0.000e+00,0.000e+00,True
reversal_curriculum,s2_t2,pre_stress,calibrated_history_spread_scale,iqr,0,0,0.000e+00,0.000e+00,True
reversal_curriculum,s2_t2,pre_stress,field_coverage_95,mean,0.00107421881403,0.00107421881403,0.000e+00,0.000e+00,True
reversal_curriculum,s2_t2,pre_stress,field_coverage_95,std,0.00171710324539,0.00171710324539,0.000e+00,0.000e+00,True
reversal_curriculum,s2_t2,pre_stress,field_coverage_95,median,0.000162760421517,0.000162760421517,0.000e+00,0.000e+00,True
reversal_curriculum,s2_t2,pre_stress,field_coverage_95,iqr,0.000813802078483,0.000813802078483,0.000e+00,0.000e+00,True
reversal_curriculum,s2_t2,pre_stress,field_ece,mean,0.786743140221,0.786743140221,0.000e+00,0.000e+00,True
reversal_curriculum,s2_t2,pre_stress,field_ece,std,0.0011410150003,0.0011410150003,0.000e+00,0.000e+00,True
reversal_curriculum,s2_t2,pre_stress,field_ece,median,0.787337243557,0.787337243557,0.000e+00,0.000e+00,True
reversal_curriculum,s2_t2,pre_stress,field_ece,iqr,0.000651121139526,0.000651121139526,0.000e+00,0.000e+00,True
reversal_curriculum,s2_t2,pre_stress,field_nll,mean,28555.8308594,28555.8308594,0.000e+00,0.000e+00,True
reversal_curriculum,s2_t2,pre_stress,field_nll,std,5145.00335422,5145.00335422,0.000e+00,0.000e+00,True
reversal_curriculum,s2_t2,pre_stress,field_nll,median,29855.15625,29855.15625,0.000e+00,0.000e+00,True
reversal_curriculum,s2_t2,pre_stress,field_nll,iqr,2192.89453125,2192.89453125,0.000e+00,0.000e+00,True
reversal_curriculum,s2_t2,pre_stress,field_crps,mean,0.0178830094635,0.0178830094635,0.000e+00,0.000e+00,True
reversal_curriculum,s2_t2,pre_stress,field_crps,std,0.00308441047197,0.00308441047197,4.337e-19,4.337e-19,True
reversal_curriculum,s2_t2,pre_stress,field_crps,median,0.0193602498621,0.0193602498621,0.000e+00,0.000e+00,True
reversal_curriculum,s2_t2,pre_stress,field_crps,iqr,0.00215642899275,0.00215642899275,0.000e+00,0.000e+00,True
reversal_curriculum,s2_t2,pre_stress,calibrated_field_coverage_95,mean,0.904427099228,0.904427099228,0.000e+00,0.000e+00,True
reversal_curriculum,s2_t2,pre_stress,calibrated_field_coverage_95,std,0.10641684369,0.10641684369,0.000e+00,0.000e+00,True
reversal_curriculum,s2_t2,pre_stress,calibrated_field_coverage_95,median,0.946940124035,0.946940124035,0.000e+00,0.000e+00,True
reversal_curriculum,s2_t2,pre_stress,calibrated_field_coverage_95,iqr,0.0423176884651,0.0423176884651,0.000e+00,0.000e+00,True
reversal_curriculum,s2_t2,pre_stress,calibrated_field_ece,mean,0.123408213258,0.123408213258,0.000e+00,0.000e+00,True
reversal_curriculum,s2_t2,pre_stress,calibrated_field_ece,std,0.0492534234261,0.0492534234261,0.000e+00,0.000e+00,True
reversal_curriculum,s2_t2,pre_stress,calibrated_field_ece,median,0.145491525531,0.145491525531,0.000e+00,0.000e+00,True
reversal_curriculum,s2_t2,pre_stress,calibrated_field_ece,iqr,0.0555175989866,0.0555175989866,0.000e+00,0.000e+00,True
reversal_curriculum,s2_t2,pre_stress,calibrated_field_nll,mean,-1.67250561714,-1.67250561714,0.000e+00,0.000e+00,True
reversal_curriculum,s2_t2,pre_stress,calibrated_field_nll,std,0.522290495206,0.522290495206,0.000e+00,0.000e+00,True
reversal_curriculum,s2_t2,pre_stress,calibrated_field_nll,median,-1.70004820824,-1.70004820824,0.000e+00,0.000e+00,True
reversal_curriculum,s2_t2,pre_stress,calibrated_field_nll,iqr,0.77702665329,0.77702665329,0.000e+00,0.000e+00,True
reversal_curriculum,s2_t2,pre_stress,calibrated_field_crps,mean,0.0256562599912,0.0256562599912,0.000e+00,0.000e+00,True
reversal_curriculum,s2_t2,pre_stress,calibrated_field_crps,std,0.014937353055,0.014937353055,0.000e+00,0.000e+00,True
reversal_curriculum,s2_t2,pre_stress,calibrated_field_crps,median,0.0191760417074,0.0191760417074,0.000e+00,0.000e+00,True
reversal_curriculum,s2_t2,pre_stress,calibrated_field_crps,iqr,0.0110555328429,0.0110555328429,0.000e+00,0.000e+00,True
reversal_curriculum,s2_t2,pre_stress,calibrated_field_spread_scale,mean,3912.29609375,3912.29609375,0.000e+00,0.000e+00,True
reversal_curriculum,s2_t2,pre_stress,calibrated_field_spread_scale,std,3586.15760141,3586.15760141,0.000e+00,0.000e+00,True
reversal_curriculum,s2_t2,pre_stress,calibrated_field_spread_scale,median,2280.76733398,2280.76733398,0.000e+00,0.000e+00,True
reversal_curriculum,s2_t2,pre_stress,calibrated_field_spread_scale,iqr,2149.00622559,2149.00622559,0.000e+00,0.000e+00,True
reversal_curriculum,s2_t2,pre_stress,posterior_calibration_num_calibration,mean,4,4,0.000e+00,0.000e+00,True
reversal_curriculum,s2_t2,pre_stress,posterior_calibration_num_calibration,std,0,0,0.000e+00,0.000e+00,True
reversal_curriculum,s2_t2,pre_stress,posterior_calibration_num_calibration,median,4,4,0.000e+00,0.000e+00,True
reversal_curriculum,s2_t2,pre_stress,posterior_calibration_num_calibration,iqr,0,0,0.000e+00,0.000e+00,True
reversal_curriculum,s2_t2,pre_stress,posterior_calibration_num_test,mean,4,4,0.000e+00,0.000e+00,True
reversal_curriculum,s2_t2,pre_stress,posterior_calibration_num_test,std,0,0,0.000e+00,0.000e+00,True
reversal_curriculum,s2_t2,pre_stress,posterior_calibration_num_test,median,4,4,0.000e+00,0.000e+00,True
reversal_curriculum,s2_t2,pre_stress,posterior_calibration_num_test,iqr,0,0,0.000e+00,0.000e+00,True
reversal_curriculum,s4_t2,cyclic,sparse_observation_relative_l2,mean,1.1887057066,1.1887057066,0.000e+00,0.000e+00,True
reversal_curriculum,s4_t2,cyclic,sparse_observation_relative_l2,std,0.273655870919,0.273655870919,0.000e+00,0.000e+00,True
reversal_curriculum,s4_t2,cyclic,sparse_observation_relative_l2,median,1.09007942677,1.09007942677,0.000e+00,0.000e+00,True
reversal_curriculum,s4_t2,cyclic,sparse_observation_relative_l2,iqr,0.404251337051,0.404251337051,0.000e+00,0.000e+00,True
reversal_curriculum,s4_t2,cyclic,rollout_displacement_relative_l2,mean,1.02427464724,1.02427464724,0.000e+00,0.000e+00,True
reversal_curriculum,s4_t2,cyclic,rollout_displacement_relative_l2,std,0.168285789536,0.168285789536,0.000e+00,0.000e+00,True
reversal_curriculum,s4_t2,cyclic,rollout_displacement_relative_l2,median,1.04844343662,1.04844343662,0.000e+00,0.000e+00,True
reversal_curriculum,s4_t2,cyclic,rollout_displacement_relative_l2,iqr,0.270079016685,0.270079016685,0.000e+00,0.000e+00,True
reversal_curriculum,s4_t2,cyclic,material_parameter_relative_l2,mean,0.207827661932,0.207827661932,0.000e+00,0.000e+00,True
reversal_curriculum,s4_t2,cyclic,material_parameter_relative_l2,std,0.0962239801022,0.0962239801022,0.000e+00,0.000e+00,True
reversal_curriculum,s4_t2,cyclic,material_parameter_relative_l2,median,0.209729030728,0.209729030728,0.000e+00,0.000e+00,True
reversal_curriculum,s4_t2,cyclic,material_parameter_relative_l2,iqr,0.0259261876345,0.0259261876345,0.000e+00,0.000e+00,True
reversal_curriculum,s4_t2,cyclic,material_parameter_coverage_95,mean,0.0291666679084,0.0291666679084,0.000e+00,0.000e+00,True
reversal_curriculum,s4_t2,cyclic,material_parameter_coverage_95,std,0.0456435485842,0.0456435485842,0.000e+00,0.000e+00,True
reversal_curriculum,s4_t2,cyclic,material_parameter_coverage_95,median,0,0,0.000e+00,0.000e+00,True
reversal_curriculum,s4_t2,cyclic,material_parameter_coverage_95,iqr,0.0416666679084,0.0416666679084,0.000e+00,0.000e+00,True
reversal_curriculum,s4_t2,cyclic,material_parameter_ece,mean,0.758333313465,0.758333313465,0.000e+00,0.000e+00,True
reversal_curriculum,s4_t2,cyclic,material_parameter_ece,std,0.0456435274148,0.0456435274148,0.000e+00,0.000e+00,True
reversal_curriculum,s4_t2,cyclic,material_parameter_ece,median,0.787499964237,0.787499964237,0.000e+00,0.000e+00,True
reversal_curriculum,s4_t2,cyclic,material_parameter_ece,iqr,0.0416666269302,0.0416666269302,0.000e+00,0.000e+00,True
reversal_curriculum,s4_t2,cyclic,material_parameter_nll,mean,295610.474121,295610.474121,0.000e+00,0.000e+00,True
reversal_curriculum,s4_t2,cyclic,material_parameter_nll,std,636349.344094,636349.344094,0.000e+00,0.000e+00,True
reversal_curriculum,s4_t2,cyclic,material_parameter_nll,median,13591.453125,13591.453125,0.000e+00,0.000e+00,True
reversal_curriculum,s4_t2,cyclic,material_parameter_nll,iqr,20564.449707,20564.449707,0.000e+00,0.000e+00,True
reversal_curriculum,s4_t2,cyclic,calibrated_material_parameter_coverage_95,mean,0.908333349228,0.908333349228,0.000e+00,0.000e+00,True
reversal_curriculum,s4_t2,cyclic,calibrated_material_parameter_coverage_95,std,0.0684653160607,0.0684653160607,0.000e+00,0.000e+00,True
reversal_curriculum,s4_t2,cyclic,calibrated_material_parameter_coverage_95,median,0.875,0.875,0.000e+00,0.000e+00,True
reversal_curriculum,s4_t2,cyclic,calibrated_material_parameter_coverage_95,iqr,0.0833333730698,0.0833333730698,0.000e+00,0.000e+00,True
reversal_curriculum,s4_t2,cyclic,calibrated_material_parameter_ece,mean,0.108750002086,0.108750002086,0.000e+00,0.000e+00,True
reversal_curriculum,s4_t2,cyclic,calibrated_material_parameter_ece,std,0.0443510450355,0.0443510450355,0.000e+00,0.000e+00,True
reversal_curriculum,s4_t2,cyclic,calibrated_material_parameter_ece,median,0.0875000357628,0.0875000357628,0.000e+00,0.000e+00,True
reversal_curriculum,s4_t2,cyclic,calibrated_material_parameter_ece,iqr,0.0416666641831,0.0416666641831,0.000e+00,0.000e+00,True
reversal_curriculum,s4_t2,cyclic,calibrated_material_parameter_nll,mean,1.97995075881,1.97995075881,0.000e+00,0.000e+00,True
reversal_curriculum,s4_t2,cyclic,calibrated_material_parameter_nll,std,1.69257002681,1.69257002681,0.000e+00,0.000e+00,True
reversal_curriculum,s4_t2,cyclic,calibrated_material_parameter_nll,median,2.45504832268,2.45504832268,0.000e+00,0.000e+00,True
reversal_curriculum,s4_t2,cyclic,calibrated_material_parameter_nll,iqr,1.96007168293,1.96007168293,0.000e+00,0.000e+00,True
reversal_curriculum,s4_t2,cyclic,calibrated_material_parameter_spread_scale,mean,893.438511658,893.438511658,0.000e+00,0.000e+00,True
reversal_curriculum,s4_t2,cyclic,calibrated_material_parameter_spread_scale,std,1780.11509846,1780.11509846,0.000e+00,0.000e+00,True
reversal_curriculum,s4_t2,cyclic,calibrated_material_parameter_spread_scale,median,95.1908187866,95.1908187866,0.000e+00,0.000e+00,True
reversal_curriculum,s4_t2,cyclic,calibrated_material_parameter_spread_scale,iqr,37.787437439,37.787437439,0.000e+00,0.000e+00,True
reversal_curriculum,s4_t2,cyclic,history_relative_l2,mean,0.878988146782,0.878988146782,0.000e+00,0.000e+00,True
reversal_curriculum,s4_t2,cyclic,history_relative_l2,std,0.0694366479086,0.0694366479086,0.000e+00,0.000e+00,True
reversal_curriculum,s4_t2,cyclic,history_relative_l2,median,0.8993678689,0.8993678689,0.000e+00,0.000e+00,True
reversal_curriculum,s4_t2,cyclic,history_relative_l2,iqr,0.0875276327133,0.0875276327133,0.000e+00,0.000e+00,True
reversal_curriculum,s4_t2,cyclic,history_final_relative_l2,mean,3.11539030075,3.11539030075,0.000e+00,0.000e+00,True
reversal_curriculum,s4_t2,cyclic,history_final_relative_l2,std,1.16567157298,1.16567157298,0.000e+00,0.000e+00,True
reversal_curriculum,s4_t2,cyclic,history_final_relative_l2,median,3.18753123283,3.18753123283,0.000e+00,0.000e+00,True
reversal_curriculum,s4_t2,cyclic,history_final_relative_l2,iqr,1.60422539711,1.60422539711,0.000e+00,0.000e+00,True
reversal_curriculum,s4_t2,cyclic,history_coverage_95,mean,0.0482519549318,0.0482519549318,0.000e+00,0.000e+00,True
reversal_curriculum,s4_t2,cyclic,history_coverage_95,std,0.0429125409655,0.0429125409655,6.939e-18,6.939e-18,True
reversal_curriculum,s4_t2,cyclic,history_coverage_95,median,0.041015625,0.041015625,0.000e+00,0.000e+00,True
reversal_curriculum,s4_t2,cyclic,history_coverage_95,iqr,0.0733886761591,0.0733886761591,0.000e+00,0.000e+00,True
reversal_curriculum,s4_t2,cyclic,history_ece,mean,0.740395510197,0.740395510197,0.000e+00,0.000e+00,True
reversal_curriculum,s4_t2,cyclic,history_ece,std,0.042798996465,0.042798996465,0.000e+00,0.000e+00,True
reversal_curriculum,s4_t2,cyclic,history_ece,median,0.747253417969,0.747253417969,0.000e+00,0.000e+00,True
reversal_curriculum,s4_t2,cyclic,history_ece,iqr,0.0732910037041,0.0732910037041,0.000e+00,0.000e+00,True
reversal_curriculum,s4_t2,cyclic,history_nll,mean,212297.75,212297.75,0.000e+00,0.000e+00,True
reversal_curriculum,s4_t2,cyclic,history_nll,std,115545.313223,115545.313223,0.000e+00,0.000e+00,True
reversal_curriculum,s4_t2,cyclic,history_nll,median,135068.046875,135068.046875,0.000e+00,0.000e+00,True
reversal_curriculum,s4_t2,cyclic,history_nll,iqr,132518.3125,132518.3125,0.000e+00,0.000e+00,True
reversal_curriculum,s4_t2,cyclic,calibrated_history_coverage_95,mean,0.882050800323,0.882050800323,0.000e+00,0.000e+00,True
reversal_curriculum,s4_t2,cyclic,calibrated_history_coverage_95,std,0.0461284231508,0.0461284231508,0.000e+00,0.000e+00,True
reversal_curriculum,s4_t2,cyclic,calibrated_history_coverage_95,median,0.890039086342,0.890039086342,0.000e+00,0.000e+00,True
reversal_curriculum,s4_t2,cyclic,calibrated_history_coverage_95,iqr,0.0708984136581,0.0708984136581,0.000e+00,0.000e+00,True
reversal_curriculum,s4_t2,cyclic,calibrated_history_ece,mean,0.12324706316,0.12324706316,0.000e+00,0.000e+00,True
reversal_curriculum,s4_t2,cyclic,calibrated_history_ece,std,0.0111130826373,0.0111130826373,0.000e+00,0.000e+00,True
reversal_curriculum,s4_t2,cyclic,calibrated_history_ece,median,0.123706057668,0.123706057668,0.000e+00,0.000e+00,True
reversal_curriculum,s4_t2,cyclic,calibrated_history_ece,iqr,0.0163086205721,0.0163086205721,0.000e+00,0.000e+00,True
reversal_curriculum,s4_t2,cyclic,calibrated_history_nll,mean,1307.80521369,1307.80521369,0.000e+00,0.000e+00,True
reversal_curriculum,s4_t2,cyclic,calibrated_history_nll,std,2052.83477011,2052.83477011,0.000e+00,0.000e+00,True
reversal_curriculum,s4_t2,cyclic,calibrated_history_nll,median,315.353088379,315.353088379,0.000e+00,0.000e+00,True
reversal_curriculum,s4_t2,cyclic,calibrated_history_nll,iqr,756.66619873,756.66619873,0.000e+00,0.000e+00,True
reversal_curriculum,s4_t2,cyclic,calibrated_history_spread_scale,mean,10000,10000,0.000e+00,0.000e+00,True
reversal_curriculum,s4_t2,cyclic,calibrated_history_spread_scale,std,0,0,0.000e+00,0.000e+00,True
reversal_curriculum,s4_t2,cyclic,calibrated_history_spread_scale,median,10000,10000,0.000e+00,0.000e+00,True
reversal_curriculum,s4_t2,cyclic,calibrated_history_spread_scale,iqr,0,0,0.000e+00,0.000e+00,True
reversal_curriculum,s4_t2,cyclic,field_coverage_95,mean,0.000585937505821,0.000585937505821,0.000e+00,0.000e+00,True
reversal_curriculum,s4_t2,cyclic,field_coverage_95,std,0.000534885308735,0.000534885308735,1.084e-19,1.084e-19,True
reversal_curriculum,s4_t2,cyclic,field_coverage_95,median,0.00048828125,0.00048828125,0.000e+00,0.000e+00,True
reversal_curriculum,s4_t2,cyclic,field_coverage_95,iqr,0.000488281264552,0.000488281264552,0.000e+00,0.000e+00,True
reversal_curriculum,s4_t2,cyclic,field_ece,mean,0.787052404881,0.787052404881,0.000e+00,0.000e+00,True
reversal_curriculum,s4_t2,cyclic,field_ece,std,0.000417975386828,0.000417975386828,5.421e-20,5.421e-20,True
reversal_curriculum,s4_t2,cyclic,field_ece,median,0.787133812904,0.787133812904,0.000e+00,0.000e+00,True
reversal_curriculum,s4_t2,cyclic,field_ece,iqr,0.000366270542145,0.000366270542145,0.000e+00,0.000e+00,True
reversal_curriculum,s4_t2,cyclic,field_nll,mean,95788.221875,95788.221875,0.000e+00,0.000e+00,True
reversal_curriculum,s4_t2,cyclic,field_nll,std,24029.224375,24029.224375,0.000e+00,0.000e+00,True
reversal_curriculum,s4_t2,cyclic,field_nll,median,97040.953125,97040.953125,0.000e+00,0.000e+00,True
reversal_curriculum,s4_t2,cyclic,field_nll,iqr,24855.3203125,24855.3203125,0.000e+00,0.000e+00,True
reversal_curriculum,s4_t2,cyclic,field_crps,mean,0.0314759686589,0.0314759686589,0.000e+00,0.000e+00,True
reversal_curriculum,s4_t2,cyclic,field_crps,std,0.00570334387641,0.00570334387641,0.000e+00,0.000e+00,True
reversal_curriculum,s4_t2,cyclic,field_crps,median,0.029936818406,0.029936818406,0.000e+00,0.000e+00,True
reversal_curriculum,s4_t2,cyclic,field_crps,iqr,0.00918165408075,0.00918165408075,0.000e+00,0.000e+00,True
reversal_curriculum,s4_t2,cyclic,calibrated_field_coverage_95,mean,0.824023461342,0.824023461342,0.000e+00,0.000e+00,True
reversal_curriculum,s4_t2,cyclic,calibrated_field_coverage_95,std,0.158503672998,0.158503672998,0.000e+00,0.000e+00,True
reversal_curriculum,s4_t2,cyclic,calibrated_field_coverage_95,median,0.8525390625,0.8525390625,0.000e+00,0.000e+00,True
reversal_curriculum,s4_t2,cyclic,calibrated_field_coverage_95,iqr,0.135416686535,0.135416686535,0.000e+00,0.000e+00,True
reversal_curriculum,s4_t2,cyclic,calibrated_field_ece,mean,0.141220703721,0.141220703721,0.000e+00,0.000e+00,True
reversal_curriculum,s4_t2,cyclic,calibrated_field_ece,std,0.0713549613096,0.0713549613096,0.000e+00,0.000e+00,True
reversal_curriculum,s4_t2,cyclic,calibrated_field_ece,median,0.114420592785,0.114420592785,0.000e+00,0.000e+00,True
reversal_curriculum,s4_t2,cyclic,calibrated_field_ece,iqr,0.0454427450895,0.0454427450895,0.000e+00,0.000e+00,True
reversal_curriculum,s4_t2,cyclic,calibrated_field_nll,mean,5.15996346474,5.15996346474,0.000e+00,0.000e+00,True
reversal_curriculum,s4_t2,cyclic,calibrated_field_nll,std,8.45191227612,8.45191227612,0.000e+00,0.000e+00,True
reversal_curriculum,s4_t2,cyclic,calibrated_field_nll,median,0.72756499052,0.72756499052,0.000e+00,0.000e+00,True
reversal_curriculum,s4_t2,cyclic,calibrated_field_nll,iqr,8.49818152189,8.49818152189,0.000e+00,0.000e+00,True
reversal_curriculum,s4_t2,cyclic,calibrated_field_crps,mean,0.499783636257,0.499783636257,0.000e+00,0.000e+00,True
reversal_curriculum,s4_t2,cyclic,calibrated_field_crps,std,1.02678778315,1.02678778315,0.000e+00,0.000e+00,True
reversal_curriculum,s4_t2,cyclic,calibrated_field_crps,median,0.0416927561164,0.0416927561164,0.000e+00,0.000e+00,True
reversal_curriculum,s4_t2,cyclic,calibrated_field_crps,iqr,0.0306554213166,0.0306554213166,0.000e+00,0.000e+00,True
reversal_curriculum,s4_t2,cyclic,calibrated_field_spread_scale,mean,7566.31533203,7566.31533203,0.000e+00,0.000e+00,True
reversal_curriculum,s4_t2,cyclic,calibrated_field_spread_scale,std,3346.29889491,3346.29889491,0.000e+00,0.000e+00,True
reversal_curriculum,s4_t2,cyclic,calibrated_field_spread_scale,median,10000,10000,0.000e+00,0.000e+00,True
reversal_curriculum,s4_t2,cyclic,calibrated_field_spread_scale,iqr,5654.265625,5654.265625,0.000e+00,0.000e+00,True
reversal_curriculum,s4_t2,cyclic,posterior_calibration_num_calibration,mean,4,4,0.000e+00,0.000e+00,True
reversal_curriculum,s4_t2,cyclic,posterior_calibration_num_calibration,std,0,0,0.000e+00,0.000e+00,True
reversal_curriculum,s4_t2,cyclic,posterior_calibration_num_calibration,median,4,4,0.000e+00,0.000e+00,True
reversal_curriculum,s4_t2,cyclic,posterior_calibration_num_calibration,iqr,0,0,0.000e+00,0.000e+00,True
reversal_curriculum,s4_t2,cyclic,posterior_calibration_num_test,mean,4,4,0.000e+00,0.000e+00,True
reversal_curriculum,s4_t2,cyclic,posterior_calibration_num_test,std,0,0,0.000e+00,0.000e+00,True
reversal_curriculum,s4_t2,cyclic,posterior_calibration_num_test,median,4,4,0.000e+00,0.000e+00,True
reversal_curriculum,s4_t2,cyclic,posterior_calibration_num_test,iqr,0,0,0.000e+00,0.000e+00,True
reversal_curriculum,s4_t2,nonproportional,sparse_observation_relative_l2,mean,1.08399657011,1.08399657011,0.000e+00,0.000e+00,True
reversal_curriculum,s4_t2,nonproportional,sparse_observation_relative_l2,std,0.0913976282371,0.0913976282371,0.000e+00,0.000e+00,True
reversal_curriculum,s4_t2,nonproportional,sparse_observation_relative_l2,median,1.07933688164,1.07933688164,0.000e+00,0.000e+00,True
reversal_curriculum,s4_t2,nonproportional,sparse_observation_relative_l2,iqr,0.105581998825,0.105581998825,0.000e+00,0.000e+00,True
reversal_curriculum,s4_t2,nonproportional,rollout_displacement_relative_l2,mean,0.983738851547,0.983738851547,0.000e+00,0.000e+00,True
reversal_curriculum,s4_t2,nonproportional,rollout_displacement_relative_l2,std,0.0906429876566,0.0906429876566,0.000e+00,0.000e+00,True
reversal_curriculum,s4_t2,nonproportional,rollout_displacement_relative_l2,median,0.949876368046,0.949876368046,0.000e+00,0.000e+00,True
reversal_curriculum,s4_t2,nonproportional,rollout_displacement_relative_l2,iqr,0.130460977554,0.130460977554,0.000e+00,0.000e+00,True
reversal_curriculum,s4_t2,nonproportional,material_parameter_relative_l2,mean,0.223878484964,0.223878484964,0.000e+00,0.000e+00,True
reversal_curriculum,s4_t2,nonproportional,material_parameter_relative_l2,std,0.0509960268927,0.0509960268927,0.000e+00,0.000e+00,True
reversal_curriculum,s4_t2,nonproportional,material_parameter_relative_l2,median,0.24227014184,0.24227014184,0.000e+00,0.000e+00,True
reversal_curriculum,s4_t2,nonproportional,material_parameter_relative_l2,iqr,0.0256358385086,0.0256358385086,0.000e+00,0.000e+00,True
reversal_curriculum,s4_t2,nonproportional,material_parameter_coverage_95,mean,0.0666666671634,0.0666666671634,0.000e+00,0.000e+00,True
reversal_curriculum,s4_t2,nonproportional,material_parameter_coverage_95,std,0.103539780119,0.103539780119,0.000e+00,0.000e+00,True
reversal_curriculum,s4_t2,nonproportional,material_parameter_coverage_95,median,0.0208333339542,0.0208333339542,0.000e+00,0.000e+00,True
reversal_curriculum,s4_t2,nonproportional,material_parameter_coverage_95,iqr,0.0208333339542,0.0208333339542,0.000e+00,0.000e+00,True
reversal_curriculum,s4_t2,nonproportional,material_parameter_ece,mean,0.735416638851,0.735416638851,0.000e+00,0.000e+00,True
reversal_curriculum,s4_t2,nonproportional,material_parameter_ece,std,0.0739326679892,0.0739326679892,0.000e+00,0.000e+00,True
reversal_curriculum,s4_t2,nonproportional,material_parameter_ece,median,0.766666650772,0.766666650772,0.000e+00,0.000e+00,True
reversal_curriculum,s4_t2,nonproportional,material_parameter_ece,iqr,0.015625,0.015625,0.000e+00,0.000e+00,True
reversal_curriculum,s4_t2,nonproportional,material_parameter_nll,mean,87370.4737793,87370.4737793,0.000e+00,0.000e+00,True
reversal_curriculum,s4_t2,nonproportional,material_parameter_nll,std,172361.848055,172361.848055,0.000e+00,0.000e+00,True
reversal_curriculum,s4_t2,nonproportional,material_parameter_nll,median,2118.51611328,2118.51611328,0.000e+00,0.000e+00,True
reversal_curriculum,s4_t2,nonproportional,material_parameter_nll,iqr,34871.1342773,34871.1342773,0.000e+00,0.000e+00,True
reversal_curriculum,s4_t2,nonproportional,calibrated_material_parameter_coverage_95,mean,0.891666674614,0.891666674614,0.000e+00,0.000e+00,True
reversal_curriculum,s4_t2,nonproportional,calibrated_material_parameter_coverage_95,std,0.157563924213,0.157563924213,0.000e+00,0.000e+00,True
reversal_curriculum,s4_t2,nonproportional,calibrated_material_parameter_coverage_95,median,0.95833337307,0.95833337307,0.000e+00,0.000e+00,True
reversal_curriculum,s4_t2,nonproportional,calibrated_material_parameter_coverage_95,iqr,0.125,0.125,0.000e+00,0.000e+00,True
reversal_curriculum,s4_t2,nonproportional,calibrated_material_parameter_ece,mean,0.145833343267,0.145833343267,0.000e+00,0.000e+00,True
reversal_curriculum,s4_t2,nonproportional,calibrated_material_parameter_ece,std,0.0923624004609,0.0923624004609,0.000e+00,0.000e+00,True
reversal_curriculum,s4_t2,nonproportional,calibrated_material_parameter_ece,median,0.127083331347,0.127083331347,0.000e+00,0.000e+00,True
reversal_curriculum,s4_t2,nonproportional,calibrated_material_parameter_ece,iqr,0.09375,0.09375,0.000e+00,0.000e+00,True
reversal_curriculum,s4_t2,nonproportional,calibrated_material_parameter_nll,mean,4.90985991657,4.90985991657,0.000e+00,0.000e+00,True
reversal_curriculum,s4_t2,nonproportional,calibrated_material_parameter_nll,std,6.26211537878,6.26211537878,0.000e+00,0.000e+00,True
reversal_curriculum,s4_t2,nonproportional,calibrated_material_parameter_nll,median,0.923020541668,0.923020541668,0.000e+00,0.000e+00,True
reversal_curriculum,s4_t2,nonproportional,calibrated_material_parameter_nll,iqr,8.02926075459,8.02926075459,0.000e+00,0.000e+00,True
reversal_curriculum,s4_t2,nonproportional,calibrated_material_parameter_spread_scale,mean,149.257012939,149.257012939,0.000e+00,0.000e+00,True
reversal_curriculum,s4_t2,nonproportional,calibrated_material_parameter_spread_scale,std,104.227127673,104.227127673,0.000e+00,0.000e+00,True
reversal_curriculum,s4_t2,nonproportional,calibrated_material_parameter_spread_scale,median,97.7743835449,97.7743835449,0.000e+00,0.000e+00,True
reversal_curriculum,s4_t2,nonproportional,calibrated_material_parameter_spread_scale,iqr,57.6926803589,57.6926803589,0.000e+00,0.000e+00,True
reversal_curriculum,s4_t2,nonproportional,history_relative_l2,mean,0.766821265221,0.766821265221,0.000e+00,0.000e+00,True
reversal_curriculum,s4_t2,nonproportional,history_relative_l2,std,0.104815238247,0.104815238247,0.000e+00,0.000e+00,True
reversal_curriculum,s4_t2,nonproportional,history_relative_l2,median,0.729535639286,0.729535639286,0.000e+00,0.000e+00,True
reversal_curriculum,s4_t2,nonproportional,history_relative_l2,iqr,0.085973918438,0.085973918438,0.000e+00,0.000e+00,True
reversal_curriculum,s4_t2,nonproportional,history_final_relative_l2,mean,1.78357177973,1.78357177973,0.000e+00,0.000e+00,True
reversal_curriculum,s4_t2,nonproportional,history_final_relative_l2,std,0.621171374914,0.621171374914,0.000e+00,0.000e+00,True
reversal_curriculum,s4_t2,nonproportional,history_final_relative_l2,median,1.87796866894,1.87796866894,0.000e+00,0.000e+00,True
reversal_curriculum,s4_t2,nonproportional,history_final_relative_l2,iqr,0.68862247467,0.68862247467,0.000e+00,0.000e+00,True
reversal_curriculum,s4_t2,nonproportional,history_coverage_95,mean,0.0414818538353,0.0414818538353,0.000e+00,0.000e+00,True
reversal_curriculum,s4_t2,nonproportional,history_coverage_95,std,0.0429416398515,0.0429416398515,6.939e-18,6.939e-18,True
reversal_curriculum,s4_t2,nonproportional,history_coverage_95,median,0.0205645151436,0.0205645151436,0.000e+00,0.000e+00,True
reversal_curriculum,s4_t2,nonproportional,history_coverage_95,iqr,0.0755040291697,0.0755040291697,0.000e+00,0.000e+00,True
reversal_curriculum,s4_t2,nonproportional,history_ece,mean,0.747497475147,0.747497475147,0.000e+00,0.000e+00,True
reversal_curriculum,s4_t2,nonproportional,history_ece,std,0.0420234752432,0.0420234752432,0.000e+00,0.000e+00,True
reversal_curriculum,s4_t2,nonproportional,history_ece,median,0.767842710018,0.767842710018,0.000e+00,0.000e+00,True
reversal_curriculum,s4_t2,nonproportional,history_ece,iqr,0.073336660862,0.073336660862,0.000e+00,0.000e+00,True
reversal_curriculum,s4_t2,nonproportional,history_nll,mean,247066.7625,247066.7625,0.000e+00,0.000e+00,True
reversal_curriculum,s4_t2,nonproportional,history_nll,std,63413.6598477,63413.6598477,0.000e+00,0.000e+00,True
reversal_curriculum,s4_t2,nonproportional,history_nll,median,227589.46875,227589.46875,0.000e+00,0.000e+00,True
reversal_curriculum,s4_t2,nonproportional,history_nll,iqr,56057.84375,56057.84375,0.000e+00,0.000e+00,True
reversal_curriculum,s4_t2,nonproportional,calibrated_history_coverage_95,mean,0.857036268711,0.857036268711,0.000e+00,0.000e+00,True
reversal_curriculum,s4_t2,nonproportional,calibrated_history_coverage_95,std,0.0516942733385,0.0516942733385,0.000e+00,0.000e+00,True
reversal_curriculum,s4_t2,nonproportional,calibrated_history_coverage_95,median,0.844354808331,0.844354808331,0.000e+00,0.000e+00,True
reversal_curriculum,s4_t2,nonproportional,calibrated_history_coverage_95,iqr,0.061088681221,0.061088681221,0.000e+00,0.000e+00,True
reversal_curriculum,s4_t2,nonproportional,calibrated_history_ece,mean,0.119475796819,0.119475796819,0.000e+00,0.000e+00,True
reversal_curriculum,s4_t2,nonproportional,calibrated_history_ece,std,0.00412146121182,0.00412146121182,0.000e+00,0.000e+00,True
reversal_curriculum,s4_t2,nonproportional,calibrated_history_ece,median,0.118195563555,0.118195563555,0.000e+00,0.000e+00,True
reversal_curriculum,s4_t2,nonproportional,calibrated_history_ece,iqr,0.00569555163383,0.00569555163383,0.000e+00,0.000e+00,True
reversal_curriculum,s4_t2,nonproportional,calibrated_history_nll,mean,2416.44248171,2416.44248171,0.000e+00,0.000e+00,True
reversal_curriculum,s4_t2,nonproportional,calibrated_history_nll,std,3603.78214317,3603.78214317,0.000e+00,0.000e+00,True
reversal_curriculum,s4_t2,nonproportional,calibrated_history_nll,median,75.8419723511,75.8419723511,0.000e+00,0.000e+00,True
reversal_curriculum,s4_t2,nonproportional,calibrated_history_nll,iqr,3762.51735687,3762.51735687,0.000e+00,0.000e+00,True
reversal_curriculum,s4_t2,nonproportional,calibrated_history_spread_scale,mean,10000,10000,0.000e+00,0.000e+00,True
reversal_curriculum,s4_t2,nonproportional,calibrated_history_spread_scale,std,0,0,0.000e+00,0.000e+00,True
reversal_curriculum,s4_t2,nonproportional,calibrated_history_spread_scale,median,10000,10000,0.000e+00,0.000e+00,True
reversal_curriculum,s4_t2,nonproportional,calibrated_history_spread_scale,iqr,0,0,0.000e+00,0.000e+00,True
reversal_curriculum,s4_t2,nonproportional,field_coverage_95,mean,0.00149739584594,0.00149739584594,0.000e+00,0.000e+00,True
reversal_curriculum,s4_t2,nonproportional,field_coverage_95,std,0.00126806973232,0.00126806973232,2.168e-19,2.168e-19,True
reversal_curriculum,s4_t2,nonproportional,field_coverage_95,median,0.00130208337214,0.00130208337214,0.000e+00,0.000e+00,True
reversal_curriculum,s4_t2,nonproportional,field_coverage_95,iqr,0.00130208331393,0.00130208331393,0.000e+00,0.000e+00,True
reversal_curriculum,s4_t2,nonproportional,field_ece,mean,0.786214184761,0.786214184761,0.000e+00,0.000e+00,True
reversal_curriculum,s4_t2,nonproportional,field_ece,std,0.00112052110297,0.00112052110297,0.000e+00,0.000e+00,True
reversal_curriculum,s4_t2,nonproportional,field_ece,median,0.786360681057,0.786360681057,0.000e+00,0.000e+00,True
reversal_curriculum,s4_t2,nonproportional,field_ece,iqr,0.000813841819763,0.000813841819763,0.000e+00,0.000e+00,True
reversal_curriculum,s4_t2,nonproportional,field_nll,mean,114435.079687,114435.079687,0.000e+00,0.000e+00,True
reversal_curriculum,s4_t2,nonproportional,field_nll,std,27358.7952704,27358.7952704,0.000e+00,0.000e+00,True
reversal_curriculum,s4_t2,nonproportional,field_nll,median,120400.75,120400.75,0.000e+00,0.000e+00,True
reversal_curriculum,s4_t2,nonproportional,field_nll,iqr,15212.1015625,15212.1015625,0.000e+00,0.000e+00,True
reversal_curriculum,s4_t2,nonproportional,field_crps,mean,0.0362356722355,0.0362356722355,0.000e+00,0.000e+00,True
reversal_curriculum,s4_t2,nonproportional,field_crps,std,0.00239373196853,0.00239373196853,0.000e+00,0.000e+00,True
reversal_curriculum,s4_t2,nonproportional,field_crps,median,0.0351768657565,0.0351768657565,0.000e+00,0.000e+00,True
reversal_curriculum,s4_t2,nonproportional,field_crps,iqr,0.00117024034262,0.00117024034262,0.000e+00,0.000e+00,True
reversal_curriculum,s4_t2,nonproportional,calibrated_field_coverage_95,mean,0.852604186535,0.852604186535,0.000e+00,0.000e+00,True
reversal_curriculum,s4_t2,nonproportional,calibrated_field_coverage_95,std,0.183264659096,0.183264659096,2.776e-17,2.776e-17,True
reversal_curriculum,s4_t2,nonproportional,calibrated_field_coverage_95,median,0.926432311535,0.926432311535,0.000e+00,0.000e+00,True
reversal_curriculum,s4_t2,nonproportional,calibrated_field_coverage_95,iqr,0.0817056894302,0.0817056894302,0.000e+00,0.000e+00,True
reversal_curriculum,s4_t2,nonproportional,calibrated_field_ece,mean,0.166386717558,0.166386717558,0.000e+00,0.000e+00,True
reversal_curriculum,s4_t2,nonproportional,calibrated_field_ece,std,0.0855455905072,0.0855455905072,0.000e+00,0.000e+00,True
reversal_curriculum,s4_t2,nonproportional,calibrated_field_ece,median,0.137467473745,0.137467473745,0.000e+00,0.000e+00,True
reversal_curriculum,s4_t2,nonproportional,calibrated_field_ece,iqr,0.0568522512913,0.0568522512913,0.000e+00,0.000e+00,True
reversal_curriculum,s4_t2,nonproportional,calibrated_field_nll,mean,3.51493137926,3.51493137926,0.000e+00,0.000e+00,True
reversal_curriculum,s4_t2,nonproportional,calibrated_field_nll,std,8.88598709824,8.88598709824,0.000e+00,0.000e+00,True
reversal_curriculum,s4_t2,nonproportional,calibrated_field_nll,median,-0.13765232265,-0.13765232265,0.000e+00,0.000e+00,True
reversal_curriculum,s4_t2,nonproportional,calibrated_field_nll,iqr,0.428214289248,0.428214289248,0.000e+00,0.000e+00,True
reversal_curriculum,s4_t2,nonproportional,calibrated_field_crps,mean,0.565810660273,0.565810660273,0.000e+00,0.000e+00,True
reversal_curriculum,s4_t2,nonproportional,calibrated_field_crps,std,1.13293377533,1.13293377533,2.220e-16,1.960e-16,True
reversal_curriculum,s4_t2,nonproportional,calibrated_field_crps,median,0.060225456953,0.060225456953,0.000e+00,0.000e+00,True
reversal_curriculum,s4_t2,nonproportional,calibrated_field_crps,iqr,0.0698316246271,0.0698316246271,0.000e+00,0.000e+00,True
reversal_curriculum,s4_t2,nonproportional,calibrated_field_spread_scale,mean,7946.74130859,7946.74130859,0.000e+00,0.000e+00,True
reversal_curriculum,s4_t2,nonproportional,calibrated_field_spread_scale,std,1890.10819221,1890.10819221,0.000e+00,0.000e+00,True
reversal_curriculum,s4_t2,nonproportional,calibrated_field_spread_scale,median,6840.47412109,6840.47412109,0.000e+00,0.000e+00,True
reversal_curriculum,s4_t2,nonproportional,calibrated_field_spread_scale,iqr,3294.81494141,3294.81494141,0.000e+00,0.000e+00,True
reversal_curriculum,s4_t2,nonproportional,posterior_calibration_num_calibration,mean,4,4,0.000e+00,0.000e+00,True
reversal_curriculum,s4_t2,nonproportional,posterior_calibration_num_calibration,std,0,0,0.000e+00,0.000e+00,True
reversal_curriculum,s4_t2,nonproportional,posterior_calibration_num_calibration,median,4,4,0.000e+00,0.000e+00,True
reversal_curriculum,s4_t2,nonproportional,posterior_calibration_num_calibration,iqr,0,0,0.000e+00,0.000e+00,True
reversal_curriculum,s4_t2,nonproportional,posterior_calibration_num_test,mean,4,4,0.000e+00,0.000e+00,True
reversal_curriculum,s4_t2,nonproportional,posterior_calibration_num_test,std,0,0,0.000e+00,0.000e+00,True
reversal_curriculum,s4_t2,nonproportional,posterior_calibration_num_test,median,4,4,0.000e+00,0.000e+00,True
reversal_curriculum,s4_t2,nonproportional,posterior_calibration_num_test,iqr,0,0,0.000e+00,0.000e+00,True
reversal_curriculum,s4_t2,random_amplitude,sparse_observation_relative_l2,mean,1.08839073181,1.08839073181,0.000e+00,0.000e+00,True
reversal_curriculum,s4_t2,random_amplitude,sparse_observation_relative_l2,std,0.0408887315604,0.0408887315604,0.000e+00,0.000e+00,True
reversal_curriculum,s4_t2,random_amplitude,sparse_observation_relative_l2,median,1.08755886555,1.08755886555,0.000e+00,0.000e+00,True
reversal_curriculum,s4_t2,random_amplitude,sparse_observation_relative_l2,iqr,0.0606462955475,0.0606462955475,0.000e+00,0.000e+00,True
reversal_curriculum,s4_t2,random_amplitude,rollout_displacement_relative_l2,mean,0.990529489517,0.990529489517,0.000e+00,0.000e+00,True
reversal_curriculum,s4_t2,random_amplitude,rollout_displacement_relative_l2,std,0.0913876061516,0.0913876061516,0.000e+00,0.000e+00,True
reversal_curriculum,s4_t2,random_amplitude,rollout_displacement_relative_l2,median,1.0241304636,1.0241304636,0.000e+00,0.000e+00,True
reversal_curriculum,s4_t2,random_amplitude,rollout_displacement_relative_l2,iqr,0.0753700733185,0.0753700733185,0.000e+00,0.000e+00,True
reversal_curriculum,s4_t2,random_amplitude,material_parameter_relative_l2,mean,0.197162556648,0.197162556648,0.000e+00,0.000e+00,True
reversal_curriculum,s4_t2,random_amplitude,material_parameter_relative_l2,std,0.04817016015,0.04817016015,0.000e+00,0.000e+00,True
reversal_curriculum,s4_t2,random_amplitude,material_parameter_relative_l2,median,0.185726001859,0.185726001859,0.000e+00,0.000e+00,True
reversal_curriculum,s4_t2,random_amplitude,material_parameter_relative_l2,iqr,0.0262842327356,0.0262842327356,0.000e+00,0.000e+00,True
reversal_curriculum,s4_t2,random_amplitude,material_parameter_coverage_95,mean,0.0625000022352,0.0625000022352,0.000e+00,0.000e+00,True
reversal_curriculum,s4_t2,random_amplitude,material_parameter_coverage_95,std,0.116926797651,0.116926797651,1.388e-17,1.388e-17,True
reversal_curriculum,s4_t2,random_amplitude,material_parameter_coverage_95,median,0.0208333339542,0.0208333339542,0.000e+00,0.000e+00,True
reversal_curriculum,s4_t2,random_amplitude,material_parameter_coverage_95,iqr,0.0208333339542,0.0208333339542,0.000e+00,0.000e+00,True
reversal_curriculum,s4_t2,random_amplitude,material_parameter_ece,mean,0.743749976158,0.743749976158,0.000e+00,0.000e+00,True
reversal_curriculum,s4_t2,random_amplitude,material_parameter_ece,std,0.0837068400327,0.0837068400327,0.000e+00,0.000e+00,True
reversal_curriculum,s4_t2,random_amplitude,material_parameter_ece,median,0.782291650772,0.782291650772,0.000e+00,0.000e+00,True
reversal_curriculum,s4_t2,random_amplitude,material_parameter_ece,iqr,0.0208333134651,0.0208333134651,0.000e+00,0.000e+00,True
reversal_curriculum,s4_t2,random_amplitude,material_parameter_nll,mean,16114.6498535,16114.6498535,0.000e+00,0.000e+00,True
reversal_curriculum,s4_t2,random_amplitude,material_parameter_nll,std,14846.1287768,14846.1287768,0.000e+00,0.000e+00,True
reversal_curriculum,s4_t2,random_amplitude,material_parameter_nll,median,16298.1396484,16298.1396484,0.000e+00,0.000e+00,True
reversal_curriculum,s4_t2,random_amplitude,material_parameter_nll,iqr,20729.0773926,20729.0773926,0.000e+00,0.000e+00,True
reversal_curriculum,s4_t2,random_amplitude,calibrated_material_parameter_coverage_95,mean,0.950000023842,0.950000023842,0.000e+00,0.000e+00,True
reversal_curriculum,s4_t2,random_amplitude,calibrated_material_parameter_coverage_95,std,0.0456435518999,0.0456435518999,0.000e+00,0.000e+00,True
reversal_curriculum,s4_t2,random_amplitude,calibrated_material_parameter_coverage_95,median,0.95833337307,0.95833337307,0.000e+00,0.000e+00,True
reversal_curriculum,s4_t2,random_amplitude,calibrated_material_parameter_coverage_95,iqr,0,0,0.000e+00,0.000e+00,True
reversal_curriculum,s4_t2,random_amplitude,calibrated_material_parameter_ece,mean,0.126666691899,0.126666691899,0.000e+00,0.000e+00,True
reversal_curriculum,s4_t2,random_amplitude,calibrated_material_parameter_ece,std,0.0431858630552,0.0431858630552,6.939e-18,6.939e-18,True
reversal_curriculum,s4_t2,random_amplitude,calibrated_material_parameter_ece,median,0.139583349228,0.139583349228,0.000e+00,0.000e+00,True
reversal_curriculum,s4_t2,random_amplitude,calibrated_material_parameter_ece,iqr,0.0729166716337,0.0729166716337,0.000e+00,0.000e+00,True
reversal_curriculum,s4_t2,random_amplitude,calibrated_material_parameter_nll,mean,1.54633901119,1.54633901119,0.000e+00,0.000e+00,True
reversal_curriculum,s4_t2,random_amplitude,calibrated_material_parameter_nll,std,1.07274424161,1.07274424161,0.000e+00,0.000e+00,True
reversal_curriculum,s4_t2,random_amplitude,calibrated_material_parameter_nll,median,1.43364322186,1.43364322186,0.000e+00,0.000e+00,True
reversal_curriculum,s4_t2,random_amplitude,calibrated_material_parameter_nll,iqr,1.16809010506,1.16809010506,0.000e+00,0.000e+00,True
reversal_curriculum,s4_t2,random_amplitude,calibrated_material_parameter_spread_scale,mean,279.491818237,279.491818237,0.000e+00,0.000e+00,True
reversal_curriculum,s4_t2,random_amplitude,calibrated_material_parameter_spread_scale,std,194.095742893,194.095742893,0.000e+00,0.000e+00,True
reversal_curriculum,s4_t2,random_amplitude,calibrated_material_parameter_spread_scale,median,308.509063721,308.509063721,0.000e+00,0.000e+00,True
reversal_curriculum,s4_t2,random_amplitude,calibrated_material_parameter_spread_scale,iqr,194.302185059,194.302185059,0.000e+00,0.000e+00,True
reversal_curriculum,s4_t2,random_amplitude,history_relative_l2,mean,0.797120988369,0.797120988369,0.000e+00,0.000e+00,True
reversal_curriculum,s4_t2,random_amplitude,history_relative_l2,std,0.0626150677261,0.0626150677261,0.000e+00,0.000e+00,True
reversal_curriculum,s4_t2,random_amplitude,history_relative_l2,median,0.778281867504,0.778281867504,0.000e+00,0.000e+00,True
reversal_curriculum,s4_t2,random_amplitude,history_relative_l2,iqr,0.0551834106445,0.0551834106445,0.000e+00,0.000e+00,True
reversal_curriculum,s4_t2,random_amplitude,history_final_relative_l2,mean,0.554530245066,0.554530245066,0.000e+00,0.000e+00,True
reversal_curriculum,s4_t2,random_amplitude,history_final_relative_l2,std,0.269843604446,0.269843604446,5.551e-17,5.551e-17,True
reversal_curriculum,s4_t2,random_amplitude,history_final_relative_l2,median,0.435251951218,0.435251951218,0.000e+00,0.000e+00,True
reversal_curriculum,s4_t2,random_amplitude,history_final_relative_l2,iqr,0.428315252066,0.428315252066,0.000e+00,0.000e+00,True
reversal_curriculum,s4_t2,random_amplitude,history_coverage_95,mean,0.0495833340101,0.0495833340101,0.000e+00,0.000e+00,True
reversal_curriculum,s4_t2,random_amplitude,history_coverage_95,std,0.0507753205491,0.0507753205491,6.939e-18,6.939e-18,True
reversal_curriculum,s4_t2,random_amplitude,history_coverage_95,median,0.0241071432829,0.0241071432829,0.000e+00,0.000e+00,True
reversal_curriculum,s4_t2,random_amplitude,history_coverage_95,iqr,0.0903273802251,0.0903273802251,0.000e+00,0.000e+00,True
reversal_curriculum,s4_t2,random_amplitude,history_ece,mean,0.740550589561,0.740550589561,0.000e+00,0.000e+00,True
reversal_curriculum,s4_t2,random_amplitude,history_ece,std,0.0483790495875,0.0483790495875,0.000e+00,0.000e+00,True
reversal_curriculum,s4_t2,random_amplitude,history_ece,median,0.764670133591,0.764670133591,0.000e+00,0.000e+00,True
reversal_curriculum,s4_t2,random_amplitude,history_ece,iqr,0.0895586013794,0.0895586013794,0.000e+00,0.000e+00,True
reversal_curriculum,s4_t2,random_amplitude,history_nll,mean,431266.15,431266.15,0.000e+00,0.000e+00,True
reversal_curriculum,s4_t2,random_amplitude,history_nll,std,443443.737471,443443.737471,0.000e+00,0.000e+00,True
reversal_curriculum,s4_t2,random_amplitude,history_nll,median,254803.171875,254803.171875,0.000e+00,0.000e+00,True
reversal_curriculum,s4_t2,random_amplitude,history_nll,iqr,41980.21875,41980.21875,0.000e+00,0.000e+00,True
reversal_curriculum,s4_t2,random_amplitude,calibrated_history_coverage_95,mean,0.867599225044,0.867599225044,0.000e+00,0.000e+00,True
reversal_curriculum,s4_t2,random_amplitude,calibrated_history_coverage_95,std,0.0384289659419,0.0384289659419,0.000e+00,0.000e+00,True
reversal_curriculum,s4_t2,random_amplitude,calibrated_history_coverage_95,median,0.861210346222,0.861210346222,0.000e+00,0.000e+00,True
reversal_curriculum,s4_t2,random_amplitude,calibrated_history_coverage_95,iqr,0.0460317730904,0.0460317730904,0.000e+00,0.000e+00,True
reversal_curriculum,s4_t2,random_amplitude,calibrated_history_ece,mean,0.1062053442,0.1062053442,0.000e+00,0.000e+00,True
reversal_curriculum,s4_t2,random_amplitude,calibrated_history_ece,std,0.0208737317422,0.0208737317422,0.000e+00,0.000e+00,True
reversal_curriculum,s4_t2,random_amplitude,calibrated_history_ece,median,0.115798592567,0.115798592567,0.000e+00,0.000e+00,True
reversal_curriculum,s4_t2,random_amplitude,calibrated_history_ece,iqr,0.0249503999949,0.0249503999949,0.000e+00,0.000e+00,True
reversal_curriculum,s4_t2,random_amplitude,calibrated_history_nll,mean,1870.40202341,1870.40202341,0.000e+00,0.000e+00,True
reversal_curriculum,s4_t2,random_amplitude,calibrated_history_nll,std,2132.37180336,2132.37180336,0.000e+00,0.000e+00,True
reversal_curriculum,s4_t2,random_amplitude,calibrated_history_nll,median,1118.61633301,1118.61633301,0.000e+00,0.000e+00,True
reversal_curriculum,s4_t2,random_amplitude,calibrated_history_nll,iqr,2198.96932983,2198.96932983,0.000e+00,0.000e+00,True
reversal_curriculum,s4_t2,random_amplitude,calibrated_history_spread_scale,mean,10000,10000,0.000e+00,0.000e+00,True
reversal_curriculum,s4_t2,random_amplitude,calibrated_history_spread_scale,std,0,0,0.000e+00,0.000e+00,True
reversal_curriculum,s4_t2,random_amplitude,calibrated_history_spread_scale,median,10000,10000,0.000e+00,0.000e+00,True
reversal_curriculum,s4_t2,random_amplitude,calibrated_history_spread_scale,iqr,0,0,0.000e+00,0.000e+00,True
reversal_curriculum,s4_t2,random_amplitude,field_coverage_95,mean,0.00319010430831,0.00319010430831,0.000e+00,0.000e+00,True
reversal_curriculum,s4_t2,random_amplitude,field_coverage_95,std,0.00579984616555,0.00579984616555,8.674e-19,8.674e-19,True
reversal_curriculum,s4_t2,random_amplitude,field_coverage_95,median,0.00048828125,0.00048828125,0.000e+00,0.000e+00,True
reversal_curriculum,s4_t2,random_amplitude,field_coverage_95,iqr,0.00146484382276,0.00146484382276,0.000e+00,0.000e+00,True
reversal_curriculum,s4_t2,random_amplitude,field_ece,mean,0.785107421875,0.785107421875,0.000e+00,0.000e+00,True
reversal_curriculum,s4_t2,random_amplitude,field_ece,std,0.00430184946777,0.00430184946777,0.000e+00,0.000e+00,True
reversal_curriculum,s4_t2,random_amplitude,field_ece,median,0.78705239296,0.78705239296,0.000e+00,0.000e+00,True
reversal_curriculum,s4_t2,random_amplitude,field_ece,iqr,0.00101727247238,0.00101727247238,0.000e+00,0.000e+00,True
reversal_curriculum,s4_t2,random_amplitude,field_nll,mean,87841.3375,87841.3375,0.000e+00,0.000e+00,True
reversal_curriculum,s4_t2,random_amplitude,field_nll,std,18068.4885018,18068.4885018,0.000e+00,0.000e+00,True
reversal_curriculum,s4_t2,random_amplitude,field_nll,median,92669.0859375,92669.0859375,0.000e+00,0.000e+00,True
reversal_curriculum,s4_t2,random_amplitude,field_nll,iqr,33681.34375,33681.34375,0.000e+00,0.000e+00,True
reversal_curriculum,s4_t2,random_amplitude,field_crps,mean,0.0313263438642,0.0313263438642,0.000e+00,0.000e+00,True
reversal_curriculum,s4_t2,random_amplitude,field_crps,std,0.00244133362255,0.00244133362255,4.337e-19,4.337e-19,True
reversal_curriculum,s4_t2,random_amplitude,field_crps,median,0.0322843939066,0.0322843939066,0.000e+00,0.000e+00,True
reversal_curriculum,s4_t2,random_amplitude,field_crps,iqr,0.0014845058322,0.0014845058322,0.000e+00,0.000e+00,True
reversal_curriculum,s4_t2,random_amplitude,calibrated_field_coverage_95,mean,0.956380236149,0.956380236149,0.000e+00,0.000e+00,True
reversal_curriculum,s4_t2,random_amplitude,calibrated_field_coverage_95,std,0.0465249998132,0.0465249998132,0.000e+00,0.000e+00,True
reversal_curriculum,s4_t2,random_amplitude,calibrated_field_coverage_95,median,0.971354186535,0.971354186535,0.000e+00,0.000e+00,True
reversal_curriculum,s4_t2,random_amplitude,calibrated_field_coverage_95,iqr,0.0286458730698,0.0286458730698,0.000e+00,0.000e+00,True
reversal_curriculum,s4_t2,random_amplitude,calibrated_field_ece,mean,0.133046889305,0.133046889305,0.000e+00,0.000e+00,True
reversal_curriculum,s4_t2,random_amplitude,calibrated_field_ece,std,0.0337990375086,0.0337990375086,0.000e+00,0.000e+00,True
reversal_curriculum,s4_t2,random_amplitude,calibrated_field_ece,median,0.124202489853,0.124202489853,0.000e+00,0.000e+00,True
reversal_curriculum,s4_t2,random_amplitude,calibrated_field_ece,iqr,0.0543294698,0.0543294698,0.000e+00,0.000e+00,True
reversal_curriculum,s4_t2,random_amplitude,calibrated_field_nll,mean,-0.393801617622,-0.393801617622,0.000e+00,0.000e+00,True
reversal_curriculum,s4_t2,random_amplitude,calibrated_field_nll,std,1.35453843994,1.35453843994,0.000e+00,0.000e+00,True
reversal_curriculum,s4_t2,random_amplitude,calibrated_field_nll,median,-0.925785422325,-0.925785422325,0.000e+00,0.000e+00,True
reversal_curriculum,s4_t2,random_amplitude,calibrated_field_nll,iqr,0.593207359314,0.593207359314,0.000e+00,0.000e+00,True
reversal_curriculum,s4_t2,random_amplitude,calibrated_field_crps,mean,1.02978959456,1.02978959456,0.000e+00,0.000e+00,True
reversal_curriculum,s4_t2,random_amplitude,calibrated_field_crps,std,2.18140981812,2.18140981812,0.000e+00,0.000e+00,True
reversal_curriculum,s4_t2,random_amplitude,calibrated_field_crps,median,0.0597870312631,0.0597870312631,0.000e+00,0.000e+00,True
reversal_curriculum,s4_t2,random_amplitude,calibrated_field_crps,iqr,0.0272505022585,0.0272505022585,0.000e+00,0.000e+00,True
reversal_curriculum,s4_t2,random_amplitude,calibrated_field_spread_scale,mean,8615.97421875,8615.97421875,0.000e+00,0.000e+00,True
reversal_curriculum,s4_t2,random_amplitude,calibrated_field_spread_scale,std,2070.6860298,2070.6860298,0.000e+00,0.000e+00,True
reversal_curriculum,s4_t2,random_amplitude,calibrated_field_spread_scale,median,10000,10000,0.000e+00,0.000e+00,True
reversal_curriculum,s4_t2,random_amplitude,calibrated_field_spread_scale,iqr,2280.12646484,2280.12646484,0.000e+00,0.000e+00,True
reversal_curriculum,s4_t2,random_amplitude,posterior_calibration_num_calibration,mean,4,4,0.000e+00,0.000e+00,True
reversal_curriculum,s4_t2,random_amplitude,posterior_calibration_num_calibration,std,0,0,0.000e+00,0.000e+00,True
reversal_curriculum,s4_t2,random_amplitude,posterior_calibration_num_calibration,median,4,4,0.000e+00,0.000e+00,True
reversal_curriculum,s4_t2,random_amplitude,posterior_calibration_num_calibration,iqr,0,0,0.000e+00,0.000e+00,True
reversal_curriculum,s4_t2,random_amplitude,posterior_calibration_num_test,mean,4,4,0.000e+00,0.000e+00,True
reversal_curriculum,s4_t2,random_amplitude,posterior_calibration_num_test,std,0,0,0.000e+00,0.000e+00,True
reversal_curriculum,s4_t2,random_amplitude,posterior_calibration_num_test,median,4,4,0.000e+00,0.000e+00,True
reversal_curriculum,s4_t2,random_amplitude,posterior_calibration_num_test,iqr,0,0,0.000e+00,0.000e+00,True
reversal_curriculum,s4_t2,pre_stress,sparse_observation_relative_l2,mean,1.38175272942,1.38175272942,0.000e+00,0.000e+00,True
reversal_curriculum,s4_t2,pre_stress,sparse_observation_relative_l2,std,0.214897890913,0.214897890913,0.000e+00,0.000e+00,True
reversal_curriculum,s4_t2,pre_stress,sparse_observation_relative_l2,median,1.3675173521,1.3675173521,0.000e+00,0.000e+00,True
reversal_curriculum,s4_t2,pre_stress,sparse_observation_relative_l2,iqr,0.124540448189,0.124540448189,0.000e+00,0.000e+00,True
reversal_curriculum,s4_t2,pre_stress,rollout_displacement_relative_l2,mean,1.21967232227,1.21967232227,0.000e+00,0.000e+00,True
reversal_curriculum,s4_t2,pre_stress,rollout_displacement_relative_l2,std,0.0909809037818,0.0909809037818,0.000e+00,0.000e+00,True
reversal_curriculum,s4_t2,pre_stress,rollout_displacement_relative_l2,median,1.24117696285,1.24117696285,0.000e+00,0.000e+00,True
reversal_curriculum,s4_t2,pre_stress,rollout_displacement_relative_l2,iqr,0.0437831878662,0.0437831878662,0.000e+00,0.000e+00,True
reversal_curriculum,s4_t2,pre_stress,material_parameter_relative_l2,mean,0.284541663527,0.284541663527,0.000e+00,0.000e+00,True
reversal_curriculum,s4_t2,pre_stress,material_parameter_relative_l2,std,0.0688316188761,0.0688316188761,0.000e+00,0.000e+00,True
reversal_curriculum,s4_t2,pre_stress,material_parameter_relative_l2,median,0.301414251328,0.301414251328,0.000e+00,0.000e+00,True
reversal_curriculum,s4_t2,pre_stress,material_parameter_relative_l2,iqr,0.0112152695656,0.0112152695656,0.000e+00,0.000e+00,True
reversal_curriculum,s4_t2,pre_stress,material_parameter_coverage_95,mean,0.0250000007451,0.0250000007451,0.000e+00,0.000e+00,True
reversal_curriculum,s4_t2,pre_stress,material_parameter_coverage_95,std,0.0174304177389,0.0174304177389,0.000e+00,0.000e+00,True
reversal_curriculum,s4_t2,pre_stress,material_parameter_coverage_95,median,0.0208333339542,0.0208333339542,0.000e+00,0.000e+00,True
reversal_curriculum,s4_t2,pre_stress,material_parameter_coverage_95,iqr,0.0208333339542,0.0208333339542,0.000e+00,0.000e+00,True
reversal_curriculum,s4_t2,pre_stress,material_parameter_ece,mean,0.765624988079,0.765624988079,0.000e+00,0.000e+00,True
reversal_curriculum,s4_t2,pre_stress,material_parameter_ece,std,0.0149143816767,0.0149143816767,0.000e+00,0.000e+00,True
reversal_curriculum,s4_t2,pre_stress,material_parameter_ece,median,0.766666650772,0.766666650772,0.000e+00,0.000e+00,True
reversal_curriculum,s4_t2,pre_stress,material_parameter_ece,iqr,0.00520831346512,0.00520831346512,0.000e+00,0.000e+00,True
reversal_curriculum,s4_t2,pre_stress,material_parameter_nll,mean,43055.4453369,43055.4453369,0.000e+00,0.000e+00,True
reversal_curriculum,s4_t2,pre_stress,material_parameter_nll,std,56506.2128329,56506.2128329,7.276e-12,1.288e-16,True
reversal_curriculum,s4_t2,pre_stress,material_parameter_nll,median,4556.25048828,4556.25048828,0.000e+00,0.000e+00,True
reversal_curriculum,s4_t2,pre_stress,material_parameter_nll,iqr,78947.052002,78947.052002,0.000e+00,0.000e+00,True
reversal_curriculum,s4_t2,pre_stress,calibrated_material_parameter_coverage_95,mean,0.958333337307,0.958333337307,0.000e+00,0.000e+00,True
reversal_curriculum,s4_t2,pre_stress,calibrated_material_parameter_coverage_95,std,0.0589255615866,0.0589255615866,6.939e-18,6.939e-18,True
reversal_curriculum,s4_t2,pre_stress,calibrated_material_parameter_coverage_95,median,1,1,0.000e+00,0.000e+00,True
reversal_curriculum,s4_t2,pre_stress,calibrated_material_parameter_coverage_95,iqr,0.0833333134651,0.0833333134651,0.000e+00,0.000e+00,True
reversal_curriculum,s4_t2,pre_stress,calibrated_material_parameter_ece,mean,0.15083334446,0.15083334446,0.000e+00,0.000e+00,True
reversal_curriculum,s4_t2,pre_stress,calibrated_material_parameter_ece,std,0.0403328201313,0.0403328201313,0.000e+00,0.000e+00,True
reversal_curriculum,s4_t2,pre_stress,calibrated_material_parameter_ece,median,0.160416677594,0.160416677594,0.000e+00,0.000e+00,True
reversal_curriculum,s4_t2,pre_stress,calibrated_material_parameter_ece,iqr,0.054166674614,0.054166674614,0.000e+00,0.000e+00,True
reversal_curriculum,s4_t2,pre_stress,calibrated_material_parameter_nll,mean,1.32791554928,1.32791554928,0.000e+00,0.000e+00,True
reversal_curriculum,s4_t2,pre_stress,calibrated_material_parameter_nll,std,0.732101271913,0.732101271913,0.000e+00,0.000e+00,True
reversal_curriculum,s4_t2,pre_stress,calibrated_material_parameter_nll,median,1.03435373306,1.03435373306,0.000e+00,0.000e+00,True
reversal_curriculum,s4_t2,pre_stress,calibrated_material_parameter_nll,iqr,0.939015448093,0.939015448093,0.000e+00,0.000e+00,True
reversal_curriculum,s4_t2,pre_stress,calibrated_material_parameter_spread_scale,mean,510.902487183,510.902487183,0.000e+00,0.000e+00,True
reversal_curriculum,s4_t2,pre_stress,calibrated_material_parameter_spread_scale,std,559.851636933,559.851636933,0.000e+00,0.000e+00,True
reversal_curriculum,s4_t2,pre_stress,calibrated_material_parameter_spread_scale,median,169.129394531,169.129394531,0.000e+00,0.000e+00,True
reversal_curriculum,s4_t2,pre_stress,calibrated_material_parameter_spread_scale,iqr,495.916793823,495.916793823,0.000e+00,0.000e+00,True
reversal_curriculum,s4_t2,pre_stress,history_relative_l2,mean,0.783652365208,0.783652365208,0.000e+00,0.000e+00,True
reversal_curriculum,s4_t2,pre_stress,history_relative_l2,std,0.104811633923,0.104811633923,0.000e+00,0.000e+00,True
reversal_curriculum,s4_t2,pre_stress,history_relative_l2,median,0.760958433151,0.760958433151,0.000e+00,0.000e+00,True
reversal_curriculum,s4_t2,pre_stress,history_relative_l2,iqr,0.156392037868,0.156392037868,0.000e+00,0.000e+00,True
reversal_curriculum,s4_t2,pre_stress,history_final_relative_l2,mean,0.539104896784,0.539104896784,0.000e+00,0.000e+00,True
reversal_curriculum,s4_t2,pre_stress,history_final_relative_l2,std,0.263287718693,0.263287718693,0.000e+00,0.000e+00,True
reversal_curriculum,s4_t2,pre_stress,history_final_relative_l2,median,0.528191208839,0.528191208839,0.000e+00,0.000e+00,True
reversal_curriculum,s4_t2,pre_stress,history_final_relative_l2,iqr,0.331209003925,0.331209003925,0.000e+00,0.000e+00,True
reversal_curriculum,s4_t2,pre_stress,history_coverage_95,mean,0.0357459665276,0.0357459665276,0.000e+00,0.000e+00,True
reversal_curriculum,s4_t2,pre_stress,history_coverage_95,std,0.0291937676055,0.0291937676055,0.000e+00,0.000e+00,True
reversal_curriculum,s4_t2,pre_stress,history_coverage_95,median,0.0223790314049,0.0223790314049,0.000e+00,0.000e+00,True
reversal_curriculum,s4_t2,pre_stress,history_coverage_95,iqr,0.0446068532765,0.0446068532765,0.000e+00,0.000e+00,True
reversal_curriculum,s4_t2,pre_stress,history_ece,mean,0.753016626835,0.753016626835,0.000e+00,0.000e+00,True
reversal_curriculum,s4_t2,pre_stress,history_ece,std,0.0287819977824,0.0287819977824,0.000e+00,0.000e+00,True
reversal_curriculum,s4_t2,pre_stress,history_ece,median,0.766078591347,0.766078591347,0.000e+00,0.000e+00,True
reversal_curriculum,s4_t2,pre_stress,history_ece,iqr,0.0444430708885,0.0444430708885,0.000e+00,0.000e+00,True
reversal_curriculum,s4_t2,pre_stress,history_nll,mean,818547.73125,818547.73125,0.000e+00,0.000e+00,True
reversal_curriculum,s4_t2,pre_stress,history_nll,std,451386.9398,451386.9398,0.000e+00,0.000e+00,True
reversal_curriculum,s4_t2,pre_stress,history_nll,median,751785.9375,751785.9375,0.000e+00,0.000e+00,True
reversal_curriculum,s4_t2,pre_stress,history_nll,iqr,569906.1875,569906.1875,0.000e+00,0.000e+00,True
reversal_curriculum,s4_t2,pre_stress,calibrated_history_coverage_95,mean,0.883608853817,0.883608853817,0.000e+00,0.000e+00,True
reversal_curriculum,s4_t2,pre_stress,calibrated_history_coverage_95,std,0.0264972938507,0.0264972938507,0.000e+00,0.000e+00,True
reversal_curriculum,s4_t2,pre_stress,calibrated_history_coverage_95,median,0.881854832172,0.881854832172,0.000e+00,0.000e+00,True
reversal_curriculum,s4_t2,pre_stress,calibrated_history_coverage_95,iqr,0.0345766544342,0.0345766544342,0.000e+00,0.000e+00,True
reversal_curriculum,s4_t2,pre_stress,calibrated_history_ece,mean,0.123336687684,0.123336687684,0.000e+00,0.000e+00,True
reversal_curriculum,s4_t2,pre_stress,calibrated_history_ece,std,0.00424859162855,0.00424859162855,0.000e+00,0.000e+00,True
reversal_curriculum,s4_t2,pre_stress,calibrated_history_ece,median,0.126058459282,0.126058459282,0.000e+00,0.000e+00,True
reversal_curriculum,s4_t2,pre_stress,calibrated_history_ece,iqr,0.00695566833019,0.00695566833019,0.000e+00,0.000e+00,True
reversal_curriculum,s4_t2,pre_stress,calibrated_history_nll,mean,1188.77669086,1188.77669086,0.000e+00,0.000e+00,True
reversal_curriculum,s4_t2,pre_stress,calibrated_history_nll,std,1484.2728697,1484.2728697,0.000e+00,0.000e+00,True
reversal_curriculum,s4_t2,pre_stress,calibrated_history_nll,median,207.987548828,207.987548828,0.000e+00,0.000e+00,True
reversal_curriculum,s4_t2,pre_stress,calibrated_history_nll,iqr,2586.38694,2586.38694,0.000e+00,0.000e+00,True
reversal_curriculum,s4_t2,pre_stress,calibrated_history_spread_scale,mean,10000,10000,0.000e+00,0.000e+00,True
reversal_curriculum,s4_t2,pre_stress,calibrated_history_spread_scale,std,0,0,0.000e+00,0.000e+00,True
reversal_curriculum,s4_t2,pre_stress,calibrated_history_spread_scale,median,10000,10000,0.000e+00,0.000e+00,True
reversal_curriculum,s4_t2,pre_stress,calibrated_history_spread_scale,iqr,0,0,0.000e+00,0.000e+00,True
reversal_curriculum,s4_t2,pre_stress,field_coverage_95,mean,0.00097656250291,0.00097656250291,0.000e+00,0.000e+00,True
reversal_curriculum,s4_t2,pre_stress,field_coverage_95,std,0.00113349513748,0.00113349513748,0.000e+00,0.000e+00,True
reversal_curriculum,s4_t2,pre_stress,field_coverage_95,median,0.00048828125,0.00048828125,0.000e+00,0.000e+00,True
reversal_curriculum,s4_t2,pre_stress,field_coverage_95,iqr,0.000651041656965,0.000651041656965,0.000e+00,0.000e+00,True
reversal_curriculum,s4_t2,pre_stress,field_ece,mean,0.786718714237,0.786718714237,0.000e+00,0.000e+00,True
reversal_curriculum,s4_t2,pre_stress,field_ece,std,0.000860971670645,0.000860971670645,1.084e-19,1.084e-19,True
reversal_curriculum,s4_t2,pre_stress,field_ece,median,0.787093043327,0.787093043327,0.000e+00,0.000e+00,True
reversal_curriculum,s4_t2,pre_stress,field_ece,iqr,0.000528991222382,0.000528991222382,0.000e+00,0.000e+00,True
reversal_curriculum,s4_t2,pre_stress,field_nll,mean,28561.3296875,28561.3296875,0.000e+00,0.000e+00,True
reversal_curriculum,s4_t2,pre_stress,field_nll,std,5339.13894034,5339.13894034,0.000e+00,0.000e+00,True
reversal_curriculum,s4_t2,pre_stress,field_nll,median,30018.3984375,30018.3984375,0.000e+00,0.000e+00,True
reversal_curriculum,s4_t2,pre_stress,field_nll,iqr,2088.13085938,2088.13085938,0.000e+00,0.000e+00,True
reversal_curriculum,s4_t2,pre_stress,field_crps,mean,0.0179062033072,0.0179062033072,0.000e+00,0.000e+00,True
reversal_curriculum,s4_t2,pre_stress,field_crps,std,0.0030887534842,0.0030887534842,0.000e+00,0.000e+00,True
reversal_curriculum,s4_t2,pre_stress,field_crps,median,0.0193754732609,0.0193754732609,0.000e+00,0.000e+00,True
reversal_curriculum,s4_t2,pre_stress,field_crps,iqr,0.0021055303514,0.0021055303514,0.000e+00,0.000e+00,True
reversal_curriculum,s4_t2,pre_stress,calibrated_field_coverage_95,mean,0.804752624035,0.804752624035,0.000e+00,0.000e+00,True
reversal_curriculum,s4_t2,pre_stress,calibrated_field_coverage_95,std,0.188940299799,0.188940299799,2.776e-17,2.776e-17,True
reversal_curriculum,s4_t2,pre_stress,calibrated_field_coverage_95,median,0.894205749035,0.894205749035,0.000e+00,0.000e+00,True
reversal_curriculum,s4_t2,pre_stress,calibrated_field_coverage_95,iqr,0.243489563465,0.243489563465,0.000e+00,0.000e+00,True
reversal_curriculum,s4_t2,pre_stress,calibrated_field_ece,mean,0.154222002625,0.154222002625,0.000e+00,0.000e+00,True
reversal_curriculum,s4_t2,pre_stress,calibrated_field_ece,std,0.119039833241,0.119039833241,0.000e+00,0.000e+00,True
reversal_curriculum,s4_t2,pre_stress,calibrated_field_ece,median,0.113932311535,0.113932311535,0.000e+00,0.000e+00,True
reversal_curriculum,s4_t2,pre_stress,calibrated_field_ece,iqr,0.0798827558756,0.0798827558756,0.000e+00,0.000e+00,True
reversal_curriculum,s4_t2,pre_stress,calibrated_field_nll,mean,1.26771278381,1.26771278381,0.000e+00,0.000e+00,True
reversal_curriculum,s4_t2,pre_stress,calibrated_field_nll,std,4.87713203486,4.87713203486,0.000e+00,0.000e+00,True
reversal_curriculum,s4_t2,pre_stress,calibrated_field_nll,median,-1.62488818169,-1.62488818169,0.000e+00,0.000e+00,True
reversal_curriculum,s4_t2,pre_stress,calibrated_field_nll,iqr,5.80262255669,5.80262255669,0.000e+00,0.000e+00,True
reversal_curriculum,s4_t2,pre_stress,calibrated_field_crps,mean,0.0203371740878,0.0203371740878,0.000e+00,0.000e+00,True
reversal_curriculum,s4_t2,pre_stress,calibrated_field_crps,std,0.00719659190442,0.00719659190442,0.000e+00,0.000e+00,True
reversal_curriculum,s4_t2,pre_stress,calibrated_field_crps,median,0.0175138376653,0.0175138376653,0.000e+00,0.000e+00,True
reversal_curriculum,s4_t2,pre_stress,calibrated_field_crps,iqr,0.00919604115188,0.00919604115188,0.000e+00,0.000e+00,True
reversal_curriculum,s4_t2,pre_stress,calibrated_field_spread_scale,mean,3907.36932373,3907.36932373,0.000e+00,0.000e+00,True
reversal_curriculum,s4_t2,pre_stress,calibrated_field_spread_scale,std,3729.33196238,3729.33196238,0.000e+00,0.000e+00,True
reversal_curriculum,s4_t2,pre_stress,calibrated_field_spread_scale,median,2050.62475586,2050.62475586,0.000e+00,0.000e+00,True
reversal_curriculum,s4_t2,pre_stress,calibrated_field_spread_scale,iqr,3287.62768555,3287.62768555,0.000e+00,0.000e+00,True
reversal_curriculum,s4_t2,pre_stress,posterior_calibration_num_calibration,mean,4,4,0.000e+00,0.000e+00,True
reversal_curriculum,s4_t2,pre_stress,posterior_calibration_num_calibration,std,0,0,0.000e+00,0.000e+00,True
reversal_curriculum,s4_t2,pre_stress,posterior_calibration_num_calibration,median,4,4,0.000e+00,0.000e+00,True
reversal_curriculum,s4_t2,pre_stress,posterior_calibration_num_calibration,iqr,0,0,0.000e+00,0.000e+00,True
reversal_curriculum,s4_t2,pre_stress,posterior_calibration_num_test,mean,4,4,0.000e+00,0.000e+00,True
reversal_curriculum,s4_t2,pre_stress,posterior_calibration_num_test,std,0,0,0.000e+00,0.000e+00,True
reversal_curriculum,s4_t2,pre_stress,posterior_calibration_num_test,median,4,4,0.000e+00,0.000e+00,True
reversal_curriculum,s4_t2,pre_stress,posterior_calibration_num_test,iqr,0,0,0.000e+00,0.000e+00,True
reversal_curriculum,s6_t3,cyclic,sparse_observation_relative_l2,mean,1.04347070456,1.04347070456,0.000e+00,0.000e+00,True
reversal_curriculum,s6_t3,cyclic,sparse_observation_relative_l2,std,0.214539247615,0.214539247615,2.776e-17,2.776e-17,True
reversal_curriculum,s6_t3,cyclic,sparse_observation_relative_l2,median,1.05448210239,1.05448210239,0.000e+00,0.000e+00,True
reversal_curriculum,s6_t3,cyclic,sparse_observation_relative_l2,iqr,0.34236997366,0.34236997366,0.000e+00,0.000e+00,True
reversal_curriculum,s6_t3,cyclic,rollout_displacement_relative_l2,mean,1.02230242491,1.02230242491,0.000e+00,0.000e+00,True
reversal_curriculum,s6_t3,cyclic,rollout_displacement_relative_l2,std,0.169378404904,0.169378404904,0.000e+00,0.000e+00,True
reversal_curriculum,s6_t3,cyclic,rollout_displacement_relative_l2,median,1.04834139347,1.04834139347,0.000e+00,0.000e+00,True
reversal_curriculum,s6_t3,cyclic,rollout_displacement_relative_l2,iqr,0.276036918163,0.276036918163,0.000e+00,0.000e+00,True
reversal_curriculum,s6_t3,cyclic,material_parameter_relative_l2,mean,0.180120520294,0.180120520294,0.000e+00,0.000e+00,True
reversal_curriculum,s6_t3,cyclic,material_parameter_relative_l2,std,0.0639030363374,0.0639030363374,0.000e+00,0.000e+00,True
reversal_curriculum,s6_t3,cyclic,material_parameter_relative_l2,median,0.211570486426,0.211570486426,0.000e+00,0.000e+00,True
reversal_curriculum,s6_t3,cyclic,material_parameter_relative_l2,iqr,0.0446814745665,0.0446814745665,0.000e+00,0.000e+00,True
reversal_curriculum,s6_t3,cyclic,material_parameter_coverage_95,mean,0.0208333339542,0.0208333339542,0.000e+00,0.000e+00,True
reversal_curriculum,s6_t3,cyclic,material_parameter_coverage_95,std,0.0147313917137,0.0147313917137,0.000e+00,0.000e+00,True
reversal_curriculum,s6_t3,cyclic,material_parameter_coverage_95,median,0.0208333339542,0.0208333339542,0.000e+00,0.000e+00,True
reversal_curriculum,s6_t3,cyclic,material_parameter_coverage_95,iqr,0,0,0.000e+00,0.000e+00,True
reversal_curriculum,s6_t3,cyclic,material_parameter_ece,mean,0.773958325386,0.773958325386,0.000e+00,0.000e+00,True
reversal_curriculum,s6_t3,cyclic,material_parameter_ece,std,0.0108002159786,0.0108002159786,0.000e+00,0.000e+00,True
reversal_curriculum,s6_t3,cyclic,material_parameter_ece,median,0.771875023842,0.771875023842,0.000e+00,0.000e+00,True
reversal_curriculum,s6_t3,cyclic,material_parameter_ece,iqr,0.015625,0.015625,0.000e+00,0.000e+00,True
reversal_curriculum,s6_t3,cyclic,material_parameter_nll,mean,19433.673291,19433.673291,0.000e+00,0.000e+00,True
reversal_curriculum,s6_t3,cyclic,material_parameter_nll,std,29060.4731097,29060.4731097,3.638e-12,1.252e-16,True
reversal_curriculum,s6_t3,cyclic,material_parameter_nll,median,3195.6328125,3195.6328125,0.000e+00,0.000e+00,True
reversal_curriculum,s6_t3,cyclic,material_parameter_nll,iqr,18584.6708984,18584.6708984,0.000e+00,0.000e+00,True
reversal_curriculum,s6_t3,cyclic,calibrated_material_parameter_coverage_95,mean,0.933333361149,0.933333361149,0.000e+00,0.000e+00,True
reversal_curriculum,s6_t3,cyclic,calibrated_material_parameter_coverage_95,std,0.0372678173957,0.0372678173957,0.000e+00,0.000e+00,True
reversal_curriculum,s6_t3,cyclic,calibrated_material_parameter_coverage_95,median,0.95833337307,0.95833337307,0.000e+00,0.000e+00,True
reversal_curriculum,s6_t3,cyclic,calibrated_material_parameter_coverage_95,iqr,0.0416666865349,0.0416666865349,0.000e+00,0.000e+00,True
reversal_curriculum,s6_t3,cyclic,calibrated_material_parameter_ece,mean,0.0600000232458,0.0600000232458,0.000e+00,0.000e+00,True
reversal_curriculum,s6_t3,cyclic,calibrated_material_parameter_ece,std,0.0335086672897,0.0335086672897,6.939e-18,6.939e-18,True
reversal_curriculum,s6_t3,cyclic,calibrated_material_parameter_ece,median,0.054166674614,0.054166674614,0.000e+00,0.000e+00,True
reversal_curriculum,s6_t3,cyclic,calibrated_material_parameter_ece,iqr,0.0416666716337,0.0416666716337,0.000e+00,0.000e+00,True
reversal_curriculum,s6_t3,cyclic,calibrated_material_parameter_nll,mean,4.48330940008,4.48330940008,0.000e+00,0.000e+00,True
reversal_curriculum,s6_t3,cyclic,calibrated_material_parameter_nll,std,7.76340678538,7.76340678538,0.000e+00,0.000e+00,True
reversal_curriculum,s6_t3,cyclic,calibrated_material_parameter_nll,median,0.484666824341,0.484666824341,0.000e+00,0.000e+00,True
reversal_curriculum,s6_t3,cyclic,calibrated_material_parameter_nll,iqr,3.06907612085,3.06907612085,0.000e+00,0.000e+00,True
reversal_curriculum,s6_t3,cyclic,calibrated_material_parameter_spread_scale,mean,103.697854614,103.697854614,0.000e+00,0.000e+00,True
reversal_curriculum,s6_t3,cyclic,calibrated_material_parameter_spread_scale,std,23.4970249608,23.4970249608,0.000e+00,0.000e+00,True
reversal_curriculum,s6_t3,cyclic,calibrated_material_parameter_spread_scale,median,109.34009552,109.34009552,0.000e+00,0.000e+00,True
reversal_curriculum,s6_t3,cyclic,calibrated_material_parameter_spread_scale,iqr,29.9302825928,29.9302825928,0.000e+00,0.000e+00,True
reversal_curriculum,s6_t3,cyclic,history_relative_l2,mean,0.893508207798,0.893508207798,0.000e+00,0.000e+00,True
reversal_curriculum,s6_t3,cyclic,history_relative_l2,std,0.033164255316,0.033164255316,0.000e+00,0.000e+00,True
reversal_curriculum,s6_t3,cyclic,history_relative_l2,median,0.890985488892,0.890985488892,0.000e+00,0.000e+00,True
reversal_curriculum,s6_t3,cyclic,history_relative_l2,iqr,0.0498787164688,0.0498787164688,0.000e+00,0.000e+00,True
reversal_curriculum,s6_t3,cyclic,history_final_relative_l2,mean,3.05606231689,3.05606231689,0.000e+00,0.000e+00,True
reversal_curriculum,s6_t3,cyclic,history_final_relative_l2,std,1.22241108811,1.22241108811,0.000e+00,0.000e+00,True
reversal_curriculum,s6_t3,cyclic,history_final_relative_l2,median,3.20569086075,3.20569086075,0.000e+00,0.000e+00,True
reversal_curriculum,s6_t3,cyclic,history_final_relative_l2,iqr,2.04062855244,2.04062855244,0.000e+00,0.000e+00,True
reversal_curriculum,s6_t3,cyclic,history_coverage_95,mean,0.0512304687873,0.0512304687873,0.000e+00,0.000e+00,True
reversal_curriculum,s6_t3,cyclic,history_coverage_95,std,0.049170471551,0.049170471551,0.000e+00,0.000e+00,True
reversal_curriculum,s6_t3,cyclic,history_coverage_95,median,0.0256835948676,0.0256835948676,0.000e+00,0.000e+00,True
reversal_curriculum,s6_t3,cyclic,history_coverage_95,iqr,0.0929687498137,0.0929687498137,0.000e+00,0.000e+00,True
reversal_curriculum,s6_t3,cyclic,history_ece,mean,0.737763667107,0.737763667107,0.000e+00,0.000e+00,True
reversal_curriculum,s6_t3,cyclic,history_ece,std,0.0492182755994,0.0492182755994,0.000e+00,0.000e+00,True
reversal_curriculum,s6_t3,cyclic,history_ece,median,0.762426733971,0.762426733971,0.000e+00,0.000e+00,True
reversal_curriculum,s6_t3,cyclic,history_ece,iqr,0.0940673947334,0.0940673947334,0.000e+00,0.000e+00,True
reversal_curriculum,s6_t3,cyclic,history_nll,mean,179634.860937,179634.860937,0.000e+00,0.000e+00,True
reversal_curriculum,s6_t3,cyclic,history_nll,std,66327.4448185,66327.4448185,0.000e+00,0.000e+00,True
reversal_curriculum,s6_t3,cyclic,history_nll,median,147472.875,147472.875,0.000e+00,0.000e+00,True
reversal_curriculum,s6_t3,cyclic,history_nll,iqr,57654.6875,57654.6875,0.000e+00,0.000e+00,True
reversal_curriculum,s6_t3,cyclic,calibrated_history_coverage_95,mean,0.887246096134,0.887246096134,0.000e+00,0.000e+00,True
reversal_curriculum,s6_t3,cyclic,calibrated_history_coverage_95,std,0.0435770419366,0.0435770419366,0.000e+00,0.000e+00,True
reversal_curriculum,s6_t3,cyclic,calibrated_history_coverage_95,median,0.8974609375,0.8974609375,0.000e+00,0.000e+00,True
reversal_curriculum,s6_t3,cyclic,calibrated_history_coverage_95,iqr,0.0518554449081,0.0518554449081,0.000e+00,0.000e+00,True
reversal_curriculum,s6_t3,cyclic,calibrated_history_ece,mean,0.118295893073,0.118295893073,0.000e+00,0.000e+00,True
reversal_curriculum,s6_t3,cyclic,calibrated_history_ece,std,0.0159327450912,0.0159327450912,0.000e+00,0.000e+00,True
reversal_curriculum,s6_t3,cyclic,calibrated_history_ece,median,0.115551739931,0.115551739931,0.000e+00,0.000e+00,True
reversal_curriculum,s6_t3,cyclic,calibrated_history_ece,iqr,0.010009765625,0.010009765625,0.000e+00,0.000e+00,True
reversal_curriculum,s6_t3,cyclic,calibrated_history_nll,mean,1041.92887845,1041.92887845,0.000e+00,0.000e+00,True
reversal_curriculum,s6_t3,cyclic,calibrated_history_nll,std,1044.71400443,1044.71400443,0.000e+00,0.000e+00,True
reversal_curriculum,s6_t3,cyclic,calibrated_history_nll,median,1001.27929688,1001.27929688,0.000e+00,0.000e+00,True
reversal_curriculum,s6_t3,cyclic,calibrated_history_nll,iqr,1820.1064949,1820.1064949,0.000e+00,0.000e+00,True
reversal_curriculum,s6_t3,cyclic,calibrated_history_spread_scale,mean,10000,10000,0.000e+00,0.000e+00,True
reversal_curriculum,s6_t3,cyclic,calibrated_history_spread_scale,std,0,0,0.000e+00,0.000e+00,True
reversal_curriculum,s6_t3,cyclic,calibrated_history_spread_scale,median,10000,10000,0.000e+00,0.000e+00,True
reversal_curriculum,s6_t3,cyclic,calibrated_history_spread_scale,iqr,0,0,0.000e+00,0.000e+00,True
reversal_curriculum,s6_t3,cyclic,field_coverage_95,mean,0.000716145845945,0.000716145845945,0.000e+00,0.000e+00,True
reversal_curriculum,s6_t3,cyclic,field_coverage_95,std,0.000676973785793,0.000676973785793,0.000e+00,0.000e+00,True
reversal_curriculum,s6_t3,cyclic,field_coverage_95,median,0.000325520843035,0.000325520843035,0.000e+00,0.000e+00,True
reversal_curriculum,s6_t3,cyclic,field_coverage_95,iqr,0.000651041656965,0.000651041656965,0.000e+00,0.000e+00,True
reversal_curriculum,s6_t3,cyclic,field_ece,mean,0.786979186535,0.786979186535,0.000e+00,0.000e+00,True
reversal_curriculum,s6_t3,cyclic,field_ece,std,0.000431979917434,0.000431979917434,0.000e+00,0.000e+00,True
reversal_curriculum,s6_t3,cyclic,field_ece,median,0.787215232849,0.787215232849,0.000e+00,0.000e+00,True
reversal_curriculum,s6_t3,cyclic,field_ece,iqr,0.00036633014679,0.00036633014679,0.000e+00,0.000e+00,True
reversal_curriculum,s6_t3,cyclic,field_nll,mean,106094.273438,106094.273438,0.000e+00,0.000e+00,True
reversal_curriculum,s6_t3,cyclic,field_nll,std,35568.8879445,35568.8879445,0.000e+00,0.000e+00,True
reversal_curriculum,s6_t3,cyclic,field_nll,median,101030.40625,101030.40625,0.000e+00,0.000e+00,True
reversal_curriculum,s6_t3,cyclic,field_nll,iqr,57112.6796875,57112.6796875,0.000e+00,0.000e+00,True
reversal_curriculum,s6_t3,cyclic,field_crps,mean,0.0314638677984,0.0314638677984,0.000e+00,0.000e+00,True
reversal_curriculum,s6_t3,cyclic,field_crps,std,0.00573345540601,0.00573345540601,0.000e+00,0.000e+00,True
reversal_curriculum,s6_t3,cyclic,field_crps,median,0.029936876148,0.029936876148,0.000e+00,0.000e+00,True
reversal_curriculum,s6_t3,cyclic,field_crps,iqr,0.00921443104744,0.00921443104744,0.000e+00,0.000e+00,True
reversal_curriculum,s6_t3,cyclic,calibrated_field_coverage_95,mean,0.822916686535,0.822916686535,0.000e+00,0.000e+00,True
reversal_curriculum,s6_t3,cyclic,calibrated_field_coverage_95,std,0.13411200284,0.13411200284,0.000e+00,0.000e+00,True
reversal_curriculum,s6_t3,cyclic,calibrated_field_coverage_95,median,0.883463561535,0.883463561535,0.000e+00,0.000e+00,True
reversal_curriculum,s6_t3,cyclic,calibrated_field_coverage_95,iqr,0.1201171875,0.1201171875,0.000e+00,0.000e+00,True
reversal_curriculum,s6_t3,cyclic,calibrated_field_ece,mean,0.123307275772,0.123307275772,0.000e+00,0.000e+00,True
reversal_curriculum,s6_t3,cyclic,calibrated_field_ece,std,0.0646089424324,0.0646089424324,1.388e-17,1.388e-17,True
reversal_curriculum,s6_t3,cyclic,calibrated_field_ece,median,0.135970026255,0.135970026255,0.000e+00,0.000e+00,True
reversal_curriculum,s6_t3,cyclic,calibrated_field_ece,iqr,0.0707682520151,0.0707682520151,0.000e+00,0.000e+00,True
reversal_curriculum,s6_t3,cyclic,calibrated_field_nll,mean,0.358893656731,0.358893656731,0.000e+00,0.000e+00,True
reversal_curriculum,s6_t3,cyclic,calibrated_field_nll,std,2.09117740566,2.09117740566,0.000e+00,0.000e+00,True
reversal_curriculum,s6_t3,cyclic,calibrated_field_nll,median,-0.649666190147,-0.649666190147,0.000e+00,0.000e+00,True
reversal_curriculum,s6_t3,cyclic,calibrated_field_nll,iqr,2.51113379002,2.51113379002,0.000e+00,0.000e+00,True
reversal_curriculum,s6_t3,cyclic,calibrated_field_crps,mean,0.0426256198436,0.0426256198436,0.000e+00,0.000e+00,True
reversal_curriculum,s6_t3,cyclic,calibrated_field_crps,std,0.0155594046074,0.0155594046074,0.000e+00,0.000e+00,True
reversal_curriculum,s6_t3,cyclic,calibrated_field_crps,median,0.0339173972607,0.0339173972607,0.000e+00,0.000e+00,True
reversal_curriculum,s6_t3,cyclic,calibrated_field_crps,iqr,0.0153717510402,0.0153717510402,0.000e+00,0.000e+00,True
reversal_curriculum,s6_t3,cyclic,calibrated_field_spread_scale,mean,7268.14370117,7268.14370117,0.000e+00,0.000e+00,True
reversal_curriculum,s6_t3,cyclic,calibrated_field_spread_scale,std,3014.84114495,3014.84114495,0.000e+00,0.000e+00,True
reversal_curriculum,s6_t3,cyclic,calibrated_field_spread_scale,median,8177.90185547,8177.90185547,0.000e+00,0.000e+00,True
reversal_curriculum,s6_t3,cyclic,calibrated_field_spread_scale,iqr,5535.99121094,5535.99121094,0.000e+00,0.000e+00,True
reversal_curriculum,s6_t3,cyclic,posterior_calibration_num_calibration,mean,4,4,0.000e+00,0.000e+00,True
reversal_curriculum,s6_t3,cyclic,posterior_calibration_num_calibration,std,0,0,0.000e+00,0.000e+00,True
reversal_curriculum,s6_t3,cyclic,posterior_calibration_num_calibration,median,4,4,0.000e+00,0.000e+00,True
reversal_curriculum,s6_t3,cyclic,posterior_calibration_num_calibration,iqr,0,0,0.000e+00,0.000e+00,True
reversal_curriculum,s6_t3,cyclic,posterior_calibration_num_test,mean,4,4,0.000e+00,0.000e+00,True
reversal_curriculum,s6_t3,cyclic,posterior_calibration_num_test,std,0,0,0.000e+00,0.000e+00,True
reversal_curriculum,s6_t3,cyclic,posterior_calibration_num_test,median,4,4,0.000e+00,0.000e+00,True
reversal_curriculum,s6_t3,cyclic,posterior_calibration_num_test,iqr,0,0,0.000e+00,0.000e+00,True
reversal_curriculum,s6_t3,nonproportional,sparse_observation_relative_l2,mean,1.05298287868,1.05298287868,0.000e+00,0.000e+00,True
reversal_curriculum,s6_t3,nonproportional,sparse_observation_relative_l2,std,0.0903503797705,0.0903503797705,1.388e-17,1.388e-17,True
reversal_curriculum,s6_t3,nonproportional,sparse_observation_relative_l2,median,1.01802897453,1.01802897453,0.000e+00,0.000e+00,True
reversal_curriculum,s6_t3,nonproportional,sparse_observation_relative_l2,iqr,0.0768994688988,0.0768994688988,0.000e+00,0.000e+00,True
reversal_curriculum,s6_t3,nonproportional,rollout_displacement_relative_l2,mean,0.98622443676,0.98622443676,0.000e+00,0.000e+00,True
reversal_curriculum,s6_t3,nonproportional,rollout_displacement_relative_l2,std,0.0969425837466,0.0969425837466,0.000e+00,0.000e+00,True
reversal_curriculum,s6_t3,nonproportional,rollout_displacement_relative_l2,median,0.949807405472,0.949807405472,0.000e+00,0.000e+00,True
reversal_curriculum,s6_t3,nonproportional,rollout_displacement_relative_l2,iqr,0.130745947361,0.130745947361,0.000e+00,0.000e+00,True
reversal_curriculum,s6_t3,nonproportional,material_parameter_relative_l2,mean,0.233870846033,0.233870846033,0.000e+00,0.000e+00,True
reversal_curriculum,s6_t3,nonproportional,material_parameter_relative_l2,std,0.0467516615946,0.0467516615946,0.000e+00,0.000e+00,True
reversal_curriculum,s6_t3,nonproportional,material_parameter_relative_l2,median,0.248312085867,0.248312085867,0.000e+00,0.000e+00,True
reversal_curriculum,s6_t3,nonproportional,material_parameter_relative_l2,iqr,0.0104854553938,0.0104854553938,0.000e+00,0.000e+00,True
reversal_curriculum,s6_t3,nonproportional,material_parameter_coverage_95,mean,0.00416666679084,0.00416666679084,0.000e+00,0.000e+00,True
reversal_curriculum,s6_t3,nonproportional,material_parameter_coverage_95,std,0.00931695018392,0.00931695018392,1.735e-18,1.735e-18,True
reversal_curriculum,s6_t3,nonproportional,material_parameter_coverage_95,median,0,0,0.000e+00,0.000e+00,True
reversal_curriculum,s6_t3,nonproportional,material_parameter_coverage_95,iqr,0,0,0.000e+00,0.000e+00,True
reversal_curriculum,s6_t3,nonproportional,material_parameter_ece,mean,0.785416638851,0.785416638851,0.000e+00,0.000e+00,True
reversal_curriculum,s6_t3,nonproportional,material_parameter_ece,std,0.00465845718245,0.00465845718245,0.000e+00,0.000e+00,True
reversal_curriculum,s6_t3,nonproportional,material_parameter_ece,median,0.787499964237,0.787499964237,0.000e+00,0.000e+00,True
reversal_curriculum,s6_t3,nonproportional,material_parameter_ece,iqr,0,0,0.000e+00,0.000e+00,True
reversal_curriculum,s6_t3,nonproportional,material_parameter_nll,mean,43694.3095459,43694.3095459,0.000e+00,0.000e+00,True
reversal_curriculum,s6_t3,nonproportional,material_parameter_nll,std,91538.2197958,91538.2197958,1.455e-11,1.590e-16,True
reversal_curriculum,s6_t3,nonproportional,material_parameter_nll,median,3665.44824219,3665.44824219,0.000e+00,0.000e+00,True
reversal_curriculum,s6_t3,nonproportional,material_parameter_nll,iqr,2024.58251953,2024.58251953,0.000e+00,0.000e+00,True
reversal_curriculum,s6_t3,nonproportional,calibrated_material_parameter_coverage_95,mean,0.883333337307,0.883333337307,0.000e+00,0.000e+00,True
reversal_curriculum,s6_t3,nonproportional,calibrated_material_parameter_coverage_95,std,0.154222963768,0.154222963768,2.776e-17,2.776e-17,True
reversal_curriculum,s6_t3,nonproportional,calibrated_material_parameter_coverage_95,median,0.916666686535,0.916666686535,0.000e+00,0.000e+00,True
reversal_curriculum,s6_t3,nonproportional,calibrated_material_parameter_coverage_95,iqr,0.125,0.125,0.000e+00,0.000e+00,True
reversal_curriculum,s6_t3,nonproportional,calibrated_material_parameter_ece,mean,0.126250003278,0.126250003278,0.000e+00,0.000e+00,True
reversal_curriculum,s6_t3,nonproportional,calibrated_material_parameter_ece,std,0.0768380054834,0.0768380054834,0.000e+00,0.000e+00,True
reversal_curriculum,s6_t3,nonproportional,calibrated_material_parameter_ece,median,0.104166671634,0.104166671634,0.000e+00,0.000e+00,True
reversal_curriculum,s6_t3,nonproportional,calibrated_material_parameter_ece,iqr,0.09375,0.09375,0.000e+00,0.000e+00,True
reversal_curriculum,s6_t3,nonproportional,calibrated_material_parameter_nll,mean,15.4846181512,15.4846181512,0.000e+00,0.000e+00,True
reversal_curriculum,s6_t3,nonproportional,calibrated_material_parameter_nll,std,33.1735077347,33.1735077347,0.000e+00,0.000e+00,True
reversal_curriculum,s6_t3,nonproportional,calibrated_material_parameter_nll,median,0.800892531872,0.800892531872,0.000e+00,0.000e+00,True
reversal_curriculum,s6_t3,nonproportional,calibrated_material_parameter_nll,iqr,0.285696148872,0.285696148872,0.000e+00,0.000e+00,True
reversal_curriculum,s6_t3,nonproportional,calibrated_material_parameter_spread_scale,mean,107.220335388,107.220335388,0.000e+00,0.000e+00,True
reversal_curriculum,s6_t3,nonproportional,calibrated_material_parameter_spread_scale,std,26.9725492051,26.9725492051,0.000e+00,0.000e+00,True
reversal_curriculum,s6_t3,nonproportional,calibrated_material_parameter_spread_scale,median,96.8094329834,96.8094329834,0.000e+00,0.000e+00,True
reversal_curriculum,s6_t3,nonproportional,calibrated_material_parameter_spread_scale,iqr,31.9280548096,31.9280548096,0.000e+00,0.000e+00,True
reversal_curriculum,s6_t3,nonproportional,history_relative_l2,mean,0.794561707973,0.794561707973,0.000e+00,0.000e+00,True
reversal_curriculum,s6_t3,nonproportional,history_relative_l2,std,0.111512620696,0.111512620696,0.000e+00,0.000e+00,True
reversal_curriculum,s6_t3,nonproportional,history_relative_l2,median,0.736788034439,0.736788034439,0.000e+00,0.000e+00,True
reversal_curriculum,s6_t3,nonproportional,history_relative_l2,iqr,0.144583165646,0.144583165646,0.000e+00,0.000e+00,True
reversal_curriculum,s6_t3,nonproportional,history_final_relative_l2,mean,1.67189023495,1.67189023495,0.000e+00,0.000e+00,True
reversal_curriculum,s6_t3,nonproportional,history_final_relative_l2,std,0.67281151674,0.67281151674,0.000e+00,0.000e+00,True
reversal_curriculum,s6_t3,nonproportional,history_final_relative_l2,median,1.70563971996,1.70563971996,0.000e+00,0.000e+00,True
reversal_curriculum,s6_t3,nonproportional,history_final_relative_l2,iqr,1.02746081352,1.02746081352,0.000e+00,0.000e+00,True
reversal_curriculum,s6_t3,nonproportional,history_coverage_95,mean,0.0429032257758,0.0429032257758,0.000e+00,0.000e+00,True
reversal_curriculum,s6_t3,nonproportional,history_coverage_95,std,0.0430063796321,0.0430063796321,0.000e+00,0.000e+00,True
reversal_curriculum,s6_t3,nonproportional,history_coverage_95,median,0.021774193272,0.021774193272,0.000e+00,0.000e+00,True
reversal_curriculum,s6_t3,nonproportional,history_coverage_95,iqr,0.0787802413106,0.0787802413106,0.000e+00,0.000e+00,True
reversal_curriculum,s6_t3,nonproportional,history_ece,mean,0.745534276962,0.745534276962,0.000e+00,0.000e+00,True
reversal_curriculum,s6_t3,nonproportional,history_ece,std,0.0429049062491,0.0429049062491,0.000e+00,0.000e+00,True
reversal_curriculum,s6_t3,nonproportional,history_ece,median,0.766494452953,0.766494452953,0.000e+00,0.000e+00,True
reversal_curriculum,s6_t3,nonproportional,history_ece,iqr,0.0795993208885,0.0795993208885,0.000e+00,0.000e+00,True
reversal_curriculum,s6_t3,nonproportional,history_nll,mean,285241.98125,285241.98125,0.000e+00,0.000e+00,True
reversal_curriculum,s6_t3,nonproportional,history_nll,std,91491.3303546,91491.3303546,0.000e+00,0.000e+00,True
reversal_curriculum,s6_t3,nonproportional,history_nll,median,276877.84375,276877.84375,0.000e+00,0.000e+00,True
reversal_curriculum,s6_t3,nonproportional,history_nll,iqr,47459.609375,47459.609375,0.000e+00,0.000e+00,True
reversal_curriculum,s6_t3,nonproportional,calibrated_history_coverage_95,mean,0.834737896919,0.834737896919,0.000e+00,0.000e+00,True
reversal_curriculum,s6_t3,nonproportional,calibrated_history_coverage_95,std,0.0507571021347,0.0507571021347,0.000e+00,0.000e+00,True
reversal_curriculum,s6_t3,nonproportional,calibrated_history_coverage_95,median,0.848286271095,0.848286271095,0.000e+00,0.000e+00,True
reversal_curriculum,s6_t3,nonproportional,calibrated_history_coverage_95,iqr,0.0435484051704,0.0435484051704,0.000e+00,0.000e+00,True
reversal_curriculum,s6_t3,nonproportional,calibrated_history_ece,mean,0.121940514445,0.121940514445,0.000e+00,0.000e+00,True
reversal_curriculum,s6_t3,nonproportional,calibrated_history_ece,std,0.0104943320139,0.0104943320139,0.000e+00,0.000e+00,True
reversal_curriculum,s6_t3,nonproportional,calibrated_history_ece,median,0.120010063052,0.120010063052,0.000e+00,0.000e+00,True
reversal_curriculum,s6_t3,nonproportional,calibrated_history_ece,iqr,0.0072076767683,0.0072076767683,0.000e+00,0.000e+00,True
reversal_curriculum,s6_t3,nonproportional,calibrated_history_nll,mean,3606.18535767,3606.18535767,0.000e+00,0.000e+00,True
reversal_curriculum,s6_t3,nonproportional,calibrated_history_nll,std,3967.05849024,3967.05849024,0.000e+00,0.000e+00,True
reversal_curriculum,s6_t3,nonproportional,calibrated_history_nll,median,2403.39306641,2403.39306641,0.000e+00,0.000e+00,True
reversal_curriculum,s6_t3,nonproportional,calibrated_history_nll,iqr,7088.90609932,7088.90609932,0.000e+00,0.000e+00,True
reversal_curriculum,s6_t3,nonproportional,calibrated_history_spread_scale,mean,10000,10000,0.000e+00,0.000e+00,True
reversal_curriculum,s6_t3,nonproportional,calibrated_history_spread_scale,std,0,0,0.000e+00,0.000e+00,True
reversal_curriculum,s6_t3,nonproportional,calibrated_history_spread_scale,median,10000,10000,0.000e+00,0.000e+00,True
reversal_curriculum,s6_t3,nonproportional,calibrated_history_spread_scale,iqr,0,0,0.000e+00,0.000e+00,True
reversal_curriculum,s6_t3,nonproportional,field_coverage_95,mean,0.000813802098855,0.000813802098855,0.000e+00,0.000e+00,True
reversal_curriculum,s6_t3,nonproportional,field_coverage_95,std,0.000805622991695,0.000805622991695,2.168e-19,2.168e-19,True
reversal_curriculum,s6_t3,nonproportional,field_coverage_95,median,0.00048828125,0.00048828125,0.000e+00,0.000e+00,True
reversal_curriculum,s6_t3,nonproportional,field_coverage_95,iqr,0.00048828125,0.00048828125,0.000e+00,0.000e+00,True
reversal_curriculum,s6_t3,nonproportional,field_ece,mean,0.786905908585,0.786905908585,0.000e+00,0.000e+00,True
reversal_curriculum,s6_t3,nonproportional,field_ece,std,0.000601879838536,0.000601879838536,1.084e-19,1.084e-19,True
reversal_curriculum,s6_t3,nonproportional,field_ece,median,0.787093043327,0.787093043327,0.000e+00,0.000e+00,True
reversal_curriculum,s6_t3,nonproportional,field_ece,iqr,0.000528991222382,0.000528991222382,0.000e+00,0.000e+00,True
reversal_curriculum,s6_t3,nonproportional,field_nll,mean,135985.892187,135985.892187,0.000e+00,0.000e+00,True
reversal_curriculum,s6_t3,nonproportional,field_nll,std,25998.3948491,25998.3948491,0.000e+00,0.000e+00,True
reversal_curriculum,s6_t3,nonproportional,field_nll,median,128114.96875,128114.96875,0.000e+00,0.000e+00,True
reversal_curriculum,s6_t3,nonproportional,field_nll,iqr,20569.2890625,20569.2890625,0.000e+00,0.000e+00,True
reversal_curriculum,s6_t3,nonproportional,field_crps,mean,0.0363271467388,0.0363271467388,0.000e+00,0.000e+00,True
reversal_curriculum,s6_t3,nonproportional,field_crps,std,0.00273053103678,0.00273053103678,4.337e-19,4.337e-19,True
reversal_curriculum,s6_t3,nonproportional,field_crps,median,0.035173214972,0.035173214972,0.000e+00,0.000e+00,True
reversal_curriculum,s6_t3,nonproportional,field_crps,iqr,0.00118486955762,0.00118486955762,0.000e+00,0.000e+00,True
reversal_curriculum,s6_t3,nonproportional,calibrated_field_coverage_95,mean,0.804817730188,0.804817730188,0.000e+00,0.000e+00,True
reversal_curriculum,s6_t3,nonproportional,calibrated_field_coverage_95,std,0.196939657412,0.196939657412,0.000e+00,0.000e+00,True
reversal_curriculum,s6_t3,nonproportional,calibrated_field_coverage_95,median,0.88216149807,0.88216149807,0.000e+00,0.000e+00,True
reversal_curriculum,s6_t3,nonproportional,calibrated_field_coverage_95,iqr,0.18196618557,0.18196618557,0.000e+00,0.000e+00,True
reversal_curriculum,s6_t3,nonproportional,calibrated_field_ece,mean,0.176194661856,0.176194661856,0.000e+00,0.000e+00,True
reversal_curriculum,s6_t3,nonproportional,calibrated_field_ece,std,0.0946453009329,0.0946453009329,0.000e+00,0.000e+00,True
reversal_curriculum,s6_t3,nonproportional,calibrated_field_ece,median,0.138427734375,0.138427734375,0.000e+00,0.000e+00,True
reversal_curriculum,s6_t3,nonproportional,calibrated_field_ece,iqr,0.0357584953308,0.0357584953308,0.000e+00,0.000e+00,True
reversal_curriculum,s6_t3,nonproportional,calibrated_field_nll,mean,3.56547412872,3.56547412872,0.000e+00,0.000e+00,True
reversal_curriculum,s6_t3,nonproportional,calibrated_field_nll,std,9.82197134844,9.82197134844,1.776e-15,1.809e-16,True
reversal_curriculum,s6_t3,nonproportional,calibrated_field_nll,median,-0.572345793247,-0.572345793247,0.000e+00,0.000e+00,True
reversal_curriculum,s6_t3,nonproportional,calibrated_field_nll,iqr,0.561561048031,0.561561048031,0.000e+00,0.000e+00,True
reversal_curriculum,s6_t3,nonproportional,calibrated_field_crps,mean,0.0544710330665,0.0544710330665,0.000e+00,0.000e+00,True
reversal_curriculum,s6_t3,nonproportional,calibrated_field_crps,std,0.0302740622953,0.0302740622953,0.000e+00,0.000e+00,True
reversal_curriculum,s6_t3,nonproportional,calibrated_field_crps,median,0.0462289862335,0.0462289862335,0.000e+00,0.000e+00,True
reversal_curriculum,s6_t3,nonproportional,calibrated_field_crps,iqr,0.0241988785565,0.0241988785565,0.000e+00,0.000e+00,True
reversal_curriculum,s6_t3,nonproportional,calibrated_field_spread_scale,mean,7847.98964844,7847.98964844,0.000e+00,0.000e+00,True
reversal_curriculum,s6_t3,nonproportional,calibrated_field_spread_scale,std,1997.20372168,1997.20372168,0.000e+00,0.000e+00,True
reversal_curriculum,s6_t3,nonproportional,calibrated_field_spread_scale,median,6876.29003906,6876.29003906,0.000e+00,0.000e+00,True
reversal_curriculum,s6_t3,nonproportional,calibrated_field_spread_scale,iqr,3504.63330078,3504.63330078,0.000e+00,0.000e+00,True
reversal_curriculum,s6_t3,nonproportional,posterior_calibration_num_calibration,mean,4,4,0.000e+00,0.000e+00,True
reversal_curriculum,s6_t3,nonproportional,posterior_calibration_num_calibration,std,0,0,0.000e+00,0.000e+00,True
reversal_curriculum,s6_t3,nonproportional,posterior_calibration_num_calibration,median,4,4,0.000e+00,0.000e+00,True
reversal_curriculum,s6_t3,nonproportional,posterior_calibration_num_calibration,iqr,0,0,0.000e+00,0.000e+00,True
reversal_curriculum,s6_t3,nonproportional,posterior_calibration_num_test,mean,4,4,0.000e+00,0.000e+00,True
reversal_curriculum,s6_t3,nonproportional,posterior_calibration_num_test,std,0,0,0.000e+00,0.000e+00,True
reversal_curriculum,s6_t3,nonproportional,posterior_calibration_num_test,median,4,4,0.000e+00,0.000e+00,True
reversal_curriculum,s6_t3,nonproportional,posterior_calibration_num_test,iqr,0,0,0.000e+00,0.000e+00,True
reversal_curriculum,s6_t3,random_amplitude,sparse_observation_relative_l2,mean,1.02409288883,1.02409288883,0.000e+00,0.000e+00,True
reversal_curriculum,s6_t3,random_amplitude,sparse_observation_relative_l2,std,0.0880054450112,0.0880054450112,0.000e+00,0.000e+00,True
reversal_curriculum,s6_t3,random_amplitude,sparse_observation_relative_l2,median,1.05645132065,1.05645132065,0.000e+00,0.000e+00,True
reversal_curriculum,s6_t3,random_amplitude,sparse_observation_relative_l2,iqr,0.0156605243683,0.0156605243683,0.000e+00,0.000e+00,True
reversal_curriculum,s6_t3,random_amplitude,rollout_displacement_relative_l2,mean,0.993410301208,0.993410301208,0.000e+00,0.000e+00,True
reversal_curriculum,s6_t3,random_amplitude,rollout_displacement_relative_l2,std,0.0955457607841,0.0955457607841,0.000e+00,0.000e+00,True
reversal_curriculum,s6_t3,random_amplitude,rollout_displacement_relative_l2,median,1.02388238907,1.02388238907,0.000e+00,0.000e+00,True
reversal_curriculum,s6_t3,random_amplitude,rollout_displacement_relative_l2,iqr,0.0749862194061,0.0749862194061,0.000e+00,0.000e+00,True
reversal_curriculum,s6_t3,random_amplitude,material_parameter_relative_l2,mean,0.194267627597,0.194267627597,0.000e+00,0.000e+00,True
reversal_curriculum,s6_t3,random_amplitude,material_parameter_relative_l2,std,0.0389440706167,0.0389440706167,0.000e+00,0.000e+00,True
reversal_curriculum,s6_t3,random_amplitude,material_parameter_relative_l2,median,0.196303293109,0.196303293109,0.000e+00,0.000e+00,True
reversal_curriculum,s6_t3,random_amplitude,material_parameter_relative_l2,iqr,0.0263773798943,0.0263773798943,0.000e+00,0.000e+00,True
reversal_curriculum,s6_t3,random_amplitude,material_parameter_coverage_95,mean,0.0333333343267,0.0333333343267,0.000e+00,0.000e+00,True
reversal_curriculum,s6_t3,random_amplitude,material_parameter_coverage_95,std,0.0348608354779,0.0348608354779,0.000e+00,0.000e+00,True
reversal_curriculum,s6_t3,random_amplitude,material_parameter_coverage_95,median,0.0416666679084,0.0416666679084,0.000e+00,0.000e+00,True
reversal_curriculum,s6_t3,random_amplitude,material_parameter_coverage_95,iqr,0.0416666679084,0.0416666679084,0.000e+00,0.000e+00,True
reversal_curriculum,s6_t3,random_amplitude,material_parameter_ece,mean,0.760416650772,0.760416650772,0.000e+00,0.000e+00,True
reversal_curriculum,s6_t3,random_amplitude,material_parameter_ece,std,0.0288581032985,0.0288581032985,0.000e+00,0.000e+00,True
reversal_curriculum,s6_t3,random_amplitude,material_parameter_ece,median,0.761458337307,0.761458337307,0.000e+00,0.000e+00,True
reversal_curriculum,s6_t3,random_amplitude,material_parameter_ece,iqr,0.0416666269302,0.0416666269302,0.000e+00,0.000e+00,True
reversal_curriculum,s6_t3,random_amplitude,material_parameter_nll,mean,4372.37744141,4372.37744141,0.000e+00,0.000e+00,True
reversal_curriculum,s6_t3,random_amplitude,material_parameter_nll,std,3956.01124574,3956.01124574,0.000e+00,0.000e+00,True
reversal_curriculum,s6_t3,random_amplitude,material_parameter_nll,median,2788.75561523,2788.75561523,0.000e+00,0.000e+00,True
reversal_curriculum,s6_t3,random_amplitude,material_parameter_nll,iqr,1289.42480469,1289.42480469,0.000e+00,0.000e+00,True
reversal_curriculum,s6_t3,random_amplitude,calibrated_material_parameter_coverage_95,mean,0.941666674614,0.941666674614,0.000e+00,0.000e+00,True
reversal_curriculum,s6_t3,random_amplitude,calibrated_material_parameter_coverage_95,std,0.0812232729569,0.0812232729569,1.388e-17,1.388e-17,True
reversal_curriculum,s6_t3,random_amplitude,calibrated_material_parameter_coverage_95,median,1,1,0.000e+00,0.000e+00,True
reversal_curriculum,s6_t3,random_amplitude,calibrated_material_parameter_coverage_95,iqr,0.125,0.125,0.000e+00,0.000e+00,True
reversal_curriculum,s6_t3,random_amplitude,calibrated_material_parameter_ece,mean,0.139583332837,0.139583332837,0.000e+00,0.000e+00,True
reversal_curriculum,s6_t3,random_amplitude,calibrated_material_parameter_ece,std,0.0596757814612,0.0596757814612,0.000e+00,0.000e+00,True
reversal_curriculum,s6_t3,random_amplitude,calibrated_material_parameter_ece,median,0.139583349228,0.139583349228,0.000e+00,0.000e+00,True
reversal_curriculum,s6_t3,random_amplitude,calibrated_material_parameter_ece,iqr,0.0812500342727,0.0812500342727,0.000e+00,0.000e+00,True
reversal_curriculum,s6_t3,random_amplitude,calibrated_material_parameter_nll,mean,1.12888644338,1.12888644338,0.000e+00,0.000e+00,True
reversal_curriculum,s6_t3,random_amplitude,calibrated_material_parameter_nll,std,0.603566620192,0.603566620192,0.000e+00,0.000e+00,True
reversal_curriculum,s6_t3,random_amplitude,calibrated_material_parameter_nll,median,0.883289217949,0.883289217949,0.000e+00,0.000e+00,True
reversal_curriculum,s6_t3,random_amplitude,calibrated_material_parameter_nll,iqr,0.973604023457,0.973604023457,0.000e+00,0.000e+00,True
reversal_curriculum,s6_t3,random_amplitude,calibrated_material_parameter_spread_scale,mean,183.950012207,183.950012207,0.000e+00,0.000e+00,True
reversal_curriculum,s6_t3,random_amplitude,calibrated_material_parameter_spread_scale,std,129.764027928,129.764027928,0.000e+00,0.000e+00,True
reversal_curriculum,s6_t3,random_amplitude,calibrated_material_parameter_spread_scale,median,117.999092102,117.999092102,0.000e+00,0.000e+00,True
reversal_curriculum,s6_t3,random_amplitude,calibrated_material_parameter_spread_scale,iqr,107.138885498,107.138885498,0.000e+00,0.000e+00,True
reversal_curriculum,s6_t3,random_amplitude,history_relative_l2,mean,0.812198841572,0.812198841572,0.000e+00,0.000e+00,True
reversal_curriculum,s6_t3,random_amplitude,history_relative_l2,std,0.0903074734914,0.0903074734914,0.000e+00,0.000e+00,True
reversal_curriculum,s6_t3,random_amplitude,history_relative_l2,median,0.752907752991,0.752907752991,0.000e+00,0.000e+00,True
reversal_curriculum,s6_t3,random_amplitude,history_relative_l2,iqr,0.147351443768,0.147351443768,0.000e+00,0.000e+00,True
reversal_curriculum,s6_t3,random_amplitude,history_final_relative_l2,mean,0.582315659523,0.582315659523,0.000e+00,0.000e+00,True
reversal_curriculum,s6_t3,random_amplitude,history_final_relative_l2,std,0.293962347116,0.293962347116,0.000e+00,0.000e+00,True
reversal_curriculum,s6_t3,random_amplitude,history_final_relative_l2,median,0.451677113771,0.451677113771,0.000e+00,0.000e+00,True
reversal_curriculum,s6_t3,random_amplitude,history_final_relative_l2,iqr,0.499864429235,0.499864429235,0.000e+00,0.000e+00,True
reversal_curriculum,s6_t3,random_amplitude,history_coverage_95,mean,0.0451984140091,0.0451984140091,0.000e+00,0.000e+00,True
reversal_curriculum,s6_t3,random_amplitude,history_coverage_95,std,0.0491702778211,0.0491702778211,0.000e+00,0.000e+00,True
reversal_curriculum,s6_t3,random_amplitude,history_coverage_95,median,0.0127976192161,0.0127976192161,0.000e+00,0.000e+00,True
reversal_curriculum,s6_t3,random_amplitude,history_coverage_95,iqr,0.079712302424,0.079712302424,0.000e+00,0.000e+00,True
reversal_curriculum,s6_t3,random_amplitude,history_ece,mean,0.743752479553,0.743752479553,0.000e+00,0.000e+00,True
reversal_curriculum,s6_t3,random_amplitude,history_ece,std,0.0483157182196,0.0483157182196,0.000e+00,0.000e+00,True
reversal_curriculum,s6_t3,random_amplitude,history_ece,median,0.775682032108,0.775682032108,0.000e+00,0.000e+00,True
reversal_curriculum,s6_t3,random_amplitude,history_ece,iqr,0.0798114538193,0.0798114538193,0.000e+00,0.000e+00,True
reversal_curriculum,s6_t3,random_amplitude,history_nll,mean,497366.354687,497366.354687,0.000e+00,0.000e+00,True
reversal_curriculum,s6_t3,random_amplitude,history_nll,std,421420.700589,421420.700589,0.000e+00,0.000e+00,True
reversal_curriculum,s6_t3,random_amplitude,history_nll,median,365236.1875,365236.1875,0.000e+00,0.000e+00,True
reversal_curriculum,s6_t3,random_amplitude,history_nll,iqr,85123.625,85123.625,0.000e+00,0.000e+00,True
reversal_curriculum,s6_t3,random_amplitude,calibrated_history_coverage_95,mean,0.860257947445,0.860257947445,0.000e+00,0.000e+00,True
reversal_curriculum,s6_t3,random_amplitude,calibrated_history_coverage_95,std,0.024962726724,0.024962726724,0.000e+00,0.000e+00,True
reversal_curriculum,s6_t3,random_amplitude,calibrated_history_coverage_95,median,0.861011922359,0.861011922359,0.000e+00,0.000e+00,True
reversal_curriculum,s6_t3,random_amplitude,calibrated_history_coverage_95,iqr,0.0321428775787,0.0321428775787,0.000e+00,0.000e+00,True
reversal_curriculum,s6_t3,random_amplitude,calibrated_history_ece,mean,0.113541656733,0.113541656733,0.000e+00,0.000e+00,True
reversal_curriculum,s6_t3,random_amplitude,calibrated_history_ece,std,0.00995132718557,0.00995132718557,0.000e+00,0.000e+00,True
reversal_curriculum,s6_t3,random_amplitude,calibrated_history_ece,median,0.11426089704,0.11426089704,0.000e+00,0.000e+00,True
reversal_curriculum,s6_t3,random_amplitude,calibrated_history_ece,iqr,0.0103422701359,0.0103422701359,0.000e+00,0.000e+00,True
reversal_curriculum,s6_t3,random_amplitude,calibrated_history_nll,mean,2643.21577792,2643.21577792,0.000e+00,0.000e+00,True
reversal_curriculum,s6_t3,random_amplitude,calibrated_history_nll,std,2922.39489788,2922.39489788,0.000e+00,0.000e+00,True
reversal_curriculum,s6_t3,random_amplitude,calibrated_history_nll,median,1688.63891602,1688.63891602,0.000e+00,0.000e+00,True
reversal_curriculum,s6_t3,random_amplitude,calibrated_history_nll,iqr,5694.49703121,5694.49703121,0.000e+00,0.000e+00,True
reversal_curriculum,s6_t3,random_amplitude,calibrated_history_spread_scale,mean,10000,10000,0.000e+00,0.000e+00,True
reversal_curriculum,s6_t3,random_amplitude,calibrated_history_spread_scale,std,0,0,0.000e+00,0.000e+00,True
reversal_curriculum,s6_t3,random_amplitude,calibrated_history_spread_scale,median,10000,10000,0.000e+00,0.000e+00,True
reversal_curriculum,s6_t3,random_amplitude,calibrated_history_spread_scale,iqr,0,0,0.000e+00,0.000e+00,True
reversal_curriculum,s6_t3,random_amplitude,field_coverage_95,mean,0.000651041671517,0.000651041671517,0.000e+00,0.000e+00,True
reversal_curriculum,s6_t3,random_amplitude,field_coverage_95,std,0.000736929126134,0.000736929126134,0.000e+00,0.000e+00,True
reversal_curriculum,s6_t3,random_amplitude,field_coverage_95,median,0.000325520843035,0.000325520843035,0.000e+00,0.000e+00,True
reversal_curriculum,s6_t3,random_amplitude,field_coverage_95,iqr,0.000162760406965,0.000162760406965,0.000e+00,0.000e+00,True
reversal_curriculum,s6_t3,random_amplitude,field_ece,mean,0.786987304688,0.786987304688,0.000e+00,0.000e+00,True
reversal_curriculum,s6_t3,random_amplitude,field_ece,std,0.000539531810205,0.000539531810205,0.000e+00,0.000e+00,True
reversal_curriculum,s6_t3,random_amplitude,field_ece,median,0.787215232849,0.787215232849,0.000e+00,0.000e+00,True
reversal_curriculum,s6_t3,random_amplitude,field_ece,iqr,0.000162839889526,0.000162839889526,0.000e+00,0.000e+00,True
reversal_curriculum,s6_t3,random_amplitude,field_nll,mean,97418.43125,97418.43125,0.000e+00,0.000e+00,True
reversal_curriculum,s6_t3,random_amplitude,field_nll,std,17693.3165647,17693.3165647,0.000e+00,0.000e+00,True
reversal_curriculum,s6_t3,random_amplitude,field_nll,median,103592.125,103592.125,0.000e+00,0.000e+00,True
reversal_curriculum,s6_t3,random_amplitude,field_nll,iqr,11954.515625,11954.515625,0.000e+00,0.000e+00,True
reversal_curriculum,s6_t3,random_amplitude,field_crps,mean,0.0314781524241,0.0314781524241,0.000e+00,0.000e+00,True
reversal_curriculum,s6_t3,random_amplitude,field_crps,std,0.00258620628245,0.00258620628245,4.337e-19,4.337e-19,True
reversal_curriculum,s6_t3,random_amplitude,field_crps,median,0.0323281846941,0.0323281846941,0.000e+00,0.000e+00,True
reversal_curriculum,s6_t3,random_amplitude,field_crps,iqr,0.00146020948887,0.00146020948887,0.000e+00,0.000e+00,True
reversal_curriculum,s6_t3,random_amplitude,calibrated_field_coverage_95,mean,0.957877624035,0.957877624035,0.000e+00,0.000e+00,True
reversal_curriculum,s6_t3,random_amplitude,calibrated_field_coverage_95,std,0.0326938793477,0.0326938793477,0.000e+00,0.000e+00,True
reversal_curriculum,s6_t3,random_amplitude,calibrated_field_coverage_95,median,0.97200524807,0.97200524807,0.000e+00,0.000e+00,True
reversal_curriculum,s6_t3,random_amplitude,calibrated_field_coverage_95,iqr,0.0182291865349,0.0182291865349,0.000e+00,0.000e+00,True
reversal_curriculum,s6_t3,random_amplitude,calibrated_field_ece,mean,0.132949241996,0.132949241996,0.000e+00,0.000e+00,True
reversal_curriculum,s6_t3,random_amplitude,calibrated_field_ece,std,0.0541099585905,0.0541099585905,0.000e+00,0.000e+00,True
reversal_curriculum,s6_t3,random_amplitude,calibrated_field_ece,median,0.155533879995,0.155533879995,0.000e+00,0.000e+00,True
reversal_curriculum,s6_t3,random_amplitude,calibrated_field_ece,iqr,0.0355631411076,0.0355631411076,0.000e+00,0.000e+00,True
reversal_curriculum,s6_t3,random_amplitude,calibrated_field_nll,mean,-1.13109418154,-1.13109418154,0.000e+00,0.000e+00,True
reversal_curriculum,s6_t3,random_amplitude,calibrated_field_nll,std,0.456933362686,0.456933362686,5.551e-17,5.551e-17,True
reversal_curriculum,s6_t3,random_amplitude,calibrated_field_nll,median,-1.14949178696,-1.14949178696,0.000e+00,0.000e+00,True
reversal_curriculum,s6_t3,random_amplitude,calibrated_field_nll,iqr,0.297075510025,0.297075510025,0.000e+00,0.000e+00,True
reversal_curriculum,s6_t3,random_amplitude,calibrated_field_crps,mean,0.0520827900618,0.0520827900618,0.000e+00,0.000e+00,True
reversal_curriculum,s6_t3,random_amplitude,calibrated_field_crps,std,0.0206963540413,0.0206963540413,0.000e+00,0.000e+00,True
reversal_curriculum,s6_t3,random_amplitude,calibrated_field_crps,median,0.0533562004566,0.0533562004566,0.000e+00,0.000e+00,True
reversal_curriculum,s6_t3,random_amplitude,calibrated_field_crps,iqr,0.0178120806813,0.0178120806813,0.000e+00,0.000e+00,True
reversal_curriculum,s6_t3,random_amplitude,calibrated_field_spread_scale,mean,8622.62548828,8622.62548828,0.000e+00,0.000e+00,True
reversal_curriculum,s6_t3,random_amplitude,calibrated_field_spread_scale,std,1948.71545236,1948.71545236,0.000e+00,0.000e+00,True
reversal_curriculum,s6_t3,random_amplitude,calibrated_field_spread_scale,median,10000,10000,0.000e+00,0.000e+00,True
reversal_curriculum,s6_t3,random_amplitude,calibrated_field_spread_scale,iqr,2750.16015625,2750.16015625,0.000e+00,0.000e+00,True
reversal_curriculum,s6_t3,random_amplitude,posterior_calibration_num_calibration,mean,4,4,0.000e+00,0.000e+00,True
reversal_curriculum,s6_t3,random_amplitude,posterior_calibration_num_calibration,std,0,0,0.000e+00,0.000e+00,True
reversal_curriculum,s6_t3,random_amplitude,posterior_calibration_num_calibration,median,4,4,0.000e+00,0.000e+00,True
reversal_curriculum,s6_t3,random_amplitude,posterior_calibration_num_calibration,iqr,0,0,0.000e+00,0.000e+00,True
reversal_curriculum,s6_t3,random_amplitude,posterior_calibration_num_test,mean,4,4,0.000e+00,0.000e+00,True
reversal_curriculum,s6_t3,random_amplitude,posterior_calibration_num_test,std,0,0,0.000e+00,0.000e+00,True
reversal_curriculum,s6_t3,random_amplitude,posterior_calibration_num_test,median,4,4,0.000e+00,0.000e+00,True
reversal_curriculum,s6_t3,random_amplitude,posterior_calibration_num_test,iqr,0,0,0.000e+00,0.000e+00,True
reversal_curriculum,s6_t3,pre_stress,sparse_observation_relative_l2,mean,1.47374742031,1.47374742031,0.000e+00,0.000e+00,True
reversal_curriculum,s6_t3,pre_stress,sparse_observation_relative_l2,std,0.216052194672,0.216052194672,2.776e-17,2.776e-17,True
reversal_curriculum,s6_t3,pre_stress,sparse_observation_relative_l2,median,1.57097315788,1.57097315788,0.000e+00,0.000e+00,True
reversal_curriculum,s6_t3,pre_stress,sparse_observation_relative_l2,iqr,0.109505534172,0.109505534172,0.000e+00,0.000e+00,True
reversal_curriculum,s6_t3,pre_stress,rollout_displacement_relative_l2,mean,1.2267280817,1.2267280817,0.000e+00,0.000e+00,True
reversal_curriculum,s6_t3,pre_stress,rollout_displacement_relative_l2,std,0.101948333153,0.101948333153,0.000e+00,0.000e+00,True
reversal_curriculum,s6_t3,pre_stress,rollout_displacement_relative_l2,median,1.2414239645,1.2414239645,0.000e+00,0.000e+00,True
reversal_curriculum,s6_t3,pre_stress,rollout_displacement_relative_l2,iqr,0.0450546741486,0.0450546741486,0.000e+00,0.000e+00,True
reversal_curriculum,s6_t3,pre_stress,material_parameter_relative_l2,mean,0.264671257138,0.264671257138,0.000e+00,0.000e+00,True
reversal_curriculum,s6_t3,pre_stress,material_parameter_relative_l2,std,0.0852372504233,0.0852372504233,0.000e+00,0.000e+00,True
reversal_curriculum,s6_t3,pre_stress,material_parameter_relative_l2,median,0.286567091942,0.286567091942,0.000e+00,0.000e+00,True
reversal_curriculum,s6_t3,pre_stress,material_parameter_relative_l2,iqr,0.12517143786,0.12517143786,0.000e+00,0.000e+00,True
reversal_curriculum,s6_t3,pre_stress,material_parameter_coverage_95,mean,0.100000004098,0.100000004098,0.000e+00,0.000e+00,True
reversal_curriculum,s6_t3,pre_stress,material_parameter_coverage_95,std,0.178851475654,0.178851475654,0.000e+00,0.000e+00,True
reversal_curriculum,s6_t3,pre_stress,material_parameter_coverage_95,median,0.0208333339542,0.0208333339542,0.000e+00,0.000e+00,True
reversal_curriculum,s6_t3,pre_stress,material_parameter_coverage_95,iqr,0.0625,0.0625,0.000e+00,0.000e+00,True
reversal_curriculum,s6_t3,pre_stress,material_parameter_ece,mean,0.712499976158,0.712499976158,0.000e+00,0.000e+00,True
reversal_curriculum,s6_t3,pre_stress,material_parameter_ece,std,0.142093038031,0.142093038031,0.000e+00,0.000e+00,True
reversal_curriculum,s6_t3,pre_stress,material_parameter_ece,median,0.771875023842,0.771875023842,0.000e+00,0.000e+00,True
reversal_curriculum,s6_t3,pre_stress,material_parameter_ece,iqr,0.03125,0.03125,0.000e+00,0.000e+00,True
reversal_curriculum,s6_t3,pre_stress,material_parameter_nll,mean,80123.0934326,80123.0934326,0.000e+00,0.000e+00,True
reversal_curriculum,s6_t3,pre_stress,material_parameter_nll,std,134535.455335,134535.455335,0.000e+00,0.000e+00,True
reversal_curriculum,s6_t3,pre_stress,material_parameter_nll,median,2730.46606445,2730.46606445,0.000e+00,0.000e+00,True
reversal_curriculum,s6_t3,pre_stress,material_parameter_nll,iqr,79494.9396973,79494.9396973,0.000e+00,0.000e+00,True
reversal_curriculum,s6_t3,pre_stress,calibrated_material_parameter_coverage_95,mean,0.983333349228,0.983333349228,0.000e+00,0.000e+00,True
reversal_curriculum,s6_t3,pre_stress,calibrated_material_parameter_coverage_95,std,0.0228217514648,0.0228217514648,0.000e+00,0.000e+00,True
reversal_curriculum,s6_t3,pre_stress,calibrated_material_parameter_coverage_95,median,1,1,0.000e+00,0.000e+00,True
reversal_curriculum,s6_t3,pre_stress,calibrated_material_parameter_coverage_95,iqr,0.0416666269302,0.0416666269302,0.000e+00,0.000e+00,True
reversal_curriculum,s6_t3,pre_stress,calibrated_material_parameter_ece,mean,0.154166689515,0.154166689515,0.000e+00,0.000e+00,True
reversal_curriculum,s6_t3,pre_stress,calibrated_material_parameter_ece,std,0.0568639245464,0.0568639245464,0.000e+00,0.000e+00,True
reversal_curriculum,s6_t3,pre_stress,calibrated_material_parameter_ece,median,0.170833349228,0.170833349228,0.000e+00,0.000e+00,True
reversal_curriculum,s6_t3,pre_stress,calibrated_material_parameter_ece,iqr,0.020833298564,0.020833298564,0.000e+00,0.000e+00,True
reversal_curriculum,s6_t3,pre_stress,calibrated_material_parameter_nll,mean,1.82489839792,1.82489839792,0.000e+00,0.000e+00,True
reversal_curriculum,s6_t3,pre_stress,calibrated_material_parameter_nll,std,1.5721893341,1.5721893341,0.000e+00,0.000e+00,True
reversal_curriculum,s6_t3,pre_stress,calibrated_material_parameter_nll,median,1.00011992455,1.00011992455,0.000e+00,0.000e+00,True
reversal_curriculum,s6_t3,pre_stress,calibrated_material_parameter_nll,iqr,2.75746655464,2.75746655464,0.000e+00,0.000e+00,True
reversal_curriculum,s6_t3,pre_stress,calibrated_material_parameter_spread_scale,mean,744.010716248,744.010716248,0.000e+00,0.000e+00,True
reversal_curriculum,s6_t3,pre_stress,calibrated_material_parameter_spread_scale,std,1200.87707864,1200.87707864,2.274e-13,1.893e-16,True
reversal_curriculum,s6_t3,pre_stress,calibrated_material_parameter_spread_scale,median,172.535934448,172.535934448,0.000e+00,0.000e+00,True
reversal_curriculum,s6_t3,pre_stress,calibrated_material_parameter_spread_scale,iqr,255.519439697,255.519439697,0.000e+00,0.000e+00,True
reversal_curriculum,s6_t3,pre_stress,history_relative_l2,mean,0.77973524332,0.77973524332,0.000e+00,0.000e+00,True
reversal_curriculum,s6_t3,pre_stress,history_relative_l2,std,0.104457956853,0.104457956853,0.000e+00,0.000e+00,True
reversal_curriculum,s6_t3,pre_stress,history_relative_l2,median,0.759997546673,0.759997546673,0.000e+00,0.000e+00,True
reversal_curriculum,s6_t3,pre_stress,history_relative_l2,iqr,0.138114929199,0.138114929199,0.000e+00,0.000e+00,True
reversal_curriculum,s6_t3,pre_stress,history_final_relative_l2,mean,0.556504058838,0.556504058838,0.000e+00,0.000e+00,True
reversal_curriculum,s6_t3,pre_stress,history_final_relative_l2,std,0.278623873366,0.278623873366,0.000e+00,0.000e+00,True
reversal_curriculum,s6_t3,pre_stress,history_final_relative_l2,median,0.507135570049,0.507135570049,0.000e+00,0.000e+00,True
reversal_curriculum,s6_t3,pre_stress,history_final_relative_l2,iqr,0.438179403543,0.438179403543,0.000e+00,0.000e+00,True
reversal_curriculum,s6_t3,pre_stress,history_coverage_95,mean,0.0498286283575,0.0498286283575,0.000e+00,0.000e+00,True
reversal_curriculum,s6_t3,pre_stress,history_coverage_95,std,0.0351306431134,0.0351306431134,0.000e+00,0.000e+00,True
reversal_curriculum,s6_t3,pre_stress,history_coverage_95,median,0.0541330650449,0.0541330650449,0.000e+00,0.000e+00,True
reversal_curriculum,s6_t3,pre_stress,history_coverage_95,iqr,0.0596774183214,0.0596774183214,0.000e+00,0.000e+00,True
reversal_curriculum,s6_t3,pre_stress,history_ece,mean,0.740309965611,0.740309965611,0.000e+00,0.000e+00,True
reversal_curriculum,s6_t3,pre_stress,history_ece,std,0.0339695400533,0.0339695400533,6.939e-18,6.939e-18,True
reversal_curriculum,s6_t3,pre_stress,history_ece,median,0.736176908016,0.736176908016,0.000e+00,0.000e+00,True
reversal_curriculum,s6_t3,pre_stress,history_ece,iqr,0.0584299564362,0.0584299564362,0.000e+00,0.000e+00,True
reversal_curriculum,s6_t3,pre_stress,history_nll,mean,600694.129687,600694.129687,0.000e+00,0.000e+00,True
reversal_curriculum,s6_t3,pre_stress,history_nll,std,488092.323677,488092.323677,0.000e+00,0.000e+00,True
reversal_curriculum,s6_t3,pre_stress,history_nll,median,401159.59375,401159.59375,0.000e+00,0.000e+00,True
reversal_curriculum,s6_t3,pre_stress,history_nll,iqr,433379.40625,433379.40625,0.000e+00,0.000e+00,True
reversal_curriculum,s6_t3,pre_stress,calibrated_history_coverage_95,mean,0.892540299892,0.892540299892,0.000e+00,0.000e+00,True
reversal_curriculum,s6_t3,pre_stress,calibrated_history_coverage_95,std,0.0303126595398,0.0303126595398,0.000e+00,0.000e+00,True
reversal_curriculum,s6_t3,pre_stress,calibrated_history_coverage_95,median,0.899899184704,0.899899184704,0.000e+00,0.000e+00,True
reversal_curriculum,s6_t3,pre_stress,calibrated_history_coverage_95,iqr,0.0270161032677,0.0270161032677,0.000e+00,0.000e+00,True
reversal_curriculum,s6_t3,pre_stress,calibrated_history_ece,mean,0.126466733217,0.126466733217,0.000e+00,0.000e+00,True
reversal_curriculum,s6_t3,pre_stress,calibrated_history_ece,std,0.00461558519776,0.00461558519776,0.000e+00,0.000e+00,True
reversal_curriculum,s6_t3,pre_stress,calibrated_history_ece,median,0.126134067774,0.126134067774,0.000e+00,0.000e+00,True
reversal_curriculum,s6_t3,pre_stress,calibrated_history_ece,iqr,0.00471270084381,0.00471270084381,0.000e+00,0.000e+00,True
reversal_curriculum,s6_t3,pre_stress,calibrated_history_nll,mean,1163.39119482,1163.39119482,0.000e+00,0.000e+00,True
reversal_curriculum,s6_t3,pre_stress,calibrated_history_nll,std,1353.97148161,1353.97148161,2.274e-13,1.679e-16,True
reversal_curriculum,s6_t3,pre_stress,calibrated_history_nll,median,609.704040527,609.704040527,0.000e+00,0.000e+00,True
reversal_curriculum,s6_t3,pre_stress,calibrated_history_nll,iqr,2210.8066473,2210.8066473,0.000e+00,0.000e+00,True
reversal_curriculum,s6_t3,pre_stress,calibrated_history_spread_scale,mean,10000,10000,0.000e+00,0.000e+00,True
reversal_curriculum,s6_t3,pre_stress,calibrated_history_spread_scale,std,0,0,0.000e+00,0.000e+00,True
reversal_curriculum,s6_t3,pre_stress,calibrated_history_spread_scale,median,10000,10000,0.000e+00,0.000e+00,True
reversal_curriculum,s6_t3,pre_stress,calibrated_history_spread_scale,iqr,0,0,0.000e+00,0.000e+00,True
reversal_curriculum,s6_t3,pre_stress,field_coverage_95,mean,0.00755208385526,0.00755208385526,0.000e+00,0.000e+00,True
reversal_curriculum,s6_t3,pre_stress,field_coverage_95,std,0.0142921822513,0.0142921822513,0.000e+00,0.000e+00,True
reversal_curriculum,s6_t3,pre_stress,field_coverage_95,median,0.000813802122138,0.000813802122138,0.000e+00,0.000e+00,True
reversal_curriculum,s6_t3,pre_stress,field_coverage_95,iqr,0.00260416674428,0.00260416674428,0.000e+00,0.000e+00,True
reversal_curriculum,s6_t3,pre_stress,field_ece,mean,0.781079101563,0.781079101563,0.000e+00,0.000e+00,True
reversal_curriculum,s6_t3,pre_stress,field_ece,std,0.0124731618032,0.0124731618032,0.000e+00,0.000e+00,True
reversal_curriculum,s6_t3,pre_stress,field_ece,median,0.786889612675,0.786889612675,0.000e+00,0.000e+00,True
reversal_curriculum,s6_t3,pre_stress,field_ece,iqr,0.00195318460464,0.00195318460464,0.000e+00,0.000e+00,True
reversal_curriculum,s6_t3,pre_stress,field_nll,mean,24721.1007812,24721.1007812,0.000e+00,0.000e+00,True
reversal_curriculum,s6_t3,pre_stress,field_nll,std,6261.44450415,6261.44450415,9.095e-13,1.453e-16,True
reversal_curriculum,s6_t3,pre_stress,field_nll,median,28018.7773438,28018.7773438,0.000e+00,0.000e+00,True
reversal_curriculum,s6_t3,pre_stress,field_nll,iqr,9915.04101562,9915.04101562,0.000e+00,0.000e+00,True
reversal_curriculum,s6_t3,pre_stress,field_crps,mean,0.0178586535156,0.0178586535156,0.000e+00,0.000e+00,True
reversal_curriculum,s6_t3,pre_stress,field_crps,std,0.00306776891959,0.00306776891959,0.000e+00,0.000e+00,True
reversal_curriculum,s6_t3,pre_stress,field_crps,median,0.0192091800272,0.0192091800272,0.000e+00,0.000e+00,True
reversal_curriculum,s6_t3,pre_stress,field_crps,iqr,0.00219846330583,0.00219846330583,0.000e+00,0.000e+00,True
reversal_curriculum,s6_t3,pre_stress,calibrated_field_coverage_95,mean,0.861523449421,0.861523449421,0.000e+00,0.000e+00,True
reversal_curriculum,s6_t3,pre_stress,calibrated_field_coverage_95,std,0.143256288046,0.143256288046,0.000e+00,0.000e+00,True
reversal_curriculum,s6_t3,pre_stress,calibrated_field_coverage_95,median,0.900390625,0.900390625,0.000e+00,0.000e+00,True
reversal_curriculum,s6_t3,pre_stress,calibrated_field_coverage_95,iqr,0.0647786855698,0.0647786855698,0.000e+00,0.000e+00,True
reversal_curriculum,s6_t3,pre_stress,calibrated_field_ece,mean,0.117565101385,0.117565101385,0.000e+00,0.000e+00,True
reversal_curriculum,s6_t3,pre_stress,calibrated_field_ece,std,0.0670436810853,0.0670436810853,1.388e-17,1.388e-17,True
reversal_curriculum,s6_t3,pre_stress,calibrated_field_ece,median,0.12000323832,0.12000323832,0.000e+00,0.000e+00,True
reversal_curriculum,s6_t3,pre_stress,calibrated_field_ece,iqr,0.0241862386465,0.0241862386465,0.000e+00,0.000e+00,True
reversal_curriculum,s6_t3,pre_stress,calibrated_field_nll,mean,6.26361393034,6.26361393034,0.000e+00,0.000e+00,True
reversal_curriculum,s6_t3,pre_stress,calibrated_field_nll,std,17.4631210543,17.4631210543,3.553e-15,2.034e-16,True
reversal_curriculum,s6_t3,pre_stress,calibrated_field_nll,median,-1.67560327053,-1.67560327053,0.000e+00,0.000e+00,True
reversal_curriculum,s6_t3,pre_stress,calibrated_field_nll,iqr,1.88916786015,1.88916786015,0.000e+00,0.000e+00,True
reversal_curriculum,s6_t3,pre_stress,calibrated_field_crps,mean,0.152366482094,0.152366482094,0.000e+00,0.000e+00,True
reversal_curriculum,s6_t3,pre_stress,calibrated_field_crps,std,0.266744324264,0.266744324264,0.000e+00,0.000e+00,True
reversal_curriculum,s6_t3,pre_stress,calibrated_field_crps,median,0.0221471525729,0.0221471525729,0.000e+00,0.000e+00,True
reversal_curriculum,s6_t3,pre_stress,calibrated_field_crps,iqr,0.0637369155884,0.0637369155884,0.000e+00,0.000e+00,True
reversal_curriculum,s6_t3,pre_stress,calibrated_field_spread_scale,mean,3458.0182373,3458.0182373,0.000e+00,0.000e+00,True
reversal_curriculum,s6_t3,pre_stress,calibrated_field_spread_scale,std,3748.1280772,3748.1280772,4.547e-13,1.213e-16,True
reversal_curriculum,s6_t3,pre_stress,calibrated_field_spread_scale,median,1879.26367188,1879.26367188,0.000e+00,0.000e+00,True
reversal_curriculum,s6_t3,pre_stress,calibrated_field_spread_scale,iqr,1822.31347656,1822.31347656,0.000e+00,0.000e+00,True
reversal_curriculum,s6_t3,pre_stress,posterior_calibration_num_calibration,mean,4,4,0.000e+00,0.000e+00,True
reversal_curriculum,s6_t3,pre_stress,posterior_calibration_num_calibration,std,0,0,0.000e+00,0.000e+00,True
reversal_curriculum,s6_t3,pre_stress,posterior_calibration_num_calibration,median,4,4,0.000e+00,0.000e+00,True
reversal_curriculum,s6_t3,pre_stress,posterior_calibration_num_calibration,iqr,0,0,0.000e+00,0.000e+00,True
reversal_curriculum,s6_t3,pre_stress,posterior_calibration_num_test,mean,4,4,0.000e+00,0.000e+00,True
reversal_curriculum,s6_t3,pre_stress,posterior_calibration_num_test,std,0,0,0.000e+00,0.000e+00,True
reversal_curriculum,s6_t3,pre_stress,posterior_calibration_num_test,median,4,4,0.000e+00,0.000e+00,True
reversal_curriculum,s6_t3,pre_stress,posterior_calibration_num_test,iqr,0,0,0.000e+00,0.000e+00,True
family_upper_bound,s2_t2,monotonic,sparse_observation_relative_l2,mean,2.08956006765,2.08956006765,0.000e+00,0.000e+00,True
family_upper_bound,s2_t2,monotonic,sparse_observation_relative_l2,std,2.05848486262,2.05848486262,0.000e+00,0.000e+00,True
family_upper_bound,s2_t2,monotonic,sparse_observation_relative_l2,median,1.06245291233,1.06245291233,0.000e+00,0.000e+00,True
family_upper_bound,s2_t2,monotonic,sparse_observation_relative_l2,iqr,1.26017171144,1.26017171144,0.000e+00,0.000e+00,True
family_upper_bound,s2_t2,monotonic,rollout_displacement_relative_l2,mean,1.78639720678,1.78639720678,0.000e+00,0.000e+00,True
family_upper_bound,s2_t2,monotonic,rollout_displacement_relative_l2,std,1.69726810571,1.69726810571,0.000e+00,0.000e+00,True
family_upper_bound,s2_t2,monotonic,rollout_displacement_relative_l2,median,0.835294187069,0.835294187069,0.000e+00,0.000e+00,True
family_upper_bound,s2_t2,monotonic,rollout_displacement_relative_l2,iqr,0.90503269434,0.90503269434,0.000e+00,0.000e+00,True
family_upper_bound,s2_t2,monotonic,material_parameter_relative_l2,mean,0.298726440966,0.298726440966,0.000e+00,0.000e+00,True
family_upper_bound,s2_t2,monotonic,material_parameter_relative_l2,std,0.108322159427,0.108322159427,0.000e+00,0.000e+00,True
family_upper_bound,s2_t2,monotonic,material_parameter_relative_l2,median,0.328663796186,0.328663796186,0.000e+00,0.000e+00,True
family_upper_bound,s2_t2,monotonic,material_parameter_relative_l2,iqr,0.0128483772278,0.0128483772278,0.000e+00,0.000e+00,True
family_upper_bound,s2_t2,monotonic,material_parameter_coverage_95,mean,0.0208333335817,0.0208333335817,0.000e+00,0.000e+00,True
family_upper_bound,s2_t2,monotonic,material_parameter_coverage_95,std,0.029462782769,0.029462782769,0.000e+00,0.000e+00,True
family_upper_bound,s2_t2,monotonic,material_parameter_coverage_95,median,0,0,0.000e+00,0.000e+00,True
family_upper_bound,s2_t2,monotonic,material_parameter_coverage_95,iqr,0.0416666679084,0.0416666679084,0.000e+00,0.000e+00,True
family_upper_bound,s2_t2,monotonic,material_parameter_ece,mean,0.769791638851,0.769791638851,0.000e+00,0.000e+00,True
family_upper_bound,s2_t2,monotonic,material_parameter_ece,std,0.0248694401944,0.0248694401944,0.000e+00,0.000e+00,True
family_upper_bound,s2_t2,monotonic,material_parameter_ece,median,0.787499964237,0.787499964237,0.000e+00,0.000e+00,True
family_upper_bound,s2_t2,monotonic,material_parameter_ece,iqr,0.0364583134651,0.0364583134651,0.000e+00,0.000e+00,True
family_upper_bound,s2_t2,monotonic,material_parameter_nll,mean,581656.55166,581656.55166,0.000e+00,0.000e+00,True
family_upper_bound,s2_t2,monotonic,material_parameter_nll,std,1250528.94499,1250528.94499,0.000e+00,0.000e+00,True
family_upper_bound,s2_t2,monotonic,material_parameter_nll,median,32739.34375,32739.34375,0.000e+00,0.000e+00,True
family_upper_bound,s2_t2,monotonic,material_parameter_nll,iqr,27835.7353516,27835.7353516,0.000e+00,0.000e+00,True
family_upper_bound,s2_t2,monotonic,calibrated_material_parameter_coverage_95,mean,0.983333337307,0.983333337307,0.000e+00,0.000e+00,True
family_upper_bound,s2_t2,monotonic,calibrated_material_parameter_coverage_95,std,0.0372677907397,0.0372677907397,0.000e+00,0.000e+00,True
family_upper_bound,s2_t2,monotonic,calibrated_material_parameter_coverage_95,median,1,1,0.000e+00,0.000e+00,True
family_upper_bound,s2_t2,monotonic,calibrated_material_parameter_coverage_95,iqr,0,0,0.000e+00,0.000e+00,True
family_upper_bound,s2_t2,monotonic,calibrated_material_parameter_ece,mean,0.160000008345,0.160000008345,0.000e+00,0.000e+00,True
family_upper_bound,s2_t2,monotonic,calibrated_material_parameter_ece,std,0.0544344425379,0.0544344425379,0.000e+00,0.000e+00,True
family_upper_bound,s2_t2,monotonic,calibrated_material_parameter_ece,median,0.160416677594,0.160416677594,0.000e+00,0.000e+00,True
family_upper_bound,s2_t2,monotonic,calibrated_material_parameter_ece,iqr,0.0520833283663,0.0520833283663,0.000e+00,0.000e+00,True
family_upper_bound,s2_t2,monotonic,calibrated_material_parameter_nll,mean,1.90976184607,1.90976184607,0.000e+00,0.000e+00,True
family_upper_bound,s2_t2,monotonic,calibrated_material_parameter_nll,std,1.64542558828,1.64542558828,0.000e+00,0.000e+00,True
family_upper_bound,s2_t2,monotonic,calibrated_material_parameter_nll,median,1.24069499969,1.24069499969,0.000e+00,0.000e+00,True
family_upper_bound,s2_t2,monotonic,calibrated_material_parameter_nll,iqr,1.85717439651,1.85717439651,0.000e+00,0.000e+00,True
family_upper_bound,s2_t2,monotonic,calibrated_material_parameter_spread_scale,mean,2462.06435547,2462.06435547,0.000e+00,0.000e+00,True
family_upper_bound,s2_t2,monotonic,calibrated_material_parameter_spread_scale,std,4229.91053923,4229.91053923,0.000e+00,0.000e+00,True
family_upper_bound,s2_t2,monotonic,calibrated_material_parameter_spread_scale,median,735.482849121,735.482849121,0.000e+00,0.000e+00,True
family_upper_bound,s2_t2,monotonic,calibrated_material_parameter_spread_scale,iqr,813.272918701,813.272918701,0.000e+00,0.000e+00,True
family_upper_bound,s2_t2,monotonic,history_relative_l2,mean,0.721831977367,0.721831977367,0.000e+00,0.000e+00,True
family_upper_bound,s2_t2,monotonic,history_relative_l2,std,0.189144149543,0.189144149543,0.000e+00,0.000e+00,True
family_upper_bound,s2_t2,monotonic,history_relative_l2,median,0.740343749523,0.740343749523,0.000e+00,0.000e+00,True
family_upper_bound,s2_t2,monotonic,history_relative_l2,iqr,0.154713869095,0.154713869095,0.000e+00,0.000e+00,True
family_upper_bound,s2_t2,monotonic,history_final_relative_l2,mean,0.554667747021,0.554667747021,0.000e+00,0.000e+00,True
family_upper_bound,s2_t2,monotonic,history_final_relative_l2,std,0.31871064334,0.31871064334,0.000e+00,0.000e+00,True
family_upper_bound,s2_t2,monotonic,history_final_relative_l2,median,0.646640837193,0.646640837193,0.000e+00,0.000e+00,True
family_upper_bound,s2_t2,monotonic,history_final_relative_l2,iqr,0.484928190708,0.484928190708,0.000e+00,0.000e+00,True
family_upper_bound,s2_t2,monotonic,history_coverage_95,mean,0.0303320316598,0.0303320316598,0.000e+00,0.000e+00,True
family_upper_bound,s2_t2,monotonic,history_coverage_95,std,0.0199258064026,0.0199258064026,0.000e+00,0.000e+00,True
family_upper_bound,s2_t2,monotonic,history_coverage_95,median,0.0230468753725,0.0230468753725,0.000e+00,0.000e+00,True
family_upper_bound,s2_t2,monotonic,history_coverage_95,iqr,0.0196289066225,0.0196289066225,0.000e+00,0.000e+00,True
family_upper_bound,s2_t2,monotonic,history_ece,mean,0.758759748936,0.758759748936,0.000e+00,0.000e+00,True
family_upper_bound,s2_t2,monotonic,history_ece,std,0.0198505035873,0.0198505035873,0.000e+00,0.000e+00,True
family_upper_bound,s2_t2,monotonic,history_ece,median,0.767126441002,0.767126441002,0.000e+00,0.000e+00,True
family_upper_bound,s2_t2,monotonic,history_ece,iqr,0.0191528201103,0.0191528201103,0.000e+00,0.000e+00,True
family_upper_bound,s2_t2,monotonic,history_nll,mean,956098.910937,956098.910937,0.000e+00,0.000e+00,True
family_upper_bound,s2_t2,monotonic,history_nll,std,1299096.56176,1299096.56176,0.000e+00,0.000e+00,True
family_upper_bound,s2_t2,monotonic,history_nll,median,233294.28125,233294.28125,0.000e+00,0.000e+00,True
family_upper_bound,s2_t2,monotonic,history_nll,iqr,1021804.14062,1021804.14062,0.000e+00,0.000e+00,True
family_upper_bound,s2_t2,monotonic,calibrated_history_coverage_95,mean,0.859511733055,0.859511733055,0.000e+00,0.000e+00,True
family_upper_bound,s2_t2,monotonic,calibrated_history_coverage_95,std,0.0777508485092,0.0777508485092,0.000e+00,0.000e+00,True
family_upper_bound,s2_t2,monotonic,calibrated_history_coverage_95,median,0.855371117592,0.855371117592,0.000e+00,0.000e+00,True
family_upper_bound,s2_t2,monotonic,calibrated_history_coverage_95,iqr,0.101660192013,0.101660192013,0.000e+00,0.000e+00,True
family_upper_bound,s2_t2,monotonic,calibrated_history_ece,mean,0.129648432136,0.129648432136,0.000e+00,0.000e+00,True
family_upper_bound,s2_t2,monotonic,calibrated_history_ece,std,0.0193138129611,0.0193138129611,0.000e+00,0.000e+00,True
family_upper_bound,s2_t2,monotonic,calibrated_history_ece,median,0.119482412934,0.119482412934,0.000e+00,0.000e+00,True
family_upper_bound,s2_t2,monotonic,calibrated_history_ece,iqr,0.0319579988718,0.0319579988718,0.000e+00,0.000e+00,True
family_upper_bound,s2_t2,monotonic,calibrated_history_nll,mean,13263.0693329,13263.0693329,0.000e+00,0.000e+00,True
family_upper_bound,s2_t2,monotonic,calibrated_history_nll,std,17107.83463,17107.83463,0.000e+00,0.000e+00,True
family_upper_bound,s2_t2,monotonic,calibrated_history_nll,median,4336.06298828,4336.06298828,0.000e+00,0.000e+00,True
family_upper_bound,s2_t2,monotonic,calibrated_history_nll,iqr,21087.0610962,21087.0610962,0.000e+00,0.000e+00,True
family_upper_bound,s2_t2,monotonic,calibrated_history_spread_scale,mean,8923.21699219,8923.21699219,0.000e+00,0.000e+00,True
family_upper_bound,s2_t2,monotonic,calibrated_history_spread_scale,std,2407.76000249,2407.76000249,4.547e-13,1.889e-16,True
family_upper_bound,s2_t2,monotonic,calibrated_history_spread_scale,median,10000,10000,0.000e+00,0.000e+00,True
family_upper_bound,s2_t2,monotonic,calibrated_history_spread_scale,iqr,0,0,0.000e+00,0.000e+00,True
family_upper_bound,s2_t2,monotonic,field_coverage_95,mean,0.000878906296566,0.000878906296566,0.000e+00,0.000e+00,True
family_upper_bound,s2_t2,monotonic,field_coverage_95,std,0.000826720425317,0.000826720425317,1.084e-19,1.084e-19,True
family_upper_bound,s2_t2,monotonic,field_coverage_95,median,0.00113932299428,0.00113932299428,0.000e+00,0.000e+00,True
family_upper_bound,s2_t2,monotonic,field_coverage_95,iqr,0.00162760424428,0.00162760424428,0.000e+00,0.000e+00,True
family_upper_bound,s2_t2,monotonic,field_ece,mean,0.786791968346,0.786791968346,0.000e+00,0.000e+00,True
family_upper_bound,s2_t2,monotonic,field_ece,std,0.000668967468907,0.000668967468907,0.000e+00,0.000e+00,True
family_upper_bound,s2_t2,monotonic,field_ece,median,0.78656411171,0.78656411171,0.000e+00,0.000e+00,True
family_upper_bound,s2_t2,monotonic,field_ece,iqr,0.00117999315262,0.00117999315262,0.000e+00,0.000e+00,True
family_upper_bound,s2_t2,monotonic,field_nll,mean,200380.161719,200380.161719,0.000e+00,0.000e+00,True
family_upper_bound,s2_t2,monotonic,field_nll,std,354197.602564,354197.602564,5.821e-11,1.643e-16,True
family_upper_bound,s2_t2,monotonic,field_nll,median,25211.9648438,25211.9648438,0.000e+00,0.000e+00,True
family_upper_bound,s2_t2,monotonic,field_nll,iqr,78285.2929688,78285.2929688,0.000e+00,0.000e+00,True
family_upper_bound,s2_t2,monotonic,field_crps,mean,0.0330645110458,0.0330645110458,0.000e+00,0.000e+00,True
family_upper_bound,s2_t2,monotonic,field_crps,std,0.0326913400314,0.0326913400314,0.000e+00,0.000e+00,True
family_upper_bound,s2_t2,monotonic,field_crps,median,0.0146112851799,0.0146112851799,0.000e+00,0.000e+00,True
family_upper_bound,s2_t2,monotonic,field_crps,iqr,0.0220204256475,0.0220204256475,0.000e+00,0.000e+00,True
family_upper_bound,s2_t2,monotonic,calibrated_field_coverage_95,mean,0.902799499035,0.902799499035,0.000e+00,0.000e+00,True
family_upper_bound,s2_t2,monotonic,calibrated_field_coverage_95,std,0.120354384291,0.120354384291,1.388e-17,1.388e-17,True
family_upper_bound,s2_t2,monotonic,calibrated_field_coverage_95,median,0.96712243557,0.96712243557,0.000e+00,0.000e+00,True
family_upper_bound,s2_t2,monotonic,calibrated_field_coverage_95,iqr,0.171549499035,0.171549499035,0.000e+00,0.000e+00,True
family_upper_bound,s2_t2,monotonic,calibrated_field_ece,mean,0.160322266817,0.160322266817,0.000e+00,0.000e+00,True
family_upper_bound,s2_t2,monotonic,calibrated_field_ece,std,0.0468070302709,0.0468070302709,6.939e-18,6.939e-18,True
family_upper_bound,s2_t2,monotonic,calibrated_field_ece,median,0.165429651737,0.165429651737,0.000e+00,0.000e+00,True
family_upper_bound,s2_t2,monotonic,calibrated_field_ece,iqr,0.0410970002413,0.0410970002413,0.000e+00,0.000e+00,True
family_upper_bound,s2_t2,monotonic,calibrated_field_nll,mean,-1.25550397635,-1.25550397635,0.000e+00,0.000e+00,True
family_upper_bound,s2_t2,monotonic,calibrated_field_nll,std,0.538027360728,0.538027360728,0.000e+00,0.000e+00,True
family_upper_bound,s2_t2,monotonic,calibrated_field_nll,median,-1.3677084446,-1.3677084446,0.000e+00,0.000e+00,True
family_upper_bound,s2_t2,monotonic,calibrated_field_nll,iqr,0.838656067848,0.838656067848,0.000e+00,0.000e+00,True
family_upper_bound,s2_t2,monotonic,calibrated_field_crps,mean,0.0471924010664,0.0471924010664,0.000e+00,0.000e+00,True
family_upper_bound,s2_t2,monotonic,calibrated_field_crps,std,0.0236536146039,0.0236536146039,0.000e+00,0.000e+00,True
family_upper_bound,s2_t2,monotonic,calibrated_field_crps,median,0.0453610569239,0.0453610569239,0.000e+00,0.000e+00,True
family_upper_bound,s2_t2,monotonic,calibrated_field_crps,iqr,0.0350094530731,0.0350094530731,0.000e+00,0.000e+00,True
family_upper_bound,s2_t2,monotonic,calibrated_field_spread_scale,mean,5914.16298828,5914.16298828,0.000e+00,0.000e+00,True
family_upper_bound,s2_t2,monotonic,calibrated_field_spread_scale,std,4014.0677496,4014.0677496,0.000e+00,0.000e+00,True
family_upper_bound,s2_t2,monotonic,calibrated_field_spread_scale,median,8116.03027344,8116.03027344,0.000e+00,0.000e+00,True
family_upper_bound,s2_t2,monotonic,calibrated_field_spread_scale,iqr,6385.13037109,6385.13037109,0.000e+00,0.000e+00,True
family_upper_bound,s2_t2,monotonic,posterior_calibration_num_calibration,mean,4,4,0.000e+00,0.000e+00,True
family_upper_bound,s2_t2,monotonic,posterior_calibration_num_calibration,std,0,0,0.000e+00,0.000e+00,True
family_upper_bound,s2_t2,monotonic,posterior_calibration_num_calibration,median,4,4,0.000e+00,0.000e+00,True
family_upper_bound,s2_t2,monotonic,posterior_calibration_num_calibration,iqr,0,0,0.000e+00,0.000e+00,True
family_upper_bound,s2_t2,monotonic,posterior_calibration_num_test,mean,4,4,0.000e+00,0.000e+00,True
family_upper_bound,s2_t2,monotonic,posterior_calibration_num_test,std,0,0,0.000e+00,0.000e+00,True
family_upper_bound,s2_t2,monotonic,posterior_calibration_num_test,median,4,4,0.000e+00,0.000e+00,True
family_upper_bound,s2_t2,monotonic,posterior_calibration_num_test,iqr,0,0,0.000e+00,0.000e+00,True
family_upper_bound,s2_t2,unload_reload,sparse_observation_relative_l2,mean,2118358991.06,2118358991.06,0.000e+00,0.000e+00,True
family_upper_bound,s2_t2,unload_reload,sparse_observation_relative_l2,std,3232625537.88,3232625537.88,0.000e+00,0.000e+00,True
family_upper_bound,s2_t2,unload_reload,sparse_observation_relative_l2,median,5.31474399567,5.31474399567,0.000e+00,0.000e+00,True
family_upper_bound,s2_t2,unload_reload,sparse_observation_relative_l2,iqr,3278022908.85,3278022908.85,0.000e+00,0.000e+00,True
family_upper_bound,s2_t2,unload_reload,rollout_displacement_relative_l2,mean,1.52063920498,1.52063920498,0.000e+00,0.000e+00,True
family_upper_bound,s2_t2,unload_reload,rollout_displacement_relative_l2,std,1.15606236424,1.15606236424,0.000e+00,0.000e+00,True
family_upper_bound,s2_t2,unload_reload,rollout_displacement_relative_l2,median,0.878793656826,0.878793656826,0.000e+00,0.000e+00,True
family_upper_bound,s2_t2,unload_reload,rollout_displacement_relative_l2,iqr,0.678660452366,0.678660452366,0.000e+00,0.000e+00,True
family_upper_bound,s2_t2,unload_reload,material_parameter_relative_l2,mean,0.279748895764,0.279748895764,0.000e+00,0.000e+00,True
family_upper_bound,s2_t2,unload_reload,material_parameter_relative_l2,std,0.113860128958,0.113860128958,0.000e+00,0.000e+00,True
family_upper_bound,s2_t2,unload_reload,material_parameter_relative_l2,median,0.306487351656,0.306487351656,0.000e+00,0.000e+00,True
family_upper_bound,s2_t2,unload_reload,material_parameter_relative_l2,iqr,0.102746680379,0.102746680379,0.000e+00,0.000e+00,True
family_upper_bound,s2_t2,unload_reload,material_parameter_coverage_95,mean,0.00416666679084,0.00416666679084,0.000e+00,0.000e+00,True
family_upper_bound,s2_t2,unload_reload,material_parameter_coverage_95,std,0.00931695018392,0.00931695018392,1.735e-18,1.735e-18,True
family_upper_bound,s2_t2,unload_reload,material_parameter_coverage_95,median,0,0,0.000e+00,0.000e+00,True
family_upper_bound,s2_t2,unload_reload,material_parameter_coverage_95,iqr,0,0,0.000e+00,0.000e+00,True
family_upper_bound,s2_t2,unload_reload,material_parameter_ece,mean,0.783333301544,0.783333301544,0.000e+00,0.000e+00,True
family_upper_bound,s2_t2,unload_reload,material_parameter_ece,std,0.00931694102091,0.00931694102091,0.000e+00,0.000e+00,True
family_upper_bound,s2_t2,unload_reload,material_parameter_ece,median,0.787499964237,0.787499964237,0.000e+00,0.000e+00,True
family_upper_bound,s2_t2,unload_reload,material_parameter_ece,iqr,0,0,0.000e+00,0.000e+00,True
family_upper_bound,s2_t2,unload_reload,material_parameter_nll,mean,64230.9722656,64230.9722656,0.000e+00,0.000e+00,True
family_upper_bound,s2_t2,unload_reload,material_parameter_nll,std,103164.120857,103164.120857,0.000e+00,0.000e+00,True
family_upper_bound,s2_t2,unload_reload,material_parameter_nll,median,18889.3125,18889.3125,0.000e+00,0.000e+00,True
family_upper_bound,s2_t2,unload_reload,material_parameter_nll,iqr,18774.2041016,18774.2041016,0.000e+00,0.000e+00,True
family_upper_bound,s2_t2,unload_reload,calibrated_material_parameter_coverage_95,mean,0.991666674614,0.991666674614,0.000e+00,0.000e+00,True
family_upper_bound,s2_t2,unload_reload,calibrated_material_parameter_coverage_95,std,0.0186338820418,0.0186338820418,0.000e+00,0.000e+00,True
family_upper_bound,s2_t2,unload_reload,calibrated_material_parameter_coverage_95,median,1,1,0.000e+00,0.000e+00,True
family_upper_bound,s2_t2,unload_reload,calibrated_material_parameter_coverage_95,iqr,0,0,0.000e+00,0.000e+00,True
family_upper_bound,s2_t2,unload_reload,calibrated_material_parameter_ece,mean,0.168750017881,0.168750017881,0.000e+00,0.000e+00,True
family_upper_bound,s2_t2,unload_reload,calibrated_material_parameter_ece,std,0.0385557310786,0.0385557310786,0.000e+00,0.000e+00,True
family_upper_bound,s2_t2,unload_reload,calibrated_material_parameter_ece,median,0.160416677594,0.160416677594,0.000e+00,0.000e+00,True
family_upper_bound,s2_t2,unload_reload,calibrated_material_parameter_ece,iqr,0.0520833283663,0.0520833283663,0.000e+00,0.000e+00,True
family_upper_bound,s2_t2,unload_reload,calibrated_material_parameter_nll,mean,1.80133886337,1.80133886337,0.000e+00,0.000e+00,True
family_upper_bound,s2_t2,unload_reload,calibrated_material_parameter_nll,std,0.812062560686,0.812062560686,0.000e+00,0.000e+00,True
family_upper_bound,s2_t2,unload_reload,calibrated_material_parameter_nll,median,2.00739240646,2.00739240646,0.000e+00,0.000e+00,True
family_upper_bound,s2_t2,unload_reload,calibrated_material_parameter_nll,iqr,1.01839256287,1.01839256287,0.000e+00,0.000e+00,True
family_upper_bound,s2_t2,unload_reload,calibrated_material_parameter_spread_scale,mean,1002.19395447,1002.19395447,0.000e+00,0.000e+00,True
family_upper_bound,s2_t2,unload_reload,calibrated_material_parameter_spread_scale,std,1091.81920443,1091.81920443,0.000e+00,0.000e+00,True
family_upper_bound,s2_t2,unload_reload,calibrated_material_parameter_spread_scale,median,587.585876465,587.585876465,0.000e+00,0.000e+00,True
family_upper_bound,s2_t2,unload_reload,calibrated_material_parameter_spread_scale,iqr,368.461791992,368.461791992,0.000e+00,0.000e+00,True
family_upper_bound,s2_t2,unload_reload,history_relative_l2,mean,0.82121938467,0.82121938467,0.000e+00,0.000e+00,True
family_upper_bound,s2_t2,unload_reload,history_relative_l2,std,0.126100733832,0.126100733832,0.000e+00,0.000e+00,True
family_upper_bound,s2_t2,unload_reload,history_relative_l2,median,0.813794493675,0.813794493675,0.000e+00,0.000e+00,True
family_upper_bound,s2_t2,unload_reload,history_relative_l2,iqr,0.150221168995,0.150221168995,0.000e+00,0.000e+00,True
family_upper_bound,s2_t2,unload_reload,history_final_relative_l2,mean,0.579706725478,0.579706725478,0.000e+00,0.000e+00,True
family_upper_bound,s2_t2,unload_reload,history_final_relative_l2,std,0.233497276399,0.233497276399,2.776e-17,2.776e-17,True
family_upper_bound,s2_t2,unload_reload,history_final_relative_l2,median,0.656415224075,0.656415224075,0.000e+00,0.000e+00,True
family_upper_bound,s2_t2,unload_reload,history_final_relative_l2,iqr,0.231714427471,0.231714427471,0.000e+00,0.000e+00,True
family_upper_bound,s2_t2,unload_reload,history_coverage_95,mean,0.0622070323676,0.0622070323676,0.000e+00,0.000e+00,True
family_upper_bound,s2_t2,unload_reload,history_coverage_95,std,0.0326538610685,0.0326538610685,0.000e+00,0.000e+00,True
family_upper_bound,s2_t2,unload_reload,history_coverage_95,median,0.0786621123552,0.0786621123552,0.000e+00,0.000e+00,True
family_upper_bound,s2_t2,unload_reload,history_coverage_95,iqr,0.0239746086299,0.0239746086299,0.000e+00,0.000e+00,True
family_upper_bound,s2_t2,unload_reload,history_ece,mean,0.727021491528,0.727021491528,0.000e+00,0.000e+00,True
family_upper_bound,s2_t2,unload_reload,history_ece,std,0.0321239311717,0.0321239311717,0.000e+00,0.000e+00,True
family_upper_bound,s2_t2,unload_reload,history_ece,median,0.711791992188,0.711791992188,0.000e+00,0.000e+00,True
family_upper_bound,s2_t2,unload_reload,history_ece,iqr,0.024682700634,0.024682700634,0.000e+00,0.000e+00,True
family_upper_bound,s2_t2,unload_reload,history_nll,mean,989805.903125,989805.903125,0.000e+00,0.000e+00,True
family_upper_bound,s2_t2,unload_reload,history_nll,std,1285316.25105,1285316.25105,0.000e+00,0.000e+00,True
family_upper_bound,s2_t2,unload_reload,history_nll,median,523999.90625,523999.90625,0.000e+00,0.000e+00,True
family_upper_bound,s2_t2,unload_reload,history_nll,iqr,155453.09375,155453.09375,0.000e+00,0.000e+00,True
family_upper_bound,s2_t2,unload_reload,calibrated_history_coverage_95,mean,0.825429701805,0.825429701805,0.000e+00,0.000e+00,True
family_upper_bound,s2_t2,unload_reload,calibrated_history_coverage_95,std,0.0226810277288,0.0226810277288,0.000e+00,0.000e+00,True
family_upper_bound,s2_t2,unload_reload,calibrated_history_coverage_95,median,0.824316442013,0.824316442013,0.000e+00,0.000e+00,True
family_upper_bound,s2_t2,unload_reload,calibrated_history_coverage_95,iqr,0.0333007574081,0.0333007574081,0.000e+00,0.000e+00,True
family_upper_bound,s2_t2,unload_reload,calibrated_history_ece,mean,0.115610340238,0.115610340238,0.000e+00,0.000e+00,True
family_upper_bound,s2_t2,unload_reload,calibrated_history_ece,std,0.00796077177839,0.00796077177839,1.735e-18,1.735e-18,True
family_upper_bound,s2_t2,unload_reload,calibrated_history_ece,median,0.11240234971,0.11240234971,0.000e+00,0.000e+00,True
family_upper_bound,s2_t2,unload_reload,calibrated_history_ece,iqr,0.00898437201977,0.00898437201977,0.000e+00,0.000e+00,True
family_upper_bound,s2_t2,unload_reload,calibrated_history_nll,mean,3053.74230957,3053.74230957,0.000e+00,0.000e+00,True
family_upper_bound,s2_t2,unload_reload,calibrated_history_nll,std,2344.44831777,2344.44831777,0.000e+00,0.000e+00,True
family_upper_bound,s2_t2,unload_reload,calibrated_history_nll,median,1920.23339844,1920.23339844,0.000e+00,0.000e+00,True
family_upper_bound,s2_t2,unload_reload,calibrated_history_nll,iqr,1859.0916748,1859.0916748,0.000e+00,0.000e+00,True
family_upper_bound,s2_t2,unload_reload,calibrated_history_spread_scale,mean,10000,10000,0.000e+00,0.000e+00,True
family_upper_bound,s2_t2,unload_reload,calibrated_history_spread_scale,std,0,0,0.000e+00,0.000e+00,True
family_upper_bound,s2_t2,unload_reload,calibrated_history_spread_scale,median,10000,10000,0.000e+00,0.000e+00,True
family_upper_bound,s2_t2,unload_reload,calibrated_history_spread_scale,iqr,0,0,0.000e+00,0.000e+00,True
family_upper_bound,s2_t2,unload_reload,field_coverage_95,mean,0.0048828125,0.0048828125,0.000e+00,0.000e+00,True
family_upper_bound,s2_t2,unload_reload,field_coverage_95,std,0.00902990332466,0.00902990332466,0.000e+00,0.000e+00,True
family_upper_bound,s2_t2,unload_reload,field_coverage_95,median,0.00146484375,0.00146484375,0.000e+00,0.000e+00,True
family_upper_bound,s2_t2,unload_reload,field_coverage_95,iqr,0.0009765625,0.0009765625,0.000e+00,0.000e+00,True
family_upper_bound,s2_t2,unload_reload,field_ece,mean,0.782820606232,0.782820606232,0.000e+00,0.000e+00,True
family_upper_bound,s2_t2,unload_reload,field_ece,std,0.00893117818445,0.00893117818445,0.000e+00,0.000e+00,True
family_upper_bound,s2_t2,unload_reload,field_ece,median,0.786360681057,0.786360681057,0.000e+00,0.000e+00,True
family_upper_bound,s2_t2,unload_reload,field_ece,iqr,0.000813782215118,0.000813782215118,0.000e+00,0.000e+00,True
family_upper_bound,s2_t2,unload_reload,field_nll,mean,212227.063281,212227.063281,0.000e+00,0.000e+00,True
family_upper_bound,s2_t2,unload_reload,field_nll,std,323480.134834,323480.134834,0.000e+00,0.000e+00,True
family_upper_bound,s2_t2,unload_reload,field_nll,median,47105.2890625,47105.2890625,0.000e+00,0.000e+00,True
family_upper_bound,s2_t2,unload_reload,field_nll,iqr,94554.4453125,94554.4453125,0.000e+00,0.000e+00,True
family_upper_bound,s2_t2,unload_reload,field_crps,mean,0.0374658852816,0.0374658852816,0.000e+00,0.000e+00,True
family_upper_bound,s2_t2,unload_reload,field_crps,std,0.028856537465,0.028856537465,0.000e+00,0.000e+00,True
family_upper_bound,s2_t2,unload_reload,field_crps,median,0.0197744965553,0.0197744965553,0.000e+00,0.000e+00,True
family_upper_bound,s2_t2,unload_reload,field_crps,iqr,0.0223953127861,0.0223953127861,0.000e+00,0.000e+00,True
family_upper_bound,s2_t2,unload_reload,calibrated_field_coverage_95,mean,0.797460949421,0.797460949421,0.000e+00,0.000e+00,True
family_upper_bound,s2_t2,unload_reload,calibrated_field_coverage_95,std,0.142645451139,0.142645451139,0.000e+00,0.000e+00,True
family_upper_bound,s2_t2,unload_reload,calibrated_field_coverage_95,median,0.734049499035,0.734049499035,0.000e+00,0.000e+00,True
family_upper_bound,s2_t2,unload_reload,calibrated_field_coverage_95,iqr,0.209635436535,0.209635436535,0.000e+00,0.000e+00,True
family_upper_bound,s2_t2,unload_reload,calibrated_field_ece,mean,0.159052726626,0.159052726626,0.000e+00,0.000e+00,True
family_upper_bound,s2_t2,unload_reload,calibrated_field_ece,std,0.0398688919286,0.0398688919286,0.000e+00,0.000e+00,True
family_upper_bound,s2_t2,unload_reload,calibrated_field_ece,median,0.179264321923,0.179264321923,0.000e+00,0.000e+00,True
family_upper_bound,s2_t2,unload_reload,calibrated_field_ece,iqr,0.048453822732,0.048453822732,0.000e+00,0.000e+00,True
family_upper_bound,s2_t2,unload_reload,calibrated_field_nll,mean,5.12869614363,5.12869614363,0.000e+00,0.000e+00,True
family_upper_bound,s2_t2,unload_reload,calibrated_field_nll,std,13.4762464889,13.4762464889,0.000e+00,0.000e+00,True
family_upper_bound,s2_t2,unload_reload,calibrated_field_nll,median,-0.812166631222,-0.812166631222,0.000e+00,0.000e+00,True
family_upper_bound,s2_t2,unload_reload,calibrated_field_nll,iqr,0.176009535789,0.176009535789,0.000e+00,0.000e+00,True
family_upper_bound,s2_t2,unload_reload,calibrated_field_crps,mean,0.0465904533863,0.0465904533863,0.000e+00,0.000e+00,True
family_upper_bound,s2_t2,unload_reload,calibrated_field_crps,std,0.0246566257049,0.0246566257049,0.000e+00,0.000e+00,True
family_upper_bound,s2_t2,unload_reload,calibrated_field_crps,median,0.0480781197548,0.0480781197548,0.000e+00,0.000e+00,True
family_upper_bound,s2_t2,unload_reload,calibrated_field_crps,iqr,0.0406222082675,0.0406222082675,0.000e+00,0.000e+00,True
family_upper_bound,s2_t2,unload_reload,calibrated_field_spread_scale,mean,6645.18831787,6645.18831787,0.000e+00,0.000e+00,True
family_upper_bound,s2_t2,unload_reload,calibrated_field_spread_scale,std,4254.52709745,4254.52709745,0.000e+00,0.000e+00,True
family_upper_bound,s2_t2,unload_reload,calibrated_field_spread_scale,median,9412.57910156,9412.57910156,0.000e+00,0.000e+00,True
family_upper_bound,s2_t2,unload_reload,calibrated_field_spread_scale,iqr,6470.84863281,6470.84863281,0.000e+00,0.000e+00,True
family_upper_bound,s2_t2,unload_reload,posterior_calibration_num_calibration,mean,4,4,0.000e+00,0.000e+00,True
family_upper_bound,s2_t2,unload_reload,posterior_calibration_num_calibration,std,0,0,0.000e+00,0.000e+00,True
family_upper_bound,s2_t2,unload_reload,posterior_calibration_num_calibration,median,4,4,0.000e+00,0.000e+00,True
family_upper_bound,s2_t2,unload_reload,posterior_calibration_num_calibration,iqr,0,0,0.000e+00,0.000e+00,True
family_upper_bound,s2_t2,unload_reload,posterior_calibration_num_test,mean,4,4,0.000e+00,0.000e+00,True
family_upper_bound,s2_t2,unload_reload,posterior_calibration_num_test,std,0,0,0.000e+00,0.000e+00,True
family_upper_bound,s2_t2,unload_reload,posterior_calibration_num_test,median,4,4,0.000e+00,0.000e+00,True
family_upper_bound,s2_t2,unload_reload,posterior_calibration_num_test,iqr,0,0,0.000e+00,0.000e+00,True
family_upper_bound,s2_t2,cyclic,sparse_observation_relative_l2,mean,2.59426703453,2.59426703453,0.000e+00,0.000e+00,True
family_upper_bound,s2_t2,cyclic,sparse_observation_relative_l2,std,2.96409555168,2.96409555168,4.441e-16,1.498e-16,True
family_upper_bound,s2_t2,cyclic,sparse_observation_relative_l2,median,1.12213897705,1.12213897705,0.000e+00,0.000e+00,True
family_upper_bound,s2_t2,cyclic,sparse_observation_relative_l2,iqr,1.35005259514,1.35005259514,0.000e+00,0.000e+00,True
family_upper_bound,s2_t2,cyclic,rollout_displacement_relative_l2,mean,1.37430359125,1.37430359125,0.000e+00,0.000e+00,True
family_upper_bound,s2_t2,cyclic,rollout_displacement_relative_l2,std,0.851898358142,0.851898358142,0.000e+00,0.000e+00,True
family_upper_bound,s2_t2,cyclic,rollout_displacement_relative_l2,median,0.930019080639,0.930019080639,0.000e+00,0.000e+00,True
family_upper_bound,s2_t2,cyclic,rollout_displacement_relative_l2,iqr,0.302045226097,0.302045226097,0.000e+00,0.000e+00,True
family_upper_bound,s2_t2,cyclic,material_parameter_relative_l2,mean,0.221938920021,0.221938920021,0.000e+00,0.000e+00,True
family_upper_bound,s2_t2,cyclic,material_parameter_relative_l2,std,0.110897672966,0.110897672966,0.000e+00,0.000e+00,True
family_upper_bound,s2_t2,cyclic,material_parameter_relative_l2,median,0.231895089149,0.231895089149,0.000e+00,0.000e+00,True
family_upper_bound,s2_t2,cyclic,material_parameter_relative_l2,iqr,0.0827229619026,0.0827229619026,0.000e+00,0.000e+00,True
family_upper_bound,s2_t2,cyclic,material_parameter_coverage_95,mean,0.0416666679084,0.0416666679084,0.000e+00,0.000e+00,True
family_upper_bound,s2_t2,cyclic,material_parameter_coverage_95,std,0.0416666683741,0.0416666683741,0.000e+00,0.000e+00,True
family_upper_bound,s2_t2,cyclic,material_parameter_coverage_95,median,0.0208333339542,0.0208333339542,0.000e+00,0.000e+00,True
family_upper_bound,s2_t2,cyclic,material_parameter_coverage_95,iqr,0.0416666660458,0.0416666660458,0.000e+00,0.000e+00,True
family_upper_bound,s2_t2,cyclic,material_parameter_ece,mean,0.755208337307,0.755208337307,0.000e+00,0.000e+00,True
family_upper_bound,s2_t2,cyclic,material_parameter_ece,std,0.03615947304,0.03615947304,0.000e+00,0.000e+00,True
family_upper_bound,s2_t2,cyclic,material_parameter_ece,median,0.766666650772,0.766666650772,0.000e+00,0.000e+00,True
family_upper_bound,s2_t2,cyclic,material_parameter_ece,iqr,0.015625,0.015625,0.000e+00,0.000e+00,True
family_upper_bound,s2_t2,cyclic,material_parameter_nll,mean,23889.6143555,23889.6143555,0.000e+00,0.000e+00,True
family_upper_bound,s2_t2,cyclic,material_parameter_nll,std,18360.9846219,18360.9846219,0.000e+00,0.000e+00,True
family_upper_bound,s2_t2,cyclic,material_parameter_nll,median,21542.2324219,21542.2324219,0.000e+00,0.000e+00,True
family_upper_bound,s2_t2,cyclic,material_parameter_nll,iqr,34115.2426758,34115.2426758,0.000e+00,0.000e+00,True
family_upper_bound,s2_t2,cyclic,calibrated_material_parameter_coverage_95,mean,0.983333337307,0.983333337307,0.000e+00,0.000e+00,True
family_upper_bound,s2_t2,cyclic,calibrated_material_parameter_coverage_95,std,0.0372677907397,0.0372677907397,0.000e+00,0.000e+00,True
family_upper_bound,s2_t2,cyclic,calibrated_material_parameter_coverage_95,median,1,1,0.000e+00,0.000e+00,True
family_upper_bound,s2_t2,cyclic,calibrated_material_parameter_coverage_95,iqr,0,0,0.000e+00,0.000e+00,True
family_upper_bound,s2_t2,cyclic,calibrated_material_parameter_ece,mean,0.178750008345,0.178750008345,0.000e+00,0.000e+00,True
family_upper_bound,s2_t2,cyclic,calibrated_material_parameter_ece,std,0.0372503334342,0.0372503334342,0.000e+00,0.000e+00,True
family_upper_bound,s2_t2,cyclic,calibrated_material_parameter_ece,median,0.181250020862,0.181250020862,0.000e+00,0.000e+00,True
family_upper_bound,s2_t2,cyclic,calibrated_material_parameter_ece,iqr,0.0208333432674,0.0208333432674,0.000e+00,0.000e+00,True
family_upper_bound,s2_t2,cyclic,calibrated_material_parameter_nll,mean,1.70673657656,1.70673657656,0.000e+00,0.000e+00,True
family_upper_bound,s2_t2,cyclic,calibrated_material_parameter_nll,std,0.897001714444,0.897001714444,0.000e+00,0.000e+00,True
family_upper_bound,s2_t2,cyclic,calibrated_material_parameter_nll,median,1.49696862698,1.49696862698,0.000e+00,0.000e+00,True
family_upper_bound,s2_t2,cyclic,calibrated_material_parameter_nll,iqr,1.01700878143,1.01700878143,0.000e+00,0.000e+00,True
family_upper_bound,s2_t2,cyclic,calibrated_material_parameter_spread_scale,mean,581.169458008,581.169458008,0.000e+00,0.000e+00,True
family_upper_bound,s2_t2,cyclic,calibrated_material_parameter_spread_scale,std,336.91896704,336.91896704,0.000e+00,0.000e+00,True
family_upper_bound,s2_t2,cyclic,calibrated_material_parameter_spread_scale,median,541.055236816,541.055236816,0.000e+00,0.000e+00,True
family_upper_bound,s2_t2,cyclic,calibrated_material_parameter_spread_scale,iqr,468.314788818,468.314788818,0.000e+00,0.000e+00,True
family_upper_bound,s2_t2,cyclic,history_relative_l2,mean,0.816542685032,0.816542685032,0.000e+00,0.000e+00,True
family_upper_bound,s2_t2,cyclic,history_relative_l2,std,0.173624069505,0.173624069505,2.776e-17,2.776e-17,True
family_upper_bound,s2_t2,cyclic,history_relative_l2,median,0.832609713078,0.832609713078,0.000e+00,0.000e+00,True
family_upper_bound,s2_t2,cyclic,history_relative_l2,iqr,0.20471060276,0.20471060276,0.000e+00,0.000e+00,True
family_upper_bound,s2_t2,cyclic,history_final_relative_l2,mean,2.74044280052,2.74044280052,0.000e+00,0.000e+00,True
family_upper_bound,s2_t2,cyclic,history_final_relative_l2,std,1.37894728072,1.37894728072,0.000e+00,0.000e+00,True
family_upper_bound,s2_t2,cyclic,history_final_relative_l2,median,2.36880970001,2.36880970001,0.000e+00,0.000e+00,True
family_upper_bound,s2_t2,cyclic,history_final_relative_l2,iqr,1.2400894165,1.2400894165,0.000e+00,0.000e+00,True
family_upper_bound,s2_t2,cyclic,history_coverage_95,mean,0.0705859374255,0.0705859374255,0.000e+00,0.000e+00,True
family_upper_bound,s2_t2,cyclic,history_coverage_95,std,0.0368179696403,0.0368179696403,0.000e+00,0.000e+00,True
family_upper_bound,s2_t2,cyclic,history_coverage_95,median,0.071533203125,0.071533203125,0.000e+00,0.000e+00,True
family_upper_bound,s2_t2,cyclic,history_coverage_95,iqr,0.0418945290148,0.0418945290148,0.000e+00,0.000e+00,True
family_upper_bound,s2_t2,cyclic,history_ece,mean,0.718862295151,0.718862295151,0.000e+00,0.000e+00,True
family_upper_bound,s2_t2,cyclic,history_ece,std,0.0363259302614,0.0363259302614,0.000e+00,0.000e+00,True
family_upper_bound,s2_t2,cyclic,history_ece,median,0.719714343548,0.719714343548,0.000e+00,0.000e+00,True
family_upper_bound,s2_t2,cyclic,history_ece,iqr,0.0420287847519,0.0420287847519,0.000e+00,0.000e+00,True
family_upper_bound,s2_t2,cyclic,history_nll,mean,794070.5375,794070.5375,0.000e+00,0.000e+00,True
family_upper_bound,s2_t2,cyclic,history_nll,std,1173396.64383,1173396.64383,2.328e-10,1.984e-16,True
family_upper_bound,s2_t2,cyclic,history_nll,median,286606.25,286606.25,0.000e+00,0.000e+00,True
family_upper_bound,s2_t2,cyclic,history_nll,iqr,401158.75,401158.75,0.000e+00,0.000e+00,True
family_upper_bound,s2_t2,cyclic,calibrated_history_coverage_95,mean,0.867285180092,0.867285180092,0.000e+00,0.000e+00,True
family_upper_bound,s2_t2,cyclic,calibrated_history_coverage_95,std,0.0337616035329,0.0337616035329,0.000e+00,0.000e+00,True
family_upper_bound,s2_t2,cyclic,calibrated_history_coverage_95,median,0.873437523842,0.873437523842,0.000e+00,0.000e+00,True
family_upper_bound,s2_t2,cyclic,calibrated_history_coverage_95,iqr,0.0650390386581,0.0650390386581,0.000e+00,0.000e+00,True
family_upper_bound,s2_t2,cyclic,calibrated_history_ece,mean,0.105229476094,0.105229476094,0.000e+00,0.000e+00,True
family_upper_bound,s2_t2,cyclic,calibrated_history_ece,std,0.0218824702392,0.0218824702392,0.000e+00,0.000e+00,True
family_upper_bound,s2_t2,cyclic,calibrated_history_ece,median,0.116503894329,0.116503894329,0.000e+00,0.000e+00,True
family_upper_bound,s2_t2,cyclic,calibrated_history_ece,iqr,0.00864258408546,0.00864258408546,0.000e+00,0.000e+00,True
family_upper_bound,s2_t2,cyclic,calibrated_history_nll,mean,955.67610817,955.67610817,0.000e+00,0.000e+00,True
family_upper_bound,s2_t2,cyclic,calibrated_history_nll,std,1456.83327555,1456.83327555,0.000e+00,0.000e+00,True
family_upper_bound,s2_t2,cyclic,calibrated_history_nll,median,341.855865479,341.855865479,0.000e+00,0.000e+00,True
family_upper_bound,s2_t2,cyclic,calibrated_history_nll,iqr,801.904163361,801.904163361,0.000e+00,0.000e+00,True
family_upper_bound,s2_t2,cyclic,calibrated_history_spread_scale,mean,10000,10000,0.000e+00,0.000e+00,True
family_upper_bound,s2_t2,cyclic,calibrated_history_spread_scale,std,0,0,0.000e+00,0.000e+00,True
family_upper_bound,s2_t2,cyclic,calibrated_history_spread_scale,median,10000,10000,0.000e+00,0.000e+00,True
family_upper_bound,s2_t2,cyclic,calibrated_history_spread_scale,iqr,0,0,0.000e+00,0.000e+00,True
family_upper_bound,s2_t2,cyclic,field_coverage_95,mean,0.00410156264261,0.00410156264261,0.000e+00,0.000e+00,True
family_upper_bound,s2_t2,cyclic,field_coverage_95,std,0.00801452547677,0.00801452547677,0.000e+00,0.000e+00,True
family_upper_bound,s2_t2,cyclic,field_coverage_95,median,0.000325520843035,0.000325520843035,0.000e+00,0.000e+00,True
family_upper_bound,s2_t2,cyclic,field_coverage_95,iqr,0.00146484382276,0.00146484382276,0.000e+00,0.000e+00,True
family_upper_bound,s2_t2,cyclic,field_ece,mean,0.783976221085,0.783976221085,0.000e+00,0.000e+00,True
family_upper_bound,s2_t2,cyclic,field_ece,std,0.00700744419238,0.00700744419238,0.000e+00,0.000e+00,True
family_upper_bound,s2_t2,cyclic,field_ece,median,0.787255883217,0.787255883217,0.000e+00,0.000e+00,True
family_upper_bound,s2_t2,cyclic,field_ece,iqr,0.00101727247238,0.00101727247238,0.000e+00,0.000e+00,True
family_upper_bound,s2_t2,cyclic,field_nll,mean,249751.1375,249751.1375,0.000e+00,0.000e+00,True
family_upper_bound,s2_t2,cyclic,field_nll,std,332593.322676,332593.322676,0.000e+00,0.000e+00,True
family_upper_bound,s2_t2,cyclic,field_nll,median,87884.125,87884.125,0.000e+00,0.000e+00,True
family_upper_bound,s2_t2,cyclic,field_nll,iqr,61313.578125,61313.578125,0.000e+00,0.000e+00,True
family_upper_bound,s2_t2,cyclic,field_crps,mean,0.0422687500715,0.0422687500715,0.000e+00,0.000e+00,True
family_upper_bound,s2_t2,cyclic,field_crps,std,0.0292425962331,0.0292425962331,0.000e+00,0.000e+00,True
family_upper_bound,s2_t2,cyclic,field_crps,median,0.0260556004941,0.0260556004941,0.000e+00,0.000e+00,True
family_upper_bound,s2_t2,cyclic,field_crps,iqr,0.0163185596466,0.0163185596466,0.000e+00,0.000e+00,True
family_upper_bound,s2_t2,cyclic,calibrated_field_coverage_95,mean,0.845963561535,0.845963561535,0.000e+00,0.000e+00,True
family_upper_bound,s2_t2,cyclic,calibrated_field_coverage_95,std,0.159387970196,0.159387970196,0.000e+00,0.000e+00,True
family_upper_bound,s2_t2,cyclic,calibrated_field_coverage_95,median,0.8798828125,0.8798828125,0.000e+00,0.000e+00,True
family_upper_bound,s2_t2,cyclic,calibrated_field_coverage_95,iqr,0.0657552480698,0.0657552480698,0.000e+00,0.000e+00,True
family_upper_bound,s2_t2,cyclic,calibrated_field_ece,mean,0.158759766817,0.158759766817,0.000e+00,0.000e+00,True
family_upper_bound,s2_t2,cyclic,calibrated_field_ece,std,0.109195883578,0.109195883578,1.388e-17,1.388e-17,True
family_upper_bound,s2_t2,cyclic,calibrated_field_ece,median,0.108040347695,0.108040347695,0.000e+00,0.000e+00,True
family_upper_bound,s2_t2,cyclic,calibrated_field_ece,iqr,0.0442871302366,0.0442871302366,0.000e+00,0.000e+00,True
family_upper_bound,s2_t2,cyclic,calibrated_field_nll,mean,1.11536227763,1.11536227763,0.000e+00,0.000e+00,True
family_upper_bound,s2_t2,cyclic,calibrated_field_nll,std,2.66651575163,2.66651575163,0.000e+00,0.000e+00,True
family_upper_bound,s2_t2,cyclic,calibrated_field_nll,median,-0.188288971782,-0.188288971782,0.000e+00,0.000e+00,True
family_upper_bound,s2_t2,cyclic,calibrated_field_nll,iqr,3.25243318081,3.25243318081,0.000e+00,0.000e+00,True
family_upper_bound,s2_t2,cyclic,calibrated_field_crps,mean,0.324473678693,0.324473678693,0.000e+00,0.000e+00,True
family_upper_bound,s2_t2,cyclic,calibrated_field_crps,std,0.574600375305,0.574600375305,1.110e-16,1.110e-16,True
family_upper_bound,s2_t2,cyclic,calibrated_field_crps,median,0.0784042403102,0.0784042403102,0.000e+00,0.000e+00,True
family_upper_bound,s2_t2,cyclic,calibrated_field_crps,iqr,0.0154572874308,0.0154572874308,0.000e+00,0.000e+00,True
family_upper_bound,s2_t2,cyclic,calibrated_field_spread_scale,mean,9665.15078125,9665.15078125,0.000e+00,0.000e+00,True
family_upper_bound,s2_t2,cyclic,calibrated_field_spread_scale,std,748.745615338,748.745615338,0.000e+00,0.000e+00,True
family_upper_bound,s2_t2,cyclic,calibrated_field_spread_scale,median,10000,10000,0.000e+00,0.000e+00,True
family_upper_bound,s2_t2,cyclic,calibrated_field_spread_scale,iqr,0,0,0.000e+00,0.000e+00,True
family_upper_bound,s2_t2,cyclic,posterior_calibration_num_calibration,mean,4,4,0.000e+00,0.000e+00,True
family_upper_bound,s2_t2,cyclic,posterior_calibration_num_calibration,std,0,0,0.000e+00,0.000e+00,True
family_upper_bound,s2_t2,cyclic,posterior_calibration_num_calibration,median,4,4,0.000e+00,0.000e+00,True
family_upper_bound,s2_t2,cyclic,posterior_calibration_num_calibration,iqr,0,0,0.000e+00,0.000e+00,True
family_upper_bound,s2_t2,cyclic,posterior_calibration_num_test,mean,4,4,0.000e+00,0.000e+00,True
family_upper_bound,s2_t2,cyclic,posterior_calibration_num_test,std,0,0,0.000e+00,0.000e+00,True
family_upper_bound,s2_t2,cyclic,posterior_calibration_num_test,median,4,4,0.000e+00,0.000e+00,True
family_upper_bound,s2_t2,cyclic,posterior_calibration_num_test,iqr,0,0,0.000e+00,0.000e+00,True
family_upper_bound,s2_t2,nonproportional,sparse_observation_relative_l2,mean,2.08164035082,2.08164035082,0.000e+00,0.000e+00,True
family_upper_bound,s2_t2,nonproportional,sparse_observation_relative_l2,std,2.47001599649,2.47001599649,4.441e-16,1.798e-16,True
family_upper_bound,s2_t2,nonproportional,sparse_observation_relative_l2,median,0.876072347164,0.876072347164,0.000e+00,0.000e+00,True
family_upper_bound,s2_t2,nonproportional,sparse_observation_relative_l2,iqr,0.686292290688,0.686292290688,0.000e+00,0.000e+00,True
family_upper_bound,s2_t2,nonproportional,rollout_displacement_relative_l2,mean,1.22658405304,1.22658405304,0.000e+00,0.000e+00,True
family_upper_bound,s2_t2,nonproportional,rollout_displacement_relative_l2,std,0.562466717485,0.562466717485,0.000e+00,0.000e+00,True
family_upper_bound,s2_t2,nonproportional,rollout_displacement_relative_l2,median,0.909416556358,0.909416556358,0.000e+00,0.000e+00,True
family_upper_bound,s2_t2,nonproportional,rollout_displacement_relative_l2,iqr,0.458801209927,0.458801209927,0.000e+00,0.000e+00,True
family_upper_bound,s2_t2,nonproportional,material_parameter_relative_l2,mean,0.282854005694,0.282854005694,0.000e+00,0.000e+00,True
family_upper_bound,s2_t2,nonproportional,material_parameter_relative_l2,std,0.0883473423104,0.0883473423104,0.000e+00,0.000e+00,True
family_upper_bound,s2_t2,nonproportional,material_parameter_relative_l2,median,0.296823233366,0.296823233366,0.000e+00,0.000e+00,True
family_upper_bound,s2_t2,nonproportional,material_parameter_relative_l2,iqr,0.0354791879654,0.0354791879654,0.000e+00,0.000e+00,True
family_upper_bound,s2_t2,nonproportional,material_parameter_coverage_95,mean,0.0250000011176,0.0250000011176,0.000e+00,0.000e+00,True
family_upper_bound,s2_t2,nonproportional,material_parameter_coverage_95,std,0.0451655925553,0.0451655925553,6.939e-18,6.939e-18,True
family_upper_bound,s2_t2,nonproportional,material_parameter_coverage_95,median,0,0,0.000e+00,0.000e+00,True
family_upper_bound,s2_t2,nonproportional,material_parameter_coverage_95,iqr,0.0208333339542,0.0208333339542,0.000e+00,0.000e+00,True
family_upper_bound,s2_t2,nonproportional,material_parameter_ece,mean,0.766666638851,0.766666638851,0.000e+00,0.000e+00,True
family_upper_bound,s2_t2,nonproportional,material_parameter_ece,std,0.0360843832212,0.0360843832212,0.000e+00,0.000e+00,True
family_upper_bound,s2_t2,nonproportional,material_parameter_ece,median,0.787499964237,0.787499964237,0.000e+00,0.000e+00,True
family_upper_bound,s2_t2,nonproportional,material_parameter_ece,iqr,0.0208333134651,0.0208333134651,0.000e+00,0.000e+00,True
family_upper_bound,s2_t2,nonproportional,material_parameter_nll,mean,25923.0607422,25923.0607422,0.000e+00,0.000e+00,True
family_upper_bound,s2_t2,nonproportional,material_parameter_nll,std,12748.339349,12748.339349,0.000e+00,0.000e+00,True
family_upper_bound,s2_t2,nonproportional,material_parameter_nll,median,27147.1386719,27147.1386719,0.000e+00,0.000e+00,True
family_upper_bound,s2_t2,nonproportional,material_parameter_nll,iqr,4099.125,4099.125,0.000e+00,0.000e+00,True
family_upper_bound,s2_t2,nonproportional,calibrated_material_parameter_coverage_95,mean,1,1,0.000e+00,0.000e+00,True
family_upper_bound,s2_t2,nonproportional,calibrated_material_parameter_coverage_95,std,0,0,0.000e+00,0.000e+00,True
family_upper_bound,s2_t2,nonproportional,calibrated_material_parameter_coverage_95,median,1,1,0.000e+00,0.000e+00,True
family_upper_bound,s2_t2,nonproportional,calibrated_material_parameter_coverage_95,iqr,0,0,0.000e+00,0.000e+00,True
family_upper_bound,s2_t2,nonproportional,calibrated_material_parameter_ece,mean,0.187500011921,0.187500011921,0.000e+00,0.000e+00,True
family_upper_bound,s2_t2,nonproportional,calibrated_material_parameter_ece,std,0.0174304130637,0.0174304130637,0.000e+00,0.000e+00,True
family_upper_bound,s2_t2,nonproportional,calibrated_material_parameter_ece,median,0.191666677594,0.191666677594,0.000e+00,0.000e+00,True
family_upper_bound,s2_t2,nonproportional,calibrated_material_parameter_ece,iqr,0.0208333283663,0.0208333283663,0.000e+00,0.000e+00,True
family_upper_bound,s2_t2,nonproportional,calibrated_material_parameter_nll,mean,1.64236903191,1.64236903191,0.000e+00,0.000e+00,True
family_upper_bound,s2_t2,nonproportional,calibrated_material_parameter_nll,std,0.252241607721,0.252241607721,0.000e+00,0.000e+00,True
family_upper_bound,s2_t2,nonproportional,calibrated_material_parameter_nll,median,1.65500044823,1.65500044823,0.000e+00,0.000e+00,True
family_upper_bound,s2_t2,nonproportional,calibrated_material_parameter_nll,iqr,0.0549584627151,0.0549584627151,0.000e+00,0.000e+00,True
family_upper_bound,s2_t2,nonproportional,calibrated_material_parameter_spread_scale,mean,636.654669189,636.654669189,0.000e+00,0.000e+00,True
family_upper_bound,s2_t2,nonproportional,calibrated_material_parameter_spread_scale,std,148.325233137,148.325233137,0.000e+00,0.000e+00,True
family_upper_bound,s2_t2,nonproportional,calibrated_material_parameter_spread_scale,median,674.826293945,674.826293945,0.000e+00,0.000e+00,True
family_upper_bound,s2_t2,nonproportional,calibrated_material_parameter_spread_scale,iqr,72.4999389648,72.4999389648,0.000e+00,0.000e+00,True
family_upper_bound,s2_t2,nonproportional,history_relative_l2,mean,0.792059099674,0.792059099674,0.000e+00,0.000e+00,True
family_upper_bound,s2_t2,nonproportional,history_relative_l2,std,0.151876977387,0.151876977387,0.000e+00,0.000e+00,True
family_upper_bound,s2_t2,nonproportional,history_relative_l2,median,0.846619725227,0.846619725227,0.000e+00,0.000e+00,True
family_upper_bound,s2_t2,nonproportional,history_relative_l2,iqr,0.212810337543,0.212810337543,0.000e+00,0.000e+00,True
family_upper_bound,s2_t2,nonproportional,history_final_relative_l2,mean,1.84023225307,1.84023225307,0.000e+00,0.000e+00,True
family_upper_bound,s2_t2,nonproportional,history_final_relative_l2,std,0.862634991774,0.862634991774,0.000e+00,0.000e+00,True
family_upper_bound,s2_t2,nonproportional,history_final_relative_l2,median,1.86439061165,1.86439061165,0.000e+00,0.000e+00,True
family_upper_bound,s2_t2,nonproportional,history_final_relative_l2,iqr,1.59317827225,1.59317827225,0.000e+00,0.000e+00,True
family_upper_bound,s2_t2,nonproportional,history_coverage_95,mean,0.0554939508438,0.0554939508438,0.000e+00,0.000e+00,True
family_upper_bound,s2_t2,nonproportional,history_coverage_95,std,0.0407691687989,0.0407691687989,0.000e+00,0.000e+00,True
family_upper_bound,s2_t2,nonproportional,history_coverage_95,median,0.0554435476661,0.0554435476661,0.000e+00,0.000e+00,True
family_upper_bound,s2_t2,nonproportional,history_coverage_95,iqr,0.060584673658,0.060584673658,0.000e+00,0.000e+00,True
family_upper_bound,s2_t2,nonproportional,history_ece,mean,0.73383821249,0.73383821249,0.000e+00,0.000e+00,True
family_upper_bound,s2_t2,nonproportional,history_ece,std,0.040193645995,0.040193645995,0.000e+00,0.000e+00,True
family_upper_bound,s2_t2,nonproportional,history_ece,median,0.733417391777,0.733417391777,0.000e+00,0.000e+00,True
family_upper_bound,s2_t2,nonproportional,history_ece,iqr,0.062613427639,0.062613427639,0.000e+00,0.000e+00,True
family_upper_bound,s2_t2,nonproportional,history_nll,mean,1154837.63437,1154837.63437,0.000e+00,0.000e+00,True
family_upper_bound,s2_t2,nonproportional,history_nll,std,1359518.54181,1359518.54181,0.000e+00,0.000e+00,True
family_upper_bound,s2_t2,nonproportional,history_nll,median,531546.9375,531546.9375,0.000e+00,0.000e+00,True
family_upper_bound,s2_t2,nonproportional,history_nll,iqr,1092180.70312,1092180.70312,0.000e+00,0.000e+00,True
family_upper_bound,s2_t2,nonproportional,calibrated_history_coverage_95,mean,0.818346774578,0.818346774578,0.000e+00,0.000e+00,True
family_upper_bound,s2_t2,nonproportional,calibrated_history_coverage_95,std,0.0243985993903,0.0243985993903,0.000e+00,0.000e+00,True
family_upper_bound,s2_t2,nonproportional,calibrated_history_coverage_95,median,0.822580635548,0.822580635548,0.000e+00,0.000e+00,True
family_upper_bound,s2_t2,nonproportional,calibrated_history_coverage_95,iqr,0.0341733694077,0.0341733694077,0.000e+00,0.000e+00,True
family_upper_bound,s2_t2,nonproportional,calibrated_history_ece,mean,0.109188506007,0.109188506007,0.000e+00,0.000e+00,True
family_upper_bound,s2_t2,nonproportional,calibrated_history_ece,std,0.0173858128949,0.0173858128949,0.000e+00,0.000e+00,True
family_upper_bound,s2_t2,nonproportional,calibrated_history_ece,median,0.11640624702,0.11640624702,0.000e+00,0.000e+00,True
family_upper_bound,s2_t2,nonproportional,calibrated_history_ece,iqr,0.0239163041115,0.0239163041115,0.000e+00,0.000e+00,True
family_upper_bound,s2_t2,nonproportional,calibrated_history_nll,mean,3422.59193115,3422.59193115,0.000e+00,0.000e+00,True
family_upper_bound,s2_t2,nonproportional,calibrated_history_nll,std,2238.37070576,2238.37070576,0.000e+00,0.000e+00,True
family_upper_bound,s2_t2,nonproportional,calibrated_history_nll,median,3751.20483398,3751.20483398,0.000e+00,0.000e+00,True
family_upper_bound,s2_t2,nonproportional,calibrated_history_nll,iqr,1254.53466797,1254.53466797,0.000e+00,0.000e+00,True
family_upper_bound,s2_t2,nonproportional,calibrated_history_spread_scale,mean,10000,10000,0.000e+00,0.000e+00,True
family_upper_bound,s2_t2,nonproportional,calibrated_history_spread_scale,std,0,0,0.000e+00,0.000e+00,True
family_upper_bound,s2_t2,nonproportional,calibrated_history_spread_scale,median,10000,10000,0.000e+00,0.000e+00,True
family_upper_bound,s2_t2,nonproportional,calibrated_history_spread_scale,iqr,0,0,0.000e+00,0.000e+00,True
family_upper_bound,s2_t2,nonproportional,field_coverage_95,mean,0.00143229171517,0.00143229171517,0.000e+00,0.000e+00,True
family_upper_bound,s2_t2,nonproportional,field_coverage_95,std,0.00114743213602,0.00114743213602,0.000e+00,0.000e+00,True
family_upper_bound,s2_t2,nonproportional,field_coverage_95,median,0.0009765625,0.0009765625,0.000e+00,0.000e+00,True
family_upper_bound,s2_t2,nonproportional,field_coverage_95,iqr,0.0009765625,0.0009765625,0.000e+00,0.000e+00,True
family_upper_bound,s2_t2,nonproportional,field_ece,mean,0.786303722858,0.786303722858,0.000e+00,0.000e+00,True
family_upper_bound,s2_t2,nonproportional,field_ece,std,0.000921452651612,0.000921452651612,1.084e-19,1.084e-19,True
family_upper_bound,s2_t2,nonproportional,field_ece,median,0.786645531654,0.786645531654,0.000e+00,0.000e+00,True
family_upper_bound,s2_t2,nonproportional,field_ece,iqr,0.000813782215118,0.000813782215118,0.000e+00,0.000e+00,True
family_upper_bound,s2_t2,nonproportional,field_nll,mean,246548.68125,246548.68125,0.000e+00,0.000e+00,True
family_upper_bound,s2_t2,nonproportional,field_nll,std,241760.635299,241760.635299,2.910e-11,1.204e-16,True
family_upper_bound,s2_t2,nonproportional,field_nll,median,114550.117188,114550.117188,0.000e+00,0.000e+00,True
family_upper_bound,s2_t2,nonproportional,field_nll,iqr,134278.007812,134278.007812,0.000e+00,0.000e+00,True
family_upper_bound,s2_t2,nonproportional,field_crps,mean,0.0445708435029,0.0445708435029,0.000e+00,0.000e+00,True
family_upper_bound,s2_t2,nonproportional,field_crps,std,0.0209950952683,0.0209950952683,0.000e+00,0.000e+00,True
family_upper_bound,s2_t2,nonproportional,field_crps,median,0.0313315987587,0.0313315987587,0.000e+00,0.000e+00,True
family_upper_bound,s2_t2,nonproportional,field_crps,iqr,0.0219908505678,0.0219908505678,0.000e+00,0.000e+00,True
family_upper_bound,s2_t2,nonproportional,calibrated_field_coverage_95,mean,0.855664074421,0.855664074421,0.000e+00,0.000e+00,True
family_upper_bound,s2_t2,nonproportional,calibrated_field_coverage_95,std,0.118455287818,0.118455287818,0.000e+00,0.000e+00,True
family_upper_bound,s2_t2,nonproportional,calibrated_field_coverage_95,median,0.8037109375,0.8037109375,0.000e+00,0.000e+00,True
family_upper_bound,s2_t2,nonproportional,calibrated_field_coverage_95,iqr,0.199869811535,0.199869811535,0.000e+00,0.000e+00,True
family_upper_bound,s2_t2,nonproportional,calibrated_field_ece,mean,0.143209636211,0.143209636211,0.000e+00,0.000e+00,True
family_upper_bound,s2_t2,nonproportional,calibrated_field_ece,std,0.0436794089869,0.0436794089869,0.000e+00,0.000e+00,True
family_upper_bound,s2_t2,nonproportional,calibrated_field_ece,median,0.137760400772,0.137760400772,0.000e+00,0.000e+00,True
family_upper_bound,s2_t2,nonproportional,calibrated_field_ece,iqr,0.0304688066244,0.0304688066244,0.000e+00,0.000e+00,True
family_upper_bound,s2_t2,nonproportional,calibrated_field_nll,mean,0.140839032829,0.140839032829,0.000e+00,0.000e+00,True
family_upper_bound,s2_t2,nonproportional,calibrated_field_nll,std,1.76550346289,1.76550346289,0.000e+00,0.000e+00,True
family_upper_bound,s2_t2,nonproportional,calibrated_field_nll,median,-0.383702844381,-0.383702844381,0.000e+00,0.000e+00,True
family_upper_bound,s2_t2,nonproportional,calibrated_field_nll,iqr,0.533290497959,0.533290497959,0.000e+00,0.000e+00,True
family_upper_bound,s2_t2,nonproportional,calibrated_field_crps,mean,0.0824791885912,0.0824791885912,0.000e+00,0.000e+00,True
family_upper_bound,s2_t2,nonproportional,calibrated_field_crps,std,0.0621084613124,0.0621084613124,0.000e+00,0.000e+00,True
family_upper_bound,s2_t2,nonproportional,calibrated_field_crps,median,0.0909180864692,0.0909180864692,0.000e+00,0.000e+00,True
family_upper_bound,s2_t2,nonproportional,calibrated_field_crps,iqr,0.0676263570786,0.0676263570786,0.000e+00,0.000e+00,True
family_upper_bound,s2_t2,nonproportional,calibrated_field_spread_scale,mean,8143.46293945,8143.46293945,0.000e+00,0.000e+00,True
family_upper_bound,s2_t2,nonproportional,calibrated_field_spread_scale,std,3342.18902901,3342.18902901,0.000e+00,0.000e+00,True
family_upper_bound,s2_t2,nonproportional,calibrated_field_spread_scale,median,10000,10000,0.000e+00,0.000e+00,True
family_upper_bound,s2_t2,nonproportional,calibrated_field_spread_scale,iqr,1572.91992188,1572.91992188,0.000e+00,0.000e+00,True
family_upper_bound,s2_t2,nonproportional,posterior_calibration_num_calibration,mean,4,4,0.000e+00,0.000e+00,True
family_upper_bound,s2_t2,nonproportional,posterior_calibration_num_calibration,std,0,0,0.000e+00,0.000e+00,True
family_upper_bound,s2_t2,nonproportional,posterior_calibration_num_calibration,median,4,4,0.000e+00,0.000e+00,True
family_upper_bound,s2_t2,nonproportional,posterior_calibration_num_calibration,iqr,0,0,0.000e+00,0.000e+00,True
family_upper_bound,s2_t2,nonproportional,posterior_calibration_num_test,mean,4,4,0.000e+00,0.000e+00,True
family_upper_bound,s2_t2,nonproportional,posterior_calibration_num_test,std,0,0,0.000e+00,0.000e+00,True
family_upper_bound,s2_t2,nonproportional,posterior_calibration_num_test,median,4,4,0.000e+00,0.000e+00,True
family_upper_bound,s2_t2,nonproportional,posterior_calibration_num_test,iqr,0,0,0.000e+00,0.000e+00,True
family_upper_bound,s2_t2,random_amplitude,sparse_observation_relative_l2,mean,28.0448859692,28.0448859692,0.000e+00,0.000e+00,True
family_upper_bound,s2_t2,random_amplitude,sparse_observation_relative_l2,std,45.7125260622,45.7125260622,0.000e+00,0.000e+00,True
family_upper_bound,s2_t2,random_amplitude,sparse_observation_relative_l2,median,5.7110452652,5.7110452652,0.000e+00,0.000e+00,True
family_upper_bound,s2_t2,random_amplitude,sparse_observation_relative_l2,iqr,14.9366235733,14.9366235733,0.000e+00,0.000e+00,True
family_upper_bound,s2_t2,random_amplitude,rollout_displacement_relative_l2,mean,1.35960193872,1.35960193872,0.000e+00,0.000e+00,True
family_upper_bound,s2_t2,random_amplitude,rollout_displacement_relative_l2,std,0.796909224058,0.796909224058,0.000e+00,0.000e+00,True
family_upper_bound,s2_t2,random_amplitude,rollout_displacement_relative_l2,median,0.941408872604,0.941408872604,0.000e+00,0.000e+00,True
family_upper_bound,s2_t2,random_amplitude,rollout_displacement_relative_l2,iqr,0.574028968811,0.574028968811,0.000e+00,0.000e+00,True
family_upper_bound,s2_t2,random_amplitude,material_parameter_relative_l2,mean,0.255872268975,0.255872268975,0.000e+00,0.000e+00,True
family_upper_bound,s2_t2,random_amplitude,material_parameter_relative_l2,std,0.10964637242,0.10964637242,1.388e-17,1.388e-17,True
family_upper_bound,s2_t2,random_amplitude,material_parameter_relative_l2,median,0.250712394714,0.250712394714,0.000e+00,0.000e+00,True
family_upper_bound,s2_t2,random_amplitude,material_parameter_relative_l2,iqr,0.0795630514622,0.0795630514622,0.000e+00,0.000e+00,True
family_upper_bound,s2_t2,random_amplitude,material_parameter_coverage_95,mean,0.0291666671634,0.0291666671634,0.000e+00,0.000e+00,True
family_upper_bound,s2_t2,random_amplitude,material_parameter_coverage_95,std,0.0186338995348,0.0186338995348,3.469e-18,3.469e-18,True
family_upper_bound,s2_t2,random_amplitude,material_parameter_coverage_95,median,0.0208333339542,0.0208333339542,0.000e+00,0.000e+00,True
family_upper_bound,s2_t2,random_amplitude,material_parameter_coverage_95,iqr,0,0,0.000e+00,0.000e+00,True
family_upper_bound,s2_t2,random_amplitude,material_parameter_ece,mean,0.765625,0.765625,0.000e+00,0.000e+00,True
family_upper_bound,s2_t2,random_amplitude,material_parameter_ece,std,0.0203058480514,0.0203058480514,0.000e+00,0.000e+00,True
family_upper_bound,s2_t2,random_amplitude,material_parameter_ece,median,0.771875023842,0.771875023842,0.000e+00,0.000e+00,True
family_upper_bound,s2_t2,random_amplitude,material_parameter_ece,iqr,0,0,0.000e+00,0.000e+00,True
family_upper_bound,s2_t2,random_amplitude,material_parameter_nll,mean,14181.1552734,14181.1552734,0.000e+00,0.000e+00,True
family_upper_bound,s2_t2,random_amplitude,material_parameter_nll,std,6720.27202192,6720.27202192,0.000e+00,0.000e+00,True
family_upper_bound,s2_t2,random_amplitude,material_parameter_nll,median,12484.6113281,12484.6113281,0.000e+00,0.000e+00,True
family_upper_bound,s2_t2,random_amplitude,material_parameter_nll,iqr,9246.59375,9246.59375,0.000e+00,0.000e+00,True
family_upper_bound,s2_t2,random_amplitude,calibrated_material_parameter_coverage_95,mean,0.908333361149,0.908333361149,0.000e+00,0.000e+00,True
family_upper_bound,s2_t2,random_amplitude,calibrated_material_parameter_coverage_95,std,0.0745355864773,0.0745355864773,0.000e+00,0.000e+00,True
family_upper_bound,s2_t2,random_amplitude,calibrated_material_parameter_coverage_95,median,0.916666686535,0.916666686535,0.000e+00,0.000e+00,True
family_upper_bound,s2_t2,random_amplitude,calibrated_material_parameter_coverage_95,iqr,0.125,0.125,0.000e+00,0.000e+00,True
family_upper_bound,s2_t2,random_amplitude,calibrated_material_parameter_ece,mean,0.111666670442,0.111666670442,0.000e+00,0.000e+00,True
family_upper_bound,s2_t2,random_amplitude,calibrated_material_parameter_ece,std,0.0585857667942,0.0585857667942,6.939e-18,6.939e-18,True
family_upper_bound,s2_t2,random_amplitude,calibrated_material_parameter_ece,median,0.0979167073965,0.0979167073965,0.000e+00,0.000e+00,True
family_upper_bound,s2_t2,random_amplitude,calibrated_material_parameter_ece,iqr,0.0333333164454,0.0333333164454,0.000e+00,0.000e+00,True
family_upper_bound,s2_t2,random_amplitude,calibrated_material_parameter_nll,mean,1.17434244156,1.17434244156,0.000e+00,0.000e+00,True
family_upper_bound,s2_t2,random_amplitude,calibrated_material_parameter_nll,std,0.540368275027,0.540368275027,0.000e+00,0.000e+00,True
family_upper_bound,s2_t2,random_amplitude,calibrated_material_parameter_nll,median,1.46153867245,1.46153867245,0.000e+00,0.000e+00,True
family_upper_bound,s2_t2,random_amplitude,calibrated_material_parameter_nll,iqr,0.654583334923,0.654583334923,0.000e+00,0.000e+00,True
family_upper_bound,s2_t2,random_amplitude,calibrated_material_parameter_spread_scale,mean,227.904449463,227.904449463,0.000e+00,0.000e+00,True
family_upper_bound,s2_t2,random_amplitude,calibrated_material_parameter_spread_scale,std,103.652762469,103.652762469,0.000e+00,0.000e+00,True
family_upper_bound,s2_t2,random_amplitude,calibrated_material_parameter_spread_scale,median,165.315658569,165.315658569,0.000e+00,0.000e+00,True
family_upper_bound,s2_t2,random_amplitude,calibrated_material_parameter_spread_scale,iqr,164.409301758,164.409301758,0.000e+00,0.000e+00,True
family_upper_bound,s2_t2,random_amplitude,history_relative_l2,mean,0.818450677395,0.818450677395,0.000e+00,0.000e+00,True
family_upper_bound,s2_t2,random_amplitude,history_relative_l2,std,0.0689017323537,0.0689017323537,0.000e+00,0.000e+00,True
family_upper_bound,s2_t2,random_amplitude,history_relative_l2,median,0.823197543621,0.823197543621,0.000e+00,0.000e+00,True
family_upper_bound,s2_t2,random_amplitude,history_relative_l2,iqr,0.0730076432228,0.0730076432228,0.000e+00,0.000e+00,True
family_upper_bound,s2_t2,random_amplitude,history_final_relative_l2,mean,0.60914952457,0.60914952457,0.000e+00,0.000e+00,True
family_upper_bound,s2_t2,random_amplitude,history_final_relative_l2,std,0.211116745445,0.211116745445,0.000e+00,0.000e+00,True
family_upper_bound,s2_t2,random_amplitude,history_final_relative_l2,median,0.663038611412,0.663038611412,0.000e+00,0.000e+00,True
family_upper_bound,s2_t2,random_amplitude,history_final_relative_l2,iqr,0.0696437954903,0.0696437954903,0.000e+00,0.000e+00,True
family_upper_bound,s2_t2,random_amplitude,history_coverage_95,mean,0.0542261909693,0.0542261909693,0.000e+00,0.000e+00,True
family_upper_bound,s2_t2,random_amplitude,history_coverage_95,std,0.0261673654747,0.0261673654747,0.000e+00,0.000e+00,True
family_upper_bound,s2_t2,random_amplitude,history_coverage_95,median,0.0667162686586,0.0667162686586,0.000e+00,0.000e+00,True
family_upper_bound,s2_t2,random_amplitude,history_coverage_95,iqr,0.0257440507412,0.0257440507412,0.000e+00,0.000e+00,True
family_upper_bound,s2_t2,random_amplitude,history_ece,mean,0.734885907173,0.734885907173,0.000e+00,0.000e+00,True
family_upper_bound,s2_t2,random_amplitude,history_ece,std,0.0259893454477,0.0259893454477,0.000e+00,0.000e+00,True
family_upper_bound,s2_t2,random_amplitude,history_ece,median,0.721626996994,0.721626996994,0.000e+00,0.000e+00,True
family_upper_bound,s2_t2,random_amplitude,history_ece,iqr,0.0263268947601,0.0263268947601,0.000e+00,0.000e+00,True
family_upper_bound,s2_t2,random_amplitude,history_nll,mean,602153.703125,602153.703125,0.000e+00,0.000e+00,True
family_upper_bound,s2_t2,random_amplitude,history_nll,std,788360.442105,788360.442105,0.000e+00,0.000e+00,True
family_upper_bound,s2_t2,random_amplitude,history_nll,median,253799.09375,253799.09375,0.000e+00,0.000e+00,True
family_upper_bound,s2_t2,random_amplitude,history_nll,iqr,115257.828125,115257.828125,0.000e+00,0.000e+00,True
family_upper_bound,s2_t2,random_amplitude,calibrated_history_coverage_95,mean,0.834067487717,0.834067487717,0.000e+00,0.000e+00,True
family_upper_bound,s2_t2,random_amplitude,calibrated_history_coverage_95,std,0.0373289276193,0.0373289276193,6.939e-18,6.939e-18,True
family_upper_bound,s2_t2,random_amplitude,calibrated_history_coverage_95,median,0.827976226807,0.827976226807,0.000e+00,0.000e+00,True
family_upper_bound,s2_t2,random_amplitude,calibrated_history_coverage_95,iqr,0.0188491940498,0.0188491940498,0.000e+00,0.000e+00,True
family_upper_bound,s2_t2,random_amplitude,calibrated_history_ece,mean,0.108368039131,0.108368039131,0.000e+00,0.000e+00,True
family_upper_bound,s2_t2,random_amplitude,calibrated_history_ece,std,0.014572890183,0.014572890183,0.000e+00,0.000e+00,True
family_upper_bound,s2_t2,random_amplitude,calibrated_history_ece,median,0.101215258241,0.101215258241,0.000e+00,0.000e+00,True
family_upper_bound,s2_t2,random_amplitude,calibrated_history_ece,iqr,0.012896835804,0.012896835804,0.000e+00,0.000e+00,True
family_upper_bound,s2_t2,random_amplitude,calibrated_history_nll,mean,2808.91044922,2808.91044922,0.000e+00,0.000e+00,True
family_upper_bound,s2_t2,random_amplitude,calibrated_history_nll,std,1354.0093986,1354.0093986,2.274e-13,1.679e-16,True
family_upper_bound,s2_t2,random_amplitude,calibrated_history_nll,median,2959.17675781,2959.17675781,0.000e+00,0.000e+00,True
family_upper_bound,s2_t2,random_amplitude,calibrated_history_nll,iqr,1962.01391602,1962.01391602,0.000e+00,0.000e+00,True
family_upper_bound,s2_t2,random_amplitude,calibrated_history_spread_scale,mean,10000,10000,0.000e+00,0.000e+00,True
family_upper_bound,s2_t2,random_amplitude,calibrated_history_spread_scale,std,0,0,0.000e+00,0.000e+00,True
family_upper_bound,s2_t2,random_amplitude,calibrated_history_spread_scale,median,10000,10000,0.000e+00,0.000e+00,True
family_upper_bound,s2_t2,random_amplitude,calibrated_history_spread_scale,iqr,0,0,0.000e+00,0.000e+00,True
family_upper_bound,s2_t2,random_amplitude,field_coverage_95,mean,0.00276692715415,0.00276692715415,0.000e+00,0.000e+00,True
family_upper_bound,s2_t2,random_amplitude,field_coverage_95,std,0.00537725551752,0.00537725551752,0.000e+00,0.000e+00,True
family_upper_bound,s2_t2,random_amplitude,field_coverage_95,median,0.00048828125,0.00048828125,0.000e+00,0.000e+00,True
family_upper_bound,s2_t2,random_amplitude,field_coverage_95,iqr,0.000651041700621,0.000651041700621,0.000e+00,0.000e+00,True
family_upper_bound,s2_t2,random_amplitude,field_ece,mean,0.784822583199,0.784822583199,0.000e+00,0.000e+00,True
family_upper_bound,s2_t2,random_amplitude,field_ece,std,0.00531044463216,0.00531044463216,0.000e+00,0.000e+00,True
family_upper_bound,s2_t2,random_amplitude,field_ece,median,0.787011682987,0.787011682987,0.000e+00,0.000e+00,True
family_upper_bound,s2_t2,random_amplitude,field_ece,iqr,0.00048828125,0.00048828125,0.000e+00,0.000e+00,True
family_upper_bound,s2_t2,random_amplitude,field_nll,mean,226021.832813,226021.832813,0.000e+00,0.000e+00,True
family_upper_bound,s2_t2,random_amplitude,field_nll,std,283062.357811,283062.357811,0.000e+00,0.000e+00,True
family_upper_bound,s2_t2,random_amplitude,field_nll,median,79235,79235,0.000e+00,0.000e+00,True
family_upper_bound,s2_t2,random_amplitude,field_nll,iqr,107869.898438,107869.898438,0.000e+00,0.000e+00,True
family_upper_bound,s2_t2,random_amplitude,field_crps,mean,0.0425968039781,0.0425968039781,0.000e+00,0.000e+00,True
family_upper_bound,s2_t2,random_amplitude,field_crps,std,0.0247269380986,0.0247269380986,0.000e+00,0.000e+00,True
family_upper_bound,s2_t2,random_amplitude,field_crps,median,0.0277406983078,0.0277406983078,0.000e+00,0.000e+00,True
family_upper_bound,s2_t2,random_amplitude,field_crps,iqr,0.0242398101836,0.0242398101836,0.000e+00,0.000e+00,True
family_upper_bound,s2_t2,random_amplitude,calibrated_field_coverage_95,mean,0.834570336342,0.834570336342,0.000e+00,0.000e+00,True
family_upper_bound,s2_t2,random_amplitude,calibrated_field_coverage_95,std,0.0838250494148,0.0838250494148,0.000e+00,0.000e+00,True
family_upper_bound,s2_t2,random_amplitude,calibrated_field_coverage_95,median,0.81380212307,0.81380212307,0.000e+00,0.000e+00,True
family_upper_bound,s2_t2,random_amplitude,calibrated_field_coverage_95,iqr,0.0755208730698,0.0755208730698,0.000e+00,0.000e+00,True
family_upper_bound,s2_t2,random_amplitude,calibrated_field_ece,mean,0.117744129896,0.117744129896,0.000e+00,0.000e+00,True
family_upper_bound,s2_t2,random_amplitude,calibrated_field_ece,std,0.0195206946124,0.0195206946124,0.000e+00,0.000e+00,True
family_upper_bound,s2_t2,random_amplitude,calibrated_field_ece,median,0.114469394088,0.114469394088,0.000e+00,0.000e+00,True
family_upper_bound,s2_t2,random_amplitude,calibrated_field_ece,iqr,0.0173665732145,0.0173665732145,0.000e+00,0.000e+00,True
family_upper_bound,s2_t2,random_amplitude,calibrated_field_nll,mean,0.583484721184,0.583484721184,0.000e+00,0.000e+00,True
family_upper_bound,s2_t2,random_amplitude,calibrated_field_nll,std,2.48450031603,2.48450031603,0.000e+00,0.000e+00,True
family_upper_bound,s2_t2,random_amplitude,calibrated_field_nll,median,-0.500970005989,-0.500970005989,0.000e+00,0.000e+00,True
family_upper_bound,s2_t2,random_amplitude,calibrated_field_nll,iqr,0.158674716949,0.158674716949,0.000e+00,0.000e+00,True
family_upper_bound,s2_t2,random_amplitude,calibrated_field_crps,mean,0.0609437614679,0.0609437614679,0.000e+00,0.000e+00,True
family_upper_bound,s2_t2,random_amplitude,calibrated_field_crps,std,0.0338946010783,0.0338946010783,0.000e+00,0.000e+00,True
family_upper_bound,s2_t2,random_amplitude,calibrated_field_crps,median,0.0530468448997,0.0530468448997,0.000e+00,0.000e+00,True
family_upper_bound,s2_t2,random_amplitude,calibrated_field_crps,iqr,0.0478640645742,0.0478640645742,0.000e+00,0.000e+00,True
family_upper_bound,s2_t2,random_amplitude,calibrated_field_spread_scale,mean,7961.03779297,7961.03779297,0.000e+00,0.000e+00,True
family_upper_bound,s2_t2,random_amplitude,calibrated_field_spread_scale,std,3183.25599525,3183.25599525,4.547e-13,1.429e-16,True
family_upper_bound,s2_t2,random_amplitude,calibrated_field_spread_scale,median,10000,10000,0.000e+00,0.000e+00,True
family_upper_bound,s2_t2,random_amplitude,calibrated_field_spread_scale,iqr,2934.97363281,2934.97363281,0.000e+00,0.000e+00,True
family_upper_bound,s2_t2,random_amplitude,posterior_calibration_num_calibration,mean,4,4,0.000e+00,0.000e+00,True
family_upper_bound,s2_t2,random_amplitude,posterior_calibration_num_calibration,std,0,0,0.000e+00,0.000e+00,True
family_upper_bound,s2_t2,random_amplitude,posterior_calibration_num_calibration,median,4,4,0.000e+00,0.000e+00,True
family_upper_bound,s2_t2,random_amplitude,posterior_calibration_num_calibration,iqr,0,0,0.000e+00,0.000e+00,True
family_upper_bound,s2_t2,random_amplitude,posterior_calibration_num_test,mean,4,4,0.000e+00,0.000e+00,True
family_upper_bound,s2_t2,random_amplitude,posterior_calibration_num_test,std,0,0,0.000e+00,0.000e+00,True
family_upper_bound,s2_t2,random_amplitude,posterior_calibration_num_test,median,4,4,0.000e+00,0.000e+00,True
family_upper_bound,s2_t2,random_amplitude,posterior_calibration_num_test,iqr,0,0,0.000e+00,0.000e+00,True
family_upper_bound,s2_t2,pre_stress,sparse_observation_relative_l2,mean,14.5337105751,14.5337105751,0.000e+00,0.000e+00,True
family_upper_bound,s2_t2,pre_stress,sparse_observation_relative_l2,std,21.4681841701,21.4681841701,3.553e-15,1.655e-16,True
family_upper_bound,s2_t2,pre_stress,sparse_observation_relative_l2,median,5.49310874939,5.49310874939,0.000e+00,0.000e+00,True
family_upper_bound,s2_t2,pre_stress,sparse_observation_relative_l2,iqr,6.40265798569,6.40265798569,0.000e+00,0.000e+00,True
family_upper_bound,s2_t2,pre_stress,rollout_displacement_relative_l2,mean,2.29512944221,2.29512944221,0.000e+00,0.000e+00,True
family_upper_bound,s2_t2,pre_stress,rollout_displacement_relative_l2,std,2.5451234858,2.5451234858,0.000e+00,0.000e+00,True
family_upper_bound,s2_t2,pre_stress,rollout_displacement_relative_l2,median,0.937835872173,0.937835872173,0.000e+00,0.000e+00,True
family_upper_bound,s2_t2,pre_stress,rollout_displacement_relative_l2,iqr,1.12601476908,1.12601476908,0.000e+00,0.000e+00,True
family_upper_bound,s2_t2,pre_stress,material_parameter_relative_l2,mean,0.2805778265,0.2805778265,0.000e+00,0.000e+00,True
family_upper_bound,s2_t2,pre_stress,material_parameter_relative_l2,std,0.0735044001316,0.0735044001316,0.000e+00,0.000e+00,True
family_upper_bound,s2_t2,pre_stress,material_parameter_relative_l2,median,0.307826071978,0.307826071978,0.000e+00,0.000e+00,True
family_upper_bound,s2_t2,pre_stress,material_parameter_relative_l2,iqr,0.00906637310982,0.00906637310982,0.000e+00,0.000e+00,True
family_upper_bound,s2_t2,pre_stress,material_parameter_coverage_95,mean,0.0291666679084,0.0291666679084,0.000e+00,0.000e+00,True
family_upper_bound,s2_t2,pre_stress,material_parameter_coverage_95,std,0.0456435485842,0.0456435485842,0.000e+00,0.000e+00,True
family_upper_bound,s2_t2,pre_stress,material_parameter_coverage_95,median,0,0,0.000e+00,0.000e+00,True
family_upper_bound,s2_t2,pre_stress,material_parameter_coverage_95,iqr,0.0416666679084,0.0416666679084,0.000e+00,0.000e+00,True
family_upper_bound,s2_t2,pre_stress,material_parameter_ece,mean,0.761458313465,0.761458313465,0.000e+00,0.000e+00,True
family_upper_bound,s2_t2,pre_stress,material_parameter_ece,std,0.0429490066937,0.0429490066937,0.000e+00,0.000e+00,True
family_upper_bound,s2_t2,pre_stress,material_parameter_ece,median,0.787499964237,0.787499964237,0.000e+00,0.000e+00,True
family_upper_bound,s2_t2,pre_stress,material_parameter_ece,iqr,0.0312499403954,0.0312499403954,0.000e+00,0.000e+00,True
family_upper_bound,s2_t2,pre_stress,material_parameter_nll,mean,27800.6591797,27800.6591797,0.000e+00,0.000e+00,True
family_upper_bound,s2_t2,pre_stress,material_parameter_nll,std,18087.6307577,18087.6307577,0.000e+00,0.000e+00,True
family_upper_bound,s2_t2,pre_stress,material_parameter_nll,median,21351.390625,21351.390625,0.000e+00,0.000e+00,True
family_upper_bound,s2_t2,pre_stress,material_parameter_nll,iqr,18915.9785156,18915.9785156,0.000e+00,0.000e+00,True
family_upper_bound,s2_t2,pre_stress,calibrated_material_parameter_coverage_95,mean,0.908333349228,0.908333349228,0.000e+00,0.000e+00,True
family_upper_bound,s2_t2,pre_stress,calibrated_material_parameter_coverage_95,std,0.0994778132055,0.0994778132055,1.388e-17,1.388e-17,True
family_upper_bound,s2_t2,pre_stress,calibrated_material_parameter_coverage_95,median,0.95833337307,0.95833337307,0.000e+00,0.000e+00,True
family_upper_bound,s2_t2,pre_stress,calibrated_material_parameter_coverage_95,iqr,0.0833333730698,0.0833333730698,0.000e+00,0.000e+00,True
family_upper_bound,s2_t2,pre_stress,calibrated_material_parameter_ece,mean,0.152083346248,0.152083346248,0.000e+00,0.000e+00,True
family_upper_bound,s2_t2,pre_stress,calibrated_material_parameter_ece,std,0.0390034136404,0.0390034136404,0.000e+00,0.000e+00,True
family_upper_bound,s2_t2,pre_stress,calibrated_material_parameter_ece,median,0.13958337903,0.13958337903,0.000e+00,0.000e+00,True
family_upper_bound,s2_t2,pre_stress,calibrated_material_parameter_ece,iqr,0.0624999701977,0.0624999701977,0.000e+00,0.000e+00,True
family_upper_bound,s2_t2,pre_stress,calibrated_material_parameter_nll,mean,2.95798792839,2.95798792839,0.000e+00,0.000e+00,True
family_upper_bound,s2_t2,pre_stress,calibrated_material_parameter_nll,std,4.07278620928,4.07278620928,0.000e+00,0.000e+00,True
family_upper_bound,s2_t2,pre_stress,calibrated_material_parameter_nll,median,1.28852212429,1.28852212429,0.000e+00,0.000e+00,True
family_upper_bound,s2_t2,pre_stress,calibrated_material_parameter_nll,iqr,0.43688249588,0.43688249588,0.000e+00,0.000e+00,True
family_upper_bound,s2_t2,pre_stress,calibrated_material_parameter_spread_scale,mean,342.179574585,342.179574585,0.000e+00,0.000e+00,True
family_upper_bound,s2_t2,pre_stress,calibrated_material_parameter_spread_scale,std,217.545184486,217.545184486,0.000e+00,0.000e+00,True
family_upper_bound,s2_t2,pre_stress,calibrated_material_parameter_spread_scale,median,308.230865479,308.230865479,0.000e+00,0.000e+00,True
family_upper_bound,s2_t2,pre_stress,calibrated_material_parameter_spread_scale,iqr,272.903564453,272.903564453,0.000e+00,0.000e+00,True
family_upper_bound,s2_t2,pre_stress,history_relative_l2,mean,0.768920469284,0.768920469284,0.000e+00,0.000e+00,True
family_upper_bound,s2_t2,pre_stress,history_relative_l2,std,0.133978503999,0.133978503999,0.000e+00,0.000e+00,True
family_upper_bound,s2_t2,pre_stress,history_relative_l2,median,0.813193321228,0.813193321228,0.000e+00,0.000e+00,True
family_upper_bound,s2_t2,pre_stress,history_relative_l2,iqr,0.0797344446182,0.0797344446182,0.000e+00,0.000e+00,True
family_upper_bound,s2_t2,pre_stress,history_final_relative_l2,mean,0.626991403103,0.626991403103,0.000e+00,0.000e+00,True
family_upper_bound,s2_t2,pre_stress,history_final_relative_l2,std,0.228536079368,0.228536079368,2.776e-17,2.776e-17,True
family_upper_bound,s2_t2,pre_stress,history_final_relative_l2,median,0.699430346489,0.699430346489,0.000e+00,0.000e+00,True
family_upper_bound,s2_t2,pre_stress,history_final_relative_l2,iqr,0.134811758995,0.134811758995,0.000e+00,0.000e+00,True
family_upper_bound,s2_t2,pre_stress,history_coverage_95,mean,0.0438306435943,0.0438306435943,0.000e+00,0.000e+00,True
family_upper_bound,s2_t2,pre_stress,history_coverage_95,std,0.0127789123442,0.0127789123442,0.000e+00,0.000e+00,True
family_upper_bound,s2_t2,pre_stress,history_coverage_95,median,0.0401713699102,0.0401713699102,0.000e+00,0.000e+00,True
family_upper_bound,s2_t2,pre_stress,history_coverage_95,iqr,0.0145665332675,0.0145665332675,0.000e+00,0.000e+00,True
family_upper_bound,s2_t2,pre_stress,history_ece,mean,0.745128524303,0.745128524303,0.000e+00,0.000e+00,True
family_upper_bound,s2_t2,pre_stress,history_ece,std,0.0126723254079,0.0126723254079,0.000e+00,0.000e+00,True
family_upper_bound,s2_t2,pre_stress,history_ece,median,0.74862653017,0.74862653017,0.000e+00,0.000e+00,True
family_upper_bound,s2_t2,pre_stress,history_ece,iqr,0.0137852430344,0.0137852430344,0.000e+00,0.000e+00,True
family_upper_bound,s2_t2,pre_stress,history_nll,mean,814922.4625,814922.4625,0.000e+00,0.000e+00,True
family_upper_bound,s2_t2,pre_stress,history_nll,std,744108.587459,744108.587459,0.000e+00,0.000e+00,True
family_upper_bound,s2_t2,pre_stress,history_nll,median,653625.875,653625.875,0.000e+00,0.000e+00,True
family_upper_bound,s2_t2,pre_stress,history_nll,iqr,904299.421875,904299.421875,0.000e+00,0.000e+00,True
family_upper_bound,s2_t2,pre_stress,calibrated_history_coverage_95,mean,0.855161273479,0.855161273479,0.000e+00,0.000e+00,True
family_upper_bound,s2_t2,pre_stress,calibrated_history_coverage_95,std,0.0630328390177,0.0630328390177,0.000e+00,0.000e+00,True
family_upper_bound,s2_t2,pre_stress,calibrated_history_coverage_95,median,0.836794316769,0.836794316769,0.000e+00,0.000e+00,True
family_upper_bound,s2_t2,pre_stress,calibrated_history_coverage_95,iqr,0.0481855273247,0.0481855273247,0.000e+00,0.000e+00,True
family_upper_bound,s2_t2,pre_stress,calibrated_history_ece,mean,0.128109875321,0.128109875321,0.000e+00,0.000e+00,True
family_upper_bound,s2_t2,pre_stress,calibrated_history_ece,std,0.0111829963203,0.0111829963203,0.000e+00,0.000e+00,True
family_upper_bound,s2_t2,pre_stress,calibrated_history_ece,median,0.125025182962,0.125025182962,0.000e+00,0.000e+00,True
family_upper_bound,s2_t2,pre_stress,calibrated_history_ece,iqr,0.011920362711,0.011920362711,0.000e+00,0.000e+00,True
family_upper_bound,s2_t2,pre_stress,calibrated_history_nll,mean,5227.47231522,5227.47231522,0.000e+00,0.000e+00,True
family_upper_bound,s2_t2,pre_stress,calibrated_history_nll,std,8354.19294331,8354.19294331,0.000e+00,0.000e+00,True
family_upper_bound,s2_t2,pre_stress,calibrated_history_nll,median,1718.51989746,1718.51989746,0.000e+00,0.000e+00,True
family_upper_bound,s2_t2,pre_stress,calibrated_history_nll,iqr,1503.41906738,1503.41906738,0.000e+00,0.000e+00,True
family_upper_bound,s2_t2,pre_stress,calibrated_history_spread_scale,mean,9329.41386719,9329.41386719,0.000e+00,0.000e+00,True
family_upper_bound,s2_t2,pre_stress,calibrated_history_spread_scale,std,1499.47617774,1499.47617774,0.000e+00,0.000e+00,True
family_upper_bound,s2_t2,pre_stress,calibrated_history_spread_scale,median,10000,10000,0.000e+00,0.000e+00,True
family_upper_bound,s2_t2,pre_stress,calibrated_history_spread_scale,iqr,0,0,0.000e+00,0.000e+00,True
family_upper_bound,s2_t2,pre_stress,field_coverage_95,mean,0.000813802104676,0.000813802104676,0.000e+00,0.000e+00,True
family_upper_bound,s2_t2,pre_stress,field_coverage_95,std,0.000727886728238,0.000727886728238,0.000e+00,0.000e+00,True
family_upper_bound,s2_t2,pre_stress,field_coverage_95,median,0.000651041686069,0.000651041686069,0.000e+00,0.000e+00,True
family_upper_bound,s2_t2,pre_stress,field_coverage_95,iqr,0.000976562529104,0.000976562529104,0.000e+00,0.000e+00,True
family_upper_bound,s2_t2,pre_stress,field_ece,mean,0.786881518364,0.786881518364,0.000e+00,0.000e+00,True
family_upper_bound,s2_t2,pre_stress,field_ece,std,0.000523785703459,0.000523785703459,0.000e+00,0.000e+00,True
family_upper_bound,s2_t2,pre_stress,field_ece,median,0.787011742592,0.787011742592,0.000e+00,0.000e+00,True
family_upper_bound,s2_t2,pre_stress,field_ece,iqr,0.000854551792145,0.000854551792145,0.000e+00,0.000e+00,True
family_upper_bound,s2_t2,pre_stress,field_nll,mean,201813.337891,201813.337891,0.000e+00,0.000e+00,True
family_upper_bound,s2_t2,pre_stress,field_nll,std,386382.263557,386382.263557,0.000e+00,0.000e+00,True
family_upper_bound,s2_t2,pre_stress,field_nll,median,17134.9824219,17134.9824219,0.000e+00,0.000e+00,True
family_upper_bound,s2_t2,pre_stress,field_nll,iqr,54684.84375,54684.84375,0.000e+00,0.000e+00,True
family_upper_bound,s2_t2,pre_stress,field_crps,mean,0.0323681883514,0.0323681883514,0.000e+00,0.000e+00,True
family_upper_bound,s2_t2,pre_stress,field_crps,std,0.0348054413546,0.0348054413546,0.000e+00,0.000e+00,True
family_upper_bound,s2_t2,pre_stress,field_crps,median,0.0144780185074,0.0144780185074,0.000e+00,0.000e+00,True
family_upper_bound,s2_t2,pre_stress,field_crps,iqr,0.0183845050633,0.0183845050633,0.000e+00,0.000e+00,True
family_upper_bound,s2_t2,pre_stress,calibrated_field_coverage_95,mean,0.872721374035,0.872721374035,0.000e+00,0.000e+00,True
family_upper_bound,s2_t2,pre_stress,calibrated_field_coverage_95,std,0.145286442871,0.145286442871,0.000e+00,0.000e+00,True
family_upper_bound,s2_t2,pre_stress,calibrated_field_coverage_95,median,0.934244811535,0.934244811535,0.000e+00,0.000e+00,True
family_upper_bound,s2_t2,pre_stress,calibrated_field_coverage_95,iqr,0.0556640625,0.0556640625,0.000e+00,0.000e+00,True
family_upper_bound,s2_t2,pre_stress,calibrated_field_ece,mean,0.150058600307,0.150058600307,0.000e+00,0.000e+00,True
family_upper_bound,s2_t2,pre_stress,calibrated_field_ece,std,0.0608700870759,0.0608700870759,0.000e+00,0.000e+00,True
family_upper_bound,s2_t2,pre_stress,calibrated_field_ece,median,0.136800140142,0.136800140142,0.000e+00,0.000e+00,True
family_upper_bound,s2_t2,pre_stress,calibrated_field_ece,iqr,0.060432985425,0.060432985425,0.000e+00,0.000e+00,True
family_upper_bound,s2_t2,pre_stress,calibrated_field_nll,mean,-1.18173885942,-1.18173885942,0.000e+00,0.000e+00,True
family_upper_bound,s2_t2,pre_stress,calibrated_field_nll,std,0.784673892612,0.784673892612,0.000e+00,0.000e+00,True
family_upper_bound,s2_t2,pre_stress,calibrated_field_nll,median,-1.33052682877,-1.33052682877,0.000e+00,0.000e+00,True
family_upper_bound,s2_t2,pre_stress,calibrated_field_nll,iqr,0.322089195251,0.322089195251,0.000e+00,0.000e+00,True
family_upper_bound,s2_t2,pre_stress,calibrated_field_crps,mean,0.0358561445028,0.0358561445028,0.000e+00,0.000e+00,True
family_upper_bound,s2_t2,pre_stress,calibrated_field_crps,std,0.0177719548273,0.0177719548273,0.000e+00,0.000e+00,True
family_upper_bound,s2_t2,pre_stress,calibrated_field_crps,median,0.0346922166646,0.0346922166646,0.000e+00,0.000e+00,True
family_upper_bound,s2_t2,pre_stress,calibrated_field_crps,iqr,0.0222920253873,0.0222920253873,0.000e+00,0.000e+00,True
family_upper_bound,s2_t2,pre_stress,calibrated_field_spread_scale,mean,6500.11337891,6500.11337891,0.000e+00,0.000e+00,True
family_upper_bound,s2_t2,pre_stress,calibrated_field_spread_scale,std,3961.42443428,3961.42443428,0.000e+00,0.000e+00,True
family_upper_bound,s2_t2,pre_stress,calibrated_field_spread_scale,median,7884.74365234,7884.74365234,0.000e+00,0.000e+00,True
family_upper_bound,s2_t2,pre_stress,calibrated_field_spread_scale,iqr,6915.29711914,6915.29711914,0.000e+00,0.000e+00,True
family_upper_bound,s2_t2,pre_stress,posterior_calibration_num_calibration,mean,4,4,0.000e+00,0.000e+00,True
family_upper_bound,s2_t2,pre_stress,posterior_calibration_num_calibration,std,0,0,0.000e+00,0.000e+00,True
family_upper_bound,s2_t2,pre_stress,posterior_calibration_num_calibration,median,4,4,0.000e+00,0.000e+00,True
family_upper_bound,s2_t2,pre_stress,posterior_calibration_num_calibration,iqr,0,0,0.000e+00,0.000e+00,True
family_upper_bound,s2_t2,pre_stress,posterior_calibration_num_test,mean,4,4,0.000e+00,0.000e+00,True
family_upper_bound,s2_t2,pre_stress,posterior_calibration_num_test,std,0,0,0.000e+00,0.000e+00,True
family_upper_bound,s2_t2,pre_stress,posterior_calibration_num_test,median,4,4,0.000e+00,0.000e+00,True
family_upper_bound,s2_t2,pre_stress,posterior_calibration_num_test,iqr,0,0,0.000e+00,0.000e+00,True
family_upper_bound,s4_t2,monotonic,sparse_observation_relative_l2,mean,2.14664996862,2.14664996862,0.000e+00,0.000e+00,True
family_upper_bound,s4_t2,monotonic,sparse_observation_relative_l2,std,2.02553546842,2.02553546842,0.000e+00,0.000e+00,True
family_upper_bound,s4_t2,monotonic,sparse_observation_relative_l2,median,1.14098668098,1.14098668098,0.000e+00,0.000e+00,True
family_upper_bound,s4_t2,monotonic,sparse_observation_relative_l2,iqr,1.26573896408,1.26573896408,0.000e+00,0.000e+00,True
family_upper_bound,s4_t2,monotonic,rollout_displacement_relative_l2,mean,1.86754080057,1.86754080057,0.000e+00,0.000e+00,True
family_upper_bound,s4_t2,monotonic,rollout_displacement_relative_l2,std,1.79006921091,1.79006921091,2.220e-16,1.240e-16,True
family_upper_bound,s4_t2,monotonic,rollout_displacement_relative_l2,median,0.943480968475,0.943480968475,0.000e+00,0.000e+00,True
family_upper_bound,s4_t2,monotonic,rollout_displacement_relative_l2,iqr,0.867733895779,0.867733895779,0.000e+00,0.000e+00,True
family_upper_bound,s4_t2,monotonic,material_parameter_relative_l2,mean,0.296558362246,0.296558362246,0.000e+00,0.000e+00,True
family_upper_bound,s4_t2,monotonic,material_parameter_relative_l2,std,0.105564838527,0.105564838527,0.000e+00,0.000e+00,True
family_upper_bound,s4_t2,monotonic,material_parameter_relative_l2,median,0.306643456221,0.306643456221,0.000e+00,0.000e+00,True
family_upper_bound,s4_t2,monotonic,material_parameter_relative_l2,iqr,0.0966370105743,0.0966370105743,0.000e+00,0.000e+00,True
family_upper_bound,s4_t2,monotonic,material_parameter_coverage_95,mean,0.0125000003725,0.0125000003725,0.000e+00,0.000e+00,True
family_upper_bound,s4_t2,monotonic,material_parameter_coverage_95,std,0.0114108869548,0.0114108869548,0.000e+00,0.000e+00,True
family_upper_bound,s4_t2,monotonic,material_parameter_coverage_95,median,0.0208333339542,0.0208333339542,0.000e+00,0.000e+00,True
family_upper_bound,s4_t2,monotonic,material_parameter_coverage_95,iqr,0.0208333339542,0.0208333339542,0.000e+00,0.000e+00,True
family_upper_bound,s4_t2,monotonic,material_parameter_ece,mean,0.778124988079,0.778124988079,0.000e+00,0.000e+00,True
family_upper_bound,s4_t2,monotonic,material_parameter_ece,std,0.00931693269093,0.00931693269093,0.000e+00,0.000e+00,True
family_upper_bound,s4_t2,monotonic,material_parameter_ece,median,0.777083337307,0.777083337307,0.000e+00,0.000e+00,True
family_upper_bound,s4_t2,monotonic,material_parameter_ece,iqr,0.0156249403954,0.0156249403954,0.000e+00,0.000e+00,True
family_upper_bound,s4_t2,monotonic,material_parameter_nll,mean,20818.9042969,20818.9042969,0.000e+00,0.000e+00,True
family_upper_bound,s4_t2,monotonic,material_parameter_nll,std,20717.0607097,20717.0607097,0.000e+00,0.000e+00,True
family_upper_bound,s4_t2,monotonic,material_parameter_nll,median,8096.28613281,8096.28613281,0.000e+00,0.000e+00,True
family_upper_bound,s4_t2,monotonic,material_parameter_nll,iqr,21876.9121094,21876.9121094,0.000e+00,0.000e+00,True
family_upper_bound,s4_t2,monotonic,calibrated_material_parameter_coverage_95,mean,0.983333349228,0.983333349228,0.000e+00,0.000e+00,True
family_upper_bound,s4_t2,monotonic,calibrated_material_parameter_coverage_95,std,0.0228217514648,0.0228217514648,0.000e+00,0.000e+00,True
family_upper_bound,s4_t2,monotonic,calibrated_material_parameter_coverage_95,median,1,1,0.000e+00,0.000e+00,True
family_upper_bound,s4_t2,monotonic,calibrated_material_parameter_coverage_95,iqr,0.0416666269302,0.0416666269302,0.000e+00,0.000e+00,True
family_upper_bound,s4_t2,monotonic,calibrated_material_parameter_ece,mean,0.170833361149,0.170833361149,0.000e+00,0.000e+00,True
family_upper_bound,s4_t2,monotonic,calibrated_material_parameter_ece,std,0.0321063140687,0.0321063140687,0.000e+00,0.000e+00,True
family_upper_bound,s4_t2,monotonic,calibrated_material_parameter_ece,median,0.17083337903,0.17083337903,0.000e+00,0.000e+00,True
family_upper_bound,s4_t2,monotonic,calibrated_material_parameter_ece,iqr,0.0520833283663,0.0520833283663,0.000e+00,0.000e+00,True
family_upper_bound,s4_t2,monotonic,calibrated_material_parameter_nll,mean,1.34693443775,1.34693443775,0.000e+00,0.000e+00,True
family_upper_bound,s4_t2,monotonic,calibrated_material_parameter_nll,std,0.551135639119,0.551135639119,0.000e+00,0.000e+00,True
family_upper_bound,s4_t2,monotonic,calibrated_material_parameter_nll,median,1.14085006714,1.14085006714,0.000e+00,0.000e+00,True
family_upper_bound,s4_t2,monotonic,calibrated_material_parameter_nll,iqr,0.614153265953,0.614153265953,0.000e+00,0.000e+00,True
family_upper_bound,s4_t2,monotonic,calibrated_material_parameter_spread_scale,mean,566.246405029,566.246405029,0.000e+00,0.000e+00,True
family_upper_bound,s4_t2,monotonic,calibrated_material_parameter_spread_scale,std,364.647410995,364.647410995,0.000e+00,0.000e+00,True
family_upper_bound,s4_t2,monotonic,calibrated_material_parameter_spread_scale,median,457.050964355,457.050964355,0.000e+00,0.000e+00,True
family_upper_bound,s4_t2,monotonic,calibrated_material_parameter_spread_scale,iqr,348.441345215,348.441345215,0.000e+00,0.000e+00,True
family_upper_bound,s4_t2,monotonic,history_relative_l2,mean,0.690459895134,0.690459895134,0.000e+00,0.000e+00,True
family_upper_bound,s4_t2,monotonic,history_relative_l2,std,0.112512087721,0.112512087721,0.000e+00,0.000e+00,True
family_upper_bound,s4_t2,monotonic,history_relative_l2,median,0.74046933651,0.74046933651,0.000e+00,0.000e+00,True
family_upper_bound,s4_t2,monotonic,history_relative_l2,iqr,0.120114445686,0.120114445686,0.000e+00,0.000e+00,True
family_upper_bound,s4_t2,monotonic,history_final_relative_l2,mean,0.477816715837,0.477816715837,0.000e+00,0.000e+00,True
family_upper_bound,s4_t2,monotonic,history_final_relative_l2,std,0.261274044394,0.261274044394,0.000e+00,0.000e+00,True
family_upper_bound,s4_t2,monotonic,history_final_relative_l2,median,0.62262815237,0.62262815237,0.000e+00,0.000e+00,True
family_upper_bound,s4_t2,monotonic,history_final_relative_l2,iqr,0.439874336123,0.439874336123,0.000e+00,0.000e+00,True
family_upper_bound,s4_t2,monotonic,history_coverage_95,mean,0.0253808603622,0.0253808603622,0.000e+00,0.000e+00,True
family_upper_bound,s4_t2,monotonic,history_coverage_95,std,0.0208430742795,0.0208430742795,0.000e+00,0.000e+00,True
family_upper_bound,s4_t2,monotonic,history_coverage_95,median,0.0167968757451,0.0167968757451,0.000e+00,0.000e+00,True
family_upper_bound,s4_t2,monotonic,history_coverage_95,iqr,0.0267578149214,0.0267578149214,0.000e+00,0.000e+00,True
family_upper_bound,s4_t2,monotonic,history_ece,mean,0.763107895851,0.763107895851,0.000e+00,0.000e+00,True
family_upper_bound,s4_t2,monotonic,history_ece,std,0.0206698748627,0.0206698748627,0.000e+00,0.000e+00,True
family_upper_bound,s4_t2,monotonic,history_ece,median,0.77159422636,0.77159422636,0.000e+00,0.000e+00,True
family_upper_bound,s4_t2,monotonic,history_ece,iqr,0.0268067121506,0.0268067121506,0.000e+00,0.000e+00,True
family_upper_bound,s4_t2,monotonic,history_nll,mean,498867.784375,498867.784375,0.000e+00,0.000e+00,True
family_upper_bound,s4_t2,monotonic,history_nll,std,531970.220155,531970.220155,1.164e-10,2.188e-16,True
family_upper_bound,s4_t2,monotonic,history_nll,median,297636.09375,297636.09375,0.000e+00,0.000e+00,True
family_upper_bound,s4_t2,monotonic,history_nll,iqr,190757.65625,190757.65625,0.000e+00,0.000e+00,True
family_upper_bound,s4_t2,monotonic,calibrated_history_coverage_95,mean,0.848222672939,0.848222672939,0.000e+00,0.000e+00,True
family_upper_bound,s4_t2,monotonic,calibrated_history_coverage_95,std,0.0600857818189,0.0600857818189,6.939e-18,6.939e-18,True
family_upper_bound,s4_t2,monotonic,calibrated_history_coverage_95,median,0.878222644329,0.878222644329,0.000e+00,0.000e+00,True
family_upper_bound,s4_t2,monotonic,calibrated_history_coverage_95,iqr,0.0586913824081,0.0586913824081,0.000e+00,0.000e+00,True
family_upper_bound,s4_t2,monotonic,calibrated_history_ece,mean,0.12403807044,0.12403807044,0.000e+00,0.000e+00,True
family_upper_bound,s4_t2,monotonic,calibrated_history_ece,std,0.0173625903142,0.0173625903142,0.000e+00,0.000e+00,True
family_upper_bound,s4_t2,monotonic,calibrated_history_ece,median,0.118774399161,0.118774399161,0.000e+00,0.000e+00,True
family_upper_bound,s4_t2,monotonic,calibrated_history_ece,iqr,0.0118408203125,0.0118408203125,0.000e+00,0.000e+00,True
family_upper_bound,s4_t2,monotonic,calibrated_history_nll,mean,2406.37040081,2406.37040081,0.000e+00,0.000e+00,True
family_upper_bound,s4_t2,monotonic,calibrated_history_nll,std,1885.23556955,1885.23556955,0.000e+00,0.000e+00,True
family_upper_bound,s4_t2,monotonic,calibrated_history_nll,median,1904.90856934,1904.90856934,0.000e+00,0.000e+00,True
family_upper_bound,s4_t2,monotonic,calibrated_history_nll,iqr,2850.93347168,2850.93347168,0.000e+00,0.000e+00,True
family_upper_bound,s4_t2,monotonic,calibrated_history_spread_scale,mean,8930.3359375,8930.3359375,0.000e+00,0.000e+00,True
family_upper_bound,s4_t2,monotonic,calibrated_history_spread_scale,std,2391.84155684,2391.84155684,0.000e+00,0.000e+00,True
family_upper_bound,s4_t2,monotonic,calibrated_history_spread_scale,median,10000,10000,0.000e+00,0.000e+00,True
family_upper_bound,s4_t2,monotonic,calibrated_history_spread_scale,iqr,0,0,0.000e+00,0.000e+00,True
family_upper_bound,s4_t2,monotonic,field_coverage_95,mean,0.00169270838087,0.00169270838087,0.000e+00,0.000e+00,True
family_upper_bound,s4_t2,monotonic,field_coverage_95,std,0.00239097219374,0.00239097219374,0.000e+00,0.000e+00,True
family_upper_bound,s4_t2,monotonic,field_coverage_95,median,0.00048828125,0.00048828125,0.000e+00,0.000e+00,True
family_upper_bound,s4_t2,monotonic,field_coverage_95,iqr,0.00195312507276,0.00195312507276,0.000e+00,0.000e+00,True
family_upper_bound,s4_t2,monotonic,field_ece,mean,0.786124658585,0.786124658585,0.000e+00,0.000e+00,True
family_upper_bound,s4_t2,monotonic,field_ece,std,0.0019316843971,0.0019316843971,0.000e+00,0.000e+00,True
family_upper_bound,s4_t2,monotonic,field_ece,median,0.787093043327,0.787093043327,0.000e+00,0.000e+00,True
family_upper_bound,s4_t2,monotonic,field_ece,iqr,0.00162762403488,0.00162762403488,0.000e+00,0.000e+00,True
family_upper_bound,s4_t2,monotonic,field_nll,mean,220217.811328,220217.811328,0.000e+00,0.000e+00,True
family_upper_bound,s4_t2,monotonic,field_nll,std,394925.513777,394925.513777,0.000e+00,0.000e+00,True
family_upper_bound,s4_t2,monotonic,field_nll,median,32927.2578125,32927.2578125,0.000e+00,0.000e+00,True
family_upper_bound,s4_t2,monotonic,field_nll,iqr,76109.8222656,76109.8222656,0.000e+00,0.000e+00,True
family_upper_bound,s4_t2,monotonic,field_crps,mean,0.0344173554331,0.0344173554331,0.000e+00,0.000e+00,True
family_upper_bound,s4_t2,monotonic,field_crps,std,0.0331762779872,0.0331762779872,0.000e+00,0.000e+00,True
family_upper_bound,s4_t2,monotonic,field_crps,median,0.0172778815031,0.0172778815031,0.000e+00,0.000e+00,True
family_upper_bound,s4_t2,monotonic,field_crps,iqr,0.0206622155383,0.0206622155383,0.000e+00,0.000e+00,True
family_upper_bound,s4_t2,monotonic,calibrated_field_coverage_95,mean,0.888476574421,0.888476574421,0.000e+00,0.000e+00,True
family_upper_bound,s4_t2,monotonic,calibrated_field_coverage_95,std,0.105167051106,0.105167051106,0.000e+00,0.000e+00,True
family_upper_bound,s4_t2,monotonic,calibrated_field_coverage_95,median,0.855143249035,0.855143249035,0.000e+00,0.000e+00,True
family_upper_bound,s4_t2,monotonic,calibrated_field_coverage_95,iqr,0.136067688465,0.136067688465,0.000e+00,0.000e+00,True
family_upper_bound,s4_t2,monotonic,calibrated_field_ece,mean,0.131442058086,0.131442058086,0.000e+00,0.000e+00,True
family_upper_bound,s4_t2,monotonic,calibrated_field_ece,std,0.0636094891534,0.0636094891534,0.000e+00,0.000e+00,True
family_upper_bound,s4_t2,monotonic,calibrated_field_ece,median,0.134993478656,0.134993478656,0.000e+00,0.000e+00,True
family_upper_bound,s4_t2,monotonic,calibrated_field_ece,iqr,0.101350948215,0.101350948215,0.000e+00,0.000e+00,True
family_upper_bound,s4_t2,monotonic,calibrated_field_nll,mean,-1.28508808613,-1.28508808613,0.000e+00,0.000e+00,True
family_upper_bound,s4_t2,monotonic,calibrated_field_nll,std,0.738288567147,0.738288567147,0.000e+00,0.000e+00,True
family_upper_bound,s4_t2,monotonic,calibrated_field_nll,median,-1.63439750671,-1.63439750671,0.000e+00,0.000e+00,True
family_upper_bound,s4_t2,monotonic,calibrated_field_nll,iqr,1.09754389524,1.09754389524,0.000e+00,0.000e+00,True
family_upper_bound,s4_t2,monotonic,calibrated_field_crps,mean,0.0460443839431,0.0460443839431,0.000e+00,0.000e+00,True
family_upper_bound,s4_t2,monotonic,calibrated_field_crps,std,0.0322869792413,0.0322869792413,0.000e+00,0.000e+00,True
family_upper_bound,s4_t2,monotonic,calibrated_field_crps,median,0.0274863094091,0.0274863094091,0.000e+00,0.000e+00,True
family_upper_bound,s4_t2,monotonic,calibrated_field_crps,iqr,0.0522586852312,0.0522586852312,0.000e+00,0.000e+00,True
family_upper_bound,s4_t2,monotonic,calibrated_field_spread_scale,mean,4875.77822266,4875.77822266,0.000e+00,0.000e+00,True
family_upper_bound,s4_t2,monotonic,calibrated_field_spread_scale,std,3571.71844886,3571.71844886,0.000e+00,0.000e+00,True
family_upper_bound,s4_t2,monotonic,calibrated_field_spread_scale,median,4698.62597656,4698.62597656,0.000e+00,0.000e+00,True
family_upper_bound,s4_t2,monotonic,calibrated_field_spread_scale,iqr,4514.48608398,4514.48608398,0.000e+00,0.000e+00,True
family_upper_bound,s4_t2,monotonic,posterior_calibration_num_calibration,mean,4,4,0.000e+00,0.000e+00,True
family_upper_bound,s4_t2,monotonic,posterior_calibration_num_calibration,std,0,0,0.000e+00,0.000e+00,True
family_upper_bound,s4_t2,monotonic,posterior_calibration_num_calibration,median,4,4,0.000e+00,0.000e+00,True
family_upper_bound,s4_t2,monotonic,posterior_calibration_num_calibration,iqr,0,0,0.000e+00,0.000e+00,True
family_upper_bound,s4_t2,monotonic,posterior_calibration_num_test,mean,4,4,0.000e+00,0.000e+00,True
family_upper_bound,s4_t2,monotonic,posterior_calibration_num_test,std,0,0,0.000e+00,0.000e+00,True
family_upper_bound,s4_t2,monotonic,posterior_calibration_num_test,median,4,4,0.000e+00,0.000e+00,True
family_upper_bound,s4_t2,monotonic,posterior_calibration_num_test,iqr,0,0,0.000e+00,0.000e+00,True
family_upper_bound,s4_t2,unload_reload,sparse_observation_relative_l2,mean,1.97608705759,1.97608705759,0.000e+00,0.000e+00,True
family_upper_bound,s4_t2,unload_reload,sparse_observation_relative_l2,std,1.80071249604,1.80071249604,0.000e+00,0.000e+00,True
family_upper_bound,s4_t2,unload_reload,sparse_observation_relative_l2,median,1.05167686939,1.05167686939,0.000e+00,0.000e+00,True
family_upper_bound,s4_t2,unload_reload,sparse_observation_relative_l2,iqr,1.09484541416,1.09484541416,0.000e+00,0.000e+00,True
family_upper_bound,s4_t2,unload_reload,rollout_displacement_relative_l2,mean,1.57286115885,1.57286115885,0.000e+00,0.000e+00,True
family_upper_bound,s4_t2,unload_reload,rollout_displacement_relative_l2,std,1.23221758548,1.23221758548,0.000e+00,0.000e+00,True
family_upper_bound,s4_t2,unload_reload,rollout_displacement_relative_l2,median,0.926014125347,0.926014125347,0.000e+00,0.000e+00,True
family_upper_bound,s4_t2,unload_reload,rollout_displacement_relative_l2,iqr,0.654365539551,0.654365539551,0.000e+00,0.000e+00,True
family_upper_bound,s4_t2,unload_reload,material_parameter_relative_l2,mean,0.292832186818,0.292832186818,0.000e+00,0.000e+00,True
family_upper_bound,s4_t2,unload_reload,material_parameter_relative_l2,std,0.114441019557,0.114441019557,1.388e-17,1.388e-17,True
family_upper_bound,s4_t2,unload_reload,material_parameter_relative_l2,median,0.328507840633,0.328507840633,0.000e+00,0.000e+00,True
family_upper_bound,s4_t2,unload_reload,material_parameter_relative_l2,iqr,0.125661373138,0.125661373138,0.000e+00,0.000e+00,True
family_upper_bound,s4_t2,unload_reload,material_parameter_coverage_95,mean,0.0166666667908,0.0166666667908,0.000e+00,0.000e+00,True
family_upper_bound,s4_t2,unload_reload,material_parameter_coverage_95,std,0.0271633433788,0.0271633433788,3.469e-18,3.469e-18,True
family_upper_bound,s4_t2,unload_reload,material_parameter_coverage_95,median,0,0,0.000e+00,0.000e+00,True
family_upper_bound,s4_t2,unload_reload,material_parameter_coverage_95,iqr,0.0208333339542,0.0208333339542,0.000e+00,0.000e+00,True
family_upper_bound,s4_t2,unload_reload,material_parameter_ece,mean,0.779166638851,0.779166638851,0.000e+00,0.000e+00,True
family_upper_bound,s4_t2,unload_reload,material_parameter_ece,std,0.0119904820586,0.0119904820586,0.000e+00,0.000e+00,True
family_upper_bound,s4_t2,unload_reload,material_parameter_ece,median,0.787499964237,0.787499964237,0.000e+00,0.000e+00,True
family_upper_bound,s4_t2,unload_reload,material_parameter_ece,iqr,0.0156249403954,0.0156249403954,0.000e+00,0.000e+00,True
family_upper_bound,s4_t2,unload_reload,material_parameter_nll,mean,19660.752002,19660.752002,0.000e+00,0.000e+00,True
family_upper_bound,s4_t2,unload_reload,material_parameter_nll,std,19644.2769533,19644.2769533,0.000e+00,0.000e+00,True
family_upper_bound,s4_t2,unload_reload,material_parameter_nll,median,7316.16357422,7316.16357422,0.000e+00,0.000e+00,True
family_upper_bound,s4_t2,unload_reload,material_parameter_nll,iqr,29937.4296875,29937.4296875,0.000e+00,0.000e+00,True
family_upper_bound,s4_t2,unload_reload,calibrated_material_parameter_coverage_95,mean,0.983333337307,0.983333337307,0.000e+00,0.000e+00,True
family_upper_bound,s4_t2,unload_reload,calibrated_material_parameter_coverage_95,std,0.0372677907397,0.0372677907397,0.000e+00,0.000e+00,True
family_upper_bound,s4_t2,unload_reload,calibrated_material_parameter_coverage_95,median,1,1,0.000e+00,0.000e+00,True
family_upper_bound,s4_t2,unload_reload,calibrated_material_parameter_coverage_95,iqr,0,0,0.000e+00,0.000e+00,True
family_upper_bound,s4_t2,unload_reload,calibrated_material_parameter_ece,mean,0.122083351016,0.122083351016,0.000e+00,0.000e+00,True
family_upper_bound,s4_t2,unload_reload,calibrated_material_parameter_ece,std,0.0469467112229,0.0469467112229,0.000e+00,0.000e+00,True
family_upper_bound,s4_t2,unload_reload,calibrated_material_parameter_ece,median,0.129166692495,0.129166692495,0.000e+00,0.000e+00,True
family_upper_bound,s4_t2,unload_reload,calibrated_material_parameter_ece,iqr,0.0208333581686,0.0208333581686,0.000e+00,0.000e+00,True
family_upper_bound,s4_t2,unload_reload,calibrated_material_parameter_nll,mean,1.07554988861,1.07554988861,0.000e+00,0.000e+00,True
family_upper_bound,s4_t2,unload_reload,calibrated_material_parameter_nll,std,0.42210845112,0.42210845112,0.000e+00,0.000e+00,True
family_upper_bound,s4_t2,unload_reload,calibrated_material_parameter_nll,median,1.04074990749,1.04074990749,0.000e+00,0.000e+00,True
family_upper_bound,s4_t2,unload_reload,calibrated_material_parameter_nll,iqr,0.313826560974,0.313826560974,0.000e+00,0.000e+00,True
family_upper_bound,s4_t2,unload_reload,calibrated_material_parameter_spread_scale,mean,443.963076782,443.963076782,0.000e+00,0.000e+00,True
family_upper_bound,s4_t2,unload_reload,calibrated_material_parameter_spread_scale,std,349.585912787,349.585912787,5.684e-14,1.626e-16,True
family_upper_bound,s4_t2,unload_reload,calibrated_material_parameter_spread_scale,median,283.43145752,283.43145752,0.000e+00,0.000e+00,True
family_upper_bound,s4_t2,unload_reload,calibrated_material_parameter_spread_scale,iqr,379.202163696,379.202163696,0.000e+00,0.000e+00,True
family_upper_bound,s4_t2,unload_reload,history_relative_l2,mean,0.826616799831,0.826616799831,0.000e+00,0.000e+00,True
family_upper_bound,s4_t2,unload_reload,history_relative_l2,std,0.148072281113,0.148072281113,2.776e-17,2.776e-17,True
family_upper_bound,s4_t2,unload_reload,history_relative_l2,median,0.835058927536,0.835058927536,0.000e+00,0.000e+00,True
family_upper_bound,s4_t2,unload_reload,history_relative_l2,iqr,0.20433229208,0.20433229208,0.000e+00,0.000e+00,True
family_upper_bound,s4_t2,unload_reload,history_final_relative_l2,mean,0.474437850714,0.474437850714,0.000e+00,0.000e+00,True
family_upper_bound,s4_t2,unload_reload,history_final_relative_l2,std,0.258349673249,0.258349673249,0.000e+00,0.000e+00,True
family_upper_bound,s4_t2,unload_reload,history_final_relative_l2,median,0.606681406498,0.606681406498,0.000e+00,0.000e+00,True
family_upper_bound,s4_t2,unload_reload,history_final_relative_l2,iqr,0.459546327591,0.459546327591,0.000e+00,0.000e+00,True
family_upper_bound,s4_t2,unload_reload,history_coverage_95,mean,0.0549023453146,0.0549023453146,0.000e+00,0.000e+00,True
family_upper_bound,s4_t2,unload_reload,history_coverage_95,std,0.0305562573927,0.0305562573927,0.000e+00,0.000e+00,True
family_upper_bound,s4_t2,unload_reload,history_coverage_95,median,0.0654785186052,0.0654785186052,0.000e+00,0.000e+00,True
family_upper_bound,s4_t2,unload_reload,history_coverage_95,iqr,0.0350097641349,0.0350097641349,0.000e+00,0.000e+00,True
family_upper_bound,s4_t2,unload_reload,history_ece,mean,0.733845221996,0.733845221996,0.000e+00,0.000e+00,True
family_upper_bound,s4_t2,unload_reload,history_ece,std,0.0303859137897,0.0303859137897,3.469e-18,3.469e-18,True
family_upper_bound,s4_t2,unload_reload,history_ece,median,0.723889172077,0.723889172077,0.000e+00,0.000e+00,True
family_upper_bound,s4_t2,unload_reload,history_ece,iqr,0.0361083745956,0.0361083745956,0.000e+00,0.000e+00,True
family_upper_bound,s4_t2,unload_reload,history_nll,mean,1129238.43281,1129238.43281,0.000e+00,0.000e+00,True
family_upper_bound,s4_t2,unload_reload,history_nll,std,1292366.19135,1292366.19135,0.000e+00,0.000e+00,True
family_upper_bound,s4_t2,unload_reload,history_nll,median,569139.8125,569139.8125,0.000e+00,0.000e+00,True
family_upper_bound,s4_t2,unload_reload,history_nll,iqr,1503908.01562,1503908.01562,0.000e+00,0.000e+00,True
family_upper_bound,s4_t2,unload_reload,calibrated_history_coverage_95,mean,0.825722670555,0.825722670555,0.000e+00,0.000e+00,True
family_upper_bound,s4_t2,unload_reload,calibrated_history_coverage_95,std,0.0717176873127,0.0717176873127,0.000e+00,0.000e+00,True
family_upper_bound,s4_t2,unload_reload,calibrated_history_coverage_95,median,0.854785144329,0.854785144329,0.000e+00,0.000e+00,True
family_upper_bound,s4_t2,unload_reload,calibrated_history_coverage_95,iqr,0.03857421875,0.03857421875,0.000e+00,0.000e+00,True
family_upper_bound,s4_t2,unload_reload,calibrated_history_ece,mean,0.118666979671,0.118666979671,0.000e+00,0.000e+00,True
family_upper_bound,s4_t2,unload_reload,calibrated_history_ece,std,0.0358387984806,0.0358387984806,0.000e+00,0.000e+00,True
family_upper_bound,s4_t2,unload_reload,calibrated_history_ece,median,0.112036108971,0.112036108971,0.000e+00,0.000e+00,True
family_upper_bound,s4_t2,unload_reload,calibrated_history_ece,iqr,0.00104978680611,0.00104978680611,0.000e+00,0.000e+00,True
family_upper_bound,s4_t2,unload_reload,calibrated_history_nll,mean,2885.48935547,2885.48935547,0.000e+00,0.000e+00,True
family_upper_bound,s4_t2,unload_reload,calibrated_history_nll,std,2542.57714555,2542.57714555,0.000e+00,0.000e+00,True
family_upper_bound,s4_t2,unload_reload,calibrated_history_nll,median,1959.1907959,1959.1907959,0.000e+00,0.000e+00,True
family_upper_bound,s4_t2,unload_reload,calibrated_history_nll,iqr,1808.72937012,1808.72937012,0.000e+00,0.000e+00,True
family_upper_bound,s4_t2,unload_reload,calibrated_history_spread_scale,mean,10000,10000,0.000e+00,0.000e+00,True
family_upper_bound,s4_t2,unload_reload,calibrated_history_spread_scale,std,0,0,0.000e+00,0.000e+00,True
family_upper_bound,s4_t2,unload_reload,calibrated_history_spread_scale,median,10000,10000,0.000e+00,0.000e+00,True
family_upper_bound,s4_t2,unload_reload,calibrated_history_spread_scale,iqr,0,0,0.000e+00,0.000e+00,True
family_upper_bound,s4_t2,unload_reload,field_coverage_95,mean,0.00358072932577,0.00358072932577,0.000e+00,0.000e+00,True
family_upper_bound,s4_t2,unload_reload,field_coverage_95,std,0.00391810022371,0.00391810022371,8.674e-19,8.674e-19,True
family_upper_bound,s4_t2,unload_reload,field_coverage_95,median,0.00244140625,0.00244140625,0.000e+00,0.000e+00,True
family_upper_bound,s4_t2,unload_reload,field_coverage_95,iqr,0.00488281264552,0.00488281264552,0.000e+00,0.000e+00,True
family_upper_bound,s4_t2,unload_reload,field_ece,mean,0.785026049614,0.785026049614,0.000e+00,0.000e+00,True
family_upper_bound,s4_t2,unload_reload,field_ece,std,0.00243925854481,0.00243925854481,0.000e+00,0.000e+00,True
family_upper_bound,s4_t2,unload_reload,field_ece,median,0.785465478897,0.785465478897,0.000e+00,0.000e+00,True
family_upper_bound,s4_t2,unload_reload,field_ece,iqr,0.00345861911774,0.00345861911774,0.000e+00,0.000e+00,True
family_upper_bound,s4_t2,unload_reload,field_nll,mean,230591.657812,230591.657812,0.000e+00,0.000e+00,True
family_upper_bound,s4_t2,unload_reload,field_nll,std,363297.160328,363297.160328,0.000e+00,0.000e+00,True
family_upper_bound,s4_t2,unload_reload,field_nll,median,50262.4453125,50262.4453125,0.000e+00,0.000e+00,True
family_upper_bound,s4_t2,unload_reload,field_nll,iqr,92630.71875,92630.71875,0.000e+00,0.000e+00,True
family_upper_bound,s4_t2,unload_reload,field_crps,mean,0.0387815732509,0.0387815732509,0.000e+00,0.000e+00,True
family_upper_bound,s4_t2,unload_reload,field_crps,std,0.029742774871,0.029742774871,0.000e+00,0.000e+00,True
family_upper_bound,s4_t2,unload_reload,field_crps,median,0.0228507425636,0.0228507425636,0.000e+00,0.000e+00,True
family_upper_bound,s4_t2,unload_reload,field_crps,iqr,0.0222434289753,0.0222434289753,0.000e+00,0.000e+00,True
family_upper_bound,s4_t2,unload_reload,calibrated_field_coverage_95,mean,0.879166686535,0.879166686535,0.000e+00,0.000e+00,True
family_upper_bound,s4_t2,unload_reload,calibrated_field_coverage_95,std,0.105097719885,0.105097719885,0.000e+00,0.000e+00,True
family_upper_bound,s4_t2,unload_reload,calibrated_field_coverage_95,median,0.89388024807,0.89388024807,0.000e+00,0.000e+00,True
family_upper_bound,s4_t2,unload_reload,calibrated_field_coverage_95,iqr,0.0325520634651,0.0325520634651,0.000e+00,0.000e+00,True
family_upper_bound,s4_t2,unload_reload,calibrated_field_ece,mean,0.116604812443,0.116604812443,0.000e+00,0.000e+00,True
family_upper_bound,s4_t2,unload_reload,calibrated_field_ece,std,0.0705238092664,0.0705238092664,0.000e+00,0.000e+00,True
family_upper_bound,s4_t2,unload_reload,calibrated_field_ece,median,0.0978190153837,0.0978190153837,0.000e+00,0.000e+00,True
family_upper_bound,s4_t2,unload_reload,calibrated_field_ece,iqr,0.0914876312017,0.0914876312017,0.000e+00,0.000e+00,True
family_upper_bound,s4_t2,unload_reload,calibrated_field_nll,mean,-0.873543986678,-0.873543986678,0.000e+00,0.000e+00,True
family_upper_bound,s4_t2,unload_reload,calibrated_field_nll,std,0.586348158231,0.586348158231,0.000e+00,0.000e+00,True
family_upper_bound,s4_t2,unload_reload,calibrated_field_nll,median,-0.819768428802,-0.819768428802,0.000e+00,0.000e+00,True
family_upper_bound,s4_t2,unload_reload,calibrated_field_nll,iqr,0.273505270481,0.273505270481,0.000e+00,0.000e+00,True
family_upper_bound,s4_t2,unload_reload,calibrated_field_crps,mean,0.160896136984,0.160896136984,0.000e+00,0.000e+00,True
family_upper_bound,s4_t2,unload_reload,calibrated_field_crps,std,0.247520575466,0.247520575466,0.000e+00,0.000e+00,True
family_upper_bound,s4_t2,unload_reload,calibrated_field_crps,median,0.057849984616,0.057849984616,0.000e+00,0.000e+00,True
family_upper_bound,s4_t2,unload_reload,calibrated_field_crps,iqr,0.0231838263571,0.0231838263571,0.000e+00,0.000e+00,True
family_upper_bound,s4_t2,unload_reload,calibrated_field_spread_scale,mean,5833.51450195,5833.51450195,0.000e+00,0.000e+00,True
family_upper_bound,s4_t2,unload_reload,calibrated_field_spread_scale,std,3741.19890106,3741.19890106,0.000e+00,0.000e+00,True
family_upper_bound,s4_t2,unload_reload,calibrated_field_spread_scale,median,5565.03076172,5565.03076172,0.000e+00,0.000e+00,True
family_upper_bound,s4_t2,unload_reload,calibrated_field_spread_scale,iqr,5535.29199219,5535.29199219,0.000e+00,0.000e+00,True
family_upper_bound,s4_t2,unload_reload,posterior_calibration_num_calibration,mean,4,4,0.000e+00,0.000e+00,True
family_upper_bound,s4_t2,unload_reload,posterior_calibration_num_calibration,std,0,0,0.000e+00,0.000e+00,True
family_upper_bound,s4_t2,unload_reload,posterior_calibration_num_calibration,median,4,4,0.000e+00,0.000e+00,True
family_upper_bound,s4_t2,unload_reload,posterior_calibration_num_calibration,iqr,0,0,0.000e+00,0.000e+00,True
family_upper_bound,s4_t2,unload_reload,posterior_calibration_num_test,mean,4,4,0.000e+00,0.000e+00,True
family_upper_bound,s4_t2,unload_reload,posterior_calibration_num_test,std,0,0,0.000e+00,0.000e+00,True
family_upper_bound,s4_t2,unload_reload,posterior_calibration_num_test,median,4,4,0.000e+00,0.000e+00,True
family_upper_bound,s4_t2,unload_reload,posterior_calibration_num_test,iqr,0,0,0.000e+00,0.000e+00,True
family_upper_bound,s4_t2,cyclic,sparse_observation_relative_l2,mean,2.52680277824,2.52680277824,0.000e+00,0.000e+00,True
family_upper_bound,s4_t2,cyclic,sparse_observation_relative_l2,std,2.91533325282,2.91533325282,0.000e+00,0.000e+00,True
family_upper_bound,s4_t2,cyclic,sparse_observation_relative_l2,median,1.01551866531,1.01551866531,0.000e+00,0.000e+00,True
family_upper_bound,s4_t2,cyclic,sparse_observation_relative_l2,iqr,1.18697756529,1.18697756529,0.000e+00,0.000e+00,True
family_upper_bound,s4_t2,cyclic,rollout_displacement_relative_l2,mean,1.380780828,1.380780828,0.000e+00,0.000e+00,True
family_upper_bound,s4_t2,cyclic,rollout_displacement_relative_l2,std,0.92008647578,0.92008647578,1.110e-16,1.110e-16,True
family_upper_bound,s4_t2,cyclic,rollout_displacement_relative_l2,median,0.922678112984,0.922678112984,0.000e+00,0.000e+00,True
family_upper_bound,s4_t2,cyclic,rollout_displacement_relative_l2,iqr,0.337637960911,0.337637960911,0.000e+00,0.000e+00,True
family_upper_bound,s4_t2,cyclic,material_parameter_relative_l2,mean,0.241531652212,0.241531652212,0.000e+00,0.000e+00,True
family_upper_bound,s4_t2,cyclic,material_parameter_relative_l2,std,0.106330115048,0.106330115048,0.000e+00,0.000e+00,True
family_upper_bound,s4_t2,cyclic,material_parameter_relative_l2,median,0.243086844683,0.243086844683,0.000e+00,0.000e+00,True
family_upper_bound,s4_t2,cyclic,material_parameter_relative_l2,iqr,0.120781853795,0.120781853795,0.000e+00,0.000e+00,True
family_upper_bound,s4_t2,cyclic,material_parameter_coverage_95,mean,0.0125000003725,0.0125000003725,0.000e+00,0.000e+00,True
family_upper_bound,s4_t2,cyclic,material_parameter_coverage_95,std,0.0186339003678,0.0186339003678,0.000e+00,0.000e+00,True
family_upper_bound,s4_t2,cyclic,material_parameter_coverage_95,median,0,0,0.000e+00,0.000e+00,True
family_upper_bound,s4_t2,cyclic,material_parameter_coverage_95,iqr,0.0208333339542,0.0208333339542,0.000e+00,0.000e+00,True
family_upper_bound,s4_t2,cyclic,material_parameter_ece,mean,0.782291638851,0.782291638851,0.000e+00,0.000e+00,True
family_upper_bound,s4_t2,cyclic,material_parameter_ece,std,0.0073656886129,0.0073656886129,0.000e+00,0.000e+00,True
family_upper_bound,s4_t2,cyclic,material_parameter_ece,median,0.787499964237,0.787499964237,0.000e+00,0.000e+00,True
family_upper_bound,s4_t2,cyclic,material_parameter_ece,iqr,0.0104166269302,0.0104166269302,0.000e+00,0.000e+00,True
family_upper_bound,s4_t2,cyclic,material_parameter_nll,mean,27303.8574463,27303.8574463,0.000e+00,0.000e+00,True
family_upper_bound,s4_t2,cyclic,material_parameter_nll,std,35905.473562,35905.473562,0.000e+00,0.000e+00,True
family_upper_bound,s4_t2,cyclic,material_parameter_nll,median,4724.18310547,4724.18310547,0.000e+00,0.000e+00,True
family_upper_bound,s4_t2,cyclic,material_parameter_nll,iqr,37218.0361328,37218.0361328,0.000e+00,0.000e+00,True
family_upper_bound,s4_t2,cyclic,calibrated_material_parameter_coverage_95,mean,0.991666674614,0.991666674614,0.000e+00,0.000e+00,True
family_upper_bound,s4_t2,cyclic,calibrated_material_parameter_coverage_95,std,0.0186338820418,0.0186338820418,0.000e+00,0.000e+00,True
family_upper_bound,s4_t2,cyclic,calibrated_material_parameter_coverage_95,median,1,1,0.000e+00,0.000e+00,True
family_upper_bound,s4_t2,cyclic,calibrated_material_parameter_coverage_95,iqr,0,0,0.000e+00,0.000e+00,True
family_upper_bound,s4_t2,cyclic,calibrated_material_parameter_ece,mean,0.164583352208,0.164583352208,0.000e+00,0.000e+00,True
family_upper_bound,s4_t2,cyclic,calibrated_material_parameter_ece,std,0.0239809566736,0.0239809566736,0.000e+00,0.000e+00,True
family_upper_bound,s4_t2,cyclic,calibrated_material_parameter_ece,median,0.170833349228,0.170833349228,0.000e+00,0.000e+00,True
family_upper_bound,s4_t2,cyclic,calibrated_material_parameter_ece,iqr,0.0416666269302,0.0416666269302,0.000e+00,0.000e+00,True
family_upper_bound,s4_t2,cyclic,calibrated_material_parameter_nll,mean,1.1204387784,1.1204387784,0.000e+00,0.000e+00,True
family_upper_bound,s4_t2,cyclic,calibrated_material_parameter_nll,std,0.689382477675,0.689382477675,0.000e+00,0.000e+00,True
family_upper_bound,s4_t2,cyclic,calibrated_material_parameter_nll,median,0.934343934059,0.934343934059,0.000e+00,0.000e+00,True
family_upper_bound,s4_t2,cyclic,calibrated_material_parameter_nll,iqr,0.496564507484,0.496564507484,0.000e+00,0.000e+00,True
family_upper_bound,s4_t2,cyclic,calibrated_material_parameter_spread_scale,mean,576.704547119,576.704547119,0.000e+00,0.000e+00,True
family_upper_bound,s4_t2,cyclic,calibrated_material_parameter_spread_scale,std,551.750189376,551.750189376,0.000e+00,0.000e+00,True
family_upper_bound,s4_t2,cyclic,calibrated_material_parameter_spread_scale,median,378.656311035,378.656311035,0.000e+00,0.000e+00,True
family_upper_bound,s4_t2,cyclic,calibrated_material_parameter_spread_scale,iqr,512.717834473,512.717834473,0.000e+00,0.000e+00,True
family_upper_bound,s4_t2,cyclic,history_relative_l2,mean,0.868257331848,0.868257331848,0.000e+00,0.000e+00,True
family_upper_bound,s4_t2,cyclic,history_relative_l2,std,0.181413542445,0.181413542445,0.000e+00,0.000e+00,True
family_upper_bound,s4_t2,cyclic,history_relative_l2,median,0.884346008301,0.884346008301,0.000e+00,0.000e+00,True
family_upper_bound,s4_t2,cyclic,history_relative_l2,iqr,0.315021038055,0.315021038055,0.000e+00,0.000e+00,True
family_upper_bound,s4_t2,cyclic,history_final_relative_l2,mean,3.08617858887,3.08617858887,0.000e+00,0.000e+00,True
family_upper_bound,s4_t2,cyclic,history_final_relative_l2,std,1.55438913863,1.55438913863,0.000e+00,0.000e+00,True
family_upper_bound,s4_t2,cyclic,history_final_relative_l2,median,2.26859092712,2.26859092712,0.000e+00,0.000e+00,True
family_upper_bound,s4_t2,cyclic,history_final_relative_l2,iqr,2.66641962528,2.66641962528,0.000e+00,0.000e+00,True
family_upper_bound,s4_t2,cyclic,history_coverage_95,mean,0.0664160180837,0.0664160180837,0.000e+00,0.000e+00,True
family_upper_bound,s4_t2,cyclic,history_coverage_95,std,0.035558367678,0.035558367678,6.939e-18,6.939e-18,True
family_upper_bound,s4_t2,cyclic,history_coverage_95,median,0.0797851607203,0.0797851607203,0.000e+00,0.000e+00,True
family_upper_bound,s4_t2,cyclic,history_coverage_95,iqr,0.0405761748552,0.0405761748552,0.000e+00,0.000e+00,True
family_upper_bound,s4_t2,cyclic,history_ece,mean,0.721906733513,0.721906733513,0.000e+00,0.000e+00,True
family_upper_bound,s4_t2,cyclic,history_ece,std,0.0355399410811,0.0355399410811,0.000e+00,0.000e+00,True
family_upper_bound,s4_t2,cyclic,history_ece,median,0.708483874798,0.708483874798,0.000e+00,0.000e+00,True
family_upper_bound,s4_t2,cyclic,history_ece,iqr,0.041259765625,0.041259765625,0.000e+00,0.000e+00,True
family_upper_bound,s4_t2,cyclic,history_nll,mean,1026152.69375,1026152.69375,0.000e+00,0.000e+00,True
family_upper_bound,s4_t2,cyclic,history_nll,std,1150384.13335,1150384.13335,0.000e+00,0.000e+00,True
family_upper_bound,s4_t2,cyclic,history_nll,median,774776.375,774776.375,0.000e+00,0.000e+00,True
family_upper_bound,s4_t2,cyclic,history_nll,iqr,894252,894252,0.000e+00,0.000e+00,True
family_upper_bound,s4_t2,cyclic,calibrated_history_coverage_95,mean,0.847968780994,0.847968780994,0.000e+00,0.000e+00,True
family_upper_bound,s4_t2,cyclic,calibrated_history_coverage_95,std,0.0230832002965,0.0230832002965,0.000e+00,0.000e+00,True
family_upper_bound,s4_t2,cyclic,calibrated_history_coverage_95,median,0.841015636921,0.841015636921,0.000e+00,0.000e+00,True
family_upper_bound,s4_t2,cyclic,calibrated_history_coverage_95,iqr,0.0068359375,0.0068359375,0.000e+00,0.000e+00,True
family_upper_bound,s4_t2,cyclic,calibrated_history_ece,mean,0.117163071036,0.117163071036,0.000e+00,0.000e+00,True
family_upper_bound,s4_t2,cyclic,calibrated_history_ece,std,0.00575493525249,0.00575493525249,0.000e+00,0.000e+00,True
family_upper_bound,s4_t2,cyclic,calibrated_history_ece,median,0.118212878704,0.118212878704,0.000e+00,0.000e+00,True
family_upper_bound,s4_t2,cyclic,calibrated_history_ece,iqr,0.00468750298023,0.00468750298023,0.000e+00,0.000e+00,True
family_upper_bound,s4_t2,cyclic,calibrated_history_nll,mean,1683.408358,1683.408358,0.000e+00,0.000e+00,True
family_upper_bound,s4_t2,cyclic,calibrated_history_nll,std,1615.26516869,1615.26516869,0.000e+00,0.000e+00,True
family_upper_bound,s4_t2,cyclic,calibrated_history_nll,median,1040.80859375,1040.80859375,0.000e+00,0.000e+00,True
family_upper_bound,s4_t2,cyclic,calibrated_history_nll,iqr,2021.13275146,2021.13275146,0.000e+00,0.000e+00,True
family_upper_bound,s4_t2,cyclic,calibrated_history_spread_scale,mean,10000,10000,0.000e+00,0.000e+00,True
family_upper_bound,s4_t2,cyclic,calibrated_history_spread_scale,std,0,0,0.000e+00,0.000e+00,True
family_upper_bound,s4_t2,cyclic,calibrated_history_spread_scale,median,10000,10000,0.000e+00,0.000e+00,True
family_upper_bound,s4_t2,cyclic,calibrated_history_spread_scale,iqr,0,0,0.000e+00,0.000e+00,True
family_upper_bound,s4_t2,cyclic,field_coverage_95,mean,0.000618489593035,0.000618489593035,0.000e+00,0.000e+00,True
family_upper_bound,s4_t2,cyclic,field_coverage_95,std,0.000556726283914,0.000556726283914,1.084e-19,1.084e-19,True
family_upper_bound,s4_t2,cyclic,field_coverage_95,median,0.00048828125,0.00048828125,0.000e+00,0.000e+00,True
family_upper_bound,s4_t2,cyclic,field_coverage_95,iqr,0.000488281279104,0.000488281279104,0.000e+00,0.000e+00,True
family_upper_bound,s4_t2,cyclic,field_ece,mean,0.786971020699,0.786971020699,0.000e+00,0.000e+00,True
family_upper_bound,s4_t2,cyclic,field_ece,std,0.000528190186626,0.000528190186626,0.000e+00,0.000e+00,True
family_upper_bound,s4_t2,cyclic,field_ece,median,0.787133812904,0.787133812904,0.000e+00,0.000e+00,True
family_upper_bound,s4_t2,cyclic,field_ece,iqr,0.000528931617737,0.000528931617737,0.000e+00,0.000e+00,True
family_upper_bound,s4_t2,cyclic,field_nll,mean,261450.8,261450.8,0.000e+00,0.000e+00,True
family_upper_bound,s4_t2,cyclic,field_nll,std,368222.791208,368222.791208,5.821e-11,1.581e-16,True
family_upper_bound,s4_t2,cyclic,field_nll,median,86502.0625,86502.0625,0.000e+00,0.000e+00,True
family_upper_bound,s4_t2,cyclic,field_nll,iqr,69621.8984375,69621.8984375,0.000e+00,0.000e+00,True
family_upper_bound,s4_t2,cyclic,field_crps,mean,0.0422979161143,0.0422979161143,0.000e+00,0.000e+00,True
family_upper_bound,s4_t2,cyclic,field_crps,std,0.0295689036926,0.0295689036926,3.469e-18,3.469e-18,True
family_upper_bound,s4_t2,cyclic,field_crps,median,0.0259464792907,0.0259464792907,0.000e+00,0.000e+00,True
family_upper_bound,s4_t2,cyclic,field_crps,iqr,0.0163702666759,0.0163702666759,0.000e+00,0.000e+00,True
family_upper_bound,s4_t2,cyclic,calibrated_field_coverage_95,mean,0.894010424614,0.894010424614,0.000e+00,0.000e+00,True
family_upper_bound,s4_t2,cyclic,calibrated_field_coverage_95,std,0.0948977310692,0.0948977310692,0.000e+00,0.000e+00,True
family_upper_bound,s4_t2,cyclic,calibrated_field_coverage_95,median,0.9189453125,0.9189453125,0.000e+00,0.000e+00,True
family_upper_bound,s4_t2,cyclic,calibrated_field_coverage_95,iqr,0.0198567509651,0.0198567509651,0.000e+00,0.000e+00,True
family_upper_bound,s4_t2,cyclic,calibrated_field_ece,mean,0.115755221248,0.115755221248,0.000e+00,0.000e+00,True
family_upper_bound,s4_t2,cyclic,calibrated_field_ece,std,0.0234758483101,0.0234758483101,0.000e+00,0.000e+00,True
family_upper_bound,s4_t2,cyclic,calibrated_field_ece,median,0.108723983169,0.108723983169,0.000e+00,0.000e+00,True
family_upper_bound,s4_t2,cyclic,calibrated_field_ece,iqr,0.0311523228884,0.0311523228884,0.000e+00,0.000e+00,True
family_upper_bound,s4_t2,cyclic,calibrated_field_nll,mean,-0.468842250109,-0.468842250109,0.000e+00,0.000e+00,True
family_upper_bound,s4_t2,cyclic,calibrated_field_nll,std,0.839008897618,0.839008897618,0.000e+00,0.000e+00,True
family_upper_bound,s4_t2,cyclic,calibrated_field_nll,median,-0.491598337889,-0.491598337889,0.000e+00,0.000e+00,True
family_upper_bound,s4_t2,cyclic,calibrated_field_nll,iqr,1.23057994246,1.23057994246,0.000e+00,0.000e+00,True
family_upper_bound,s4_t2,cyclic,calibrated_field_crps,mean,0.0644120909274,0.0644120909274,0.000e+00,0.000e+00,True
family_upper_bound,s4_t2,cyclic,calibrated_field_crps,std,0.0294232036577,0.0294232036577,0.000e+00,0.000e+00,True
family_upper_bound,s4_t2,cyclic,calibrated_field_crps,median,0.0767128020525,0.0767128020525,0.000e+00,0.000e+00,True
family_upper_bound,s4_t2,cyclic,calibrated_field_crps,iqr,0.0433736145496,0.0433736145496,0.000e+00,0.000e+00,True
family_upper_bound,s4_t2,cyclic,calibrated_field_spread_scale,mean,9652.40800781,9652.40800781,0.000e+00,0.000e+00,True
family_upper_bound,s4_t2,cyclic,calibrated_field_spread_scale,std,777.239322966,777.239322966,1.137e-13,1.463e-16,True
family_upper_bound,s4_t2,cyclic,calibrated_field_spread_scale,median,10000,10000,0.000e+00,0.000e+00,True
family_upper_bound,s4_t2,cyclic,calibrated_field_spread_scale,iqr,0,0,0.000e+00,0.000e+00,True
family_upper_bound,s4_t2,cyclic,posterior_calibration_num_calibration,mean,4,4,0.000e+00,0.000e+00,True
family_upper_bound,s4_t2,cyclic,posterior_calibration_num_calibration,std,0,0,0.000e+00,0.000e+00,True
family_upper_bound,s4_t2,cyclic,posterior_calibration_num_calibration,median,4,4,0.000e+00,0.000e+00,True
family_upper_bound,s4_t2,cyclic,posterior_calibration_num_calibration,iqr,0,0,0.000e+00,0.000e+00,True
family_upper_bound,s4_t2,cyclic,posterior_calibration_num_test,mean,4,4,0.000e+00,0.000e+00,True
family_upper_bound,s4_t2,cyclic,posterior_calibration_num_test,std,0,0,0.000e+00,0.000e+00,True
family_upper_bound,s4_t2,cyclic,posterior_calibration_num_test,median,4,4,0.000e+00,0.000e+00,True
family_upper_bound,s4_t2,cyclic,posterior_calibration_num_test,iqr,0,0,0.000e+00,0.000e+00,True
family_upper_bound,s4_t2,nonproportional,sparse_observation_relative_l2,mean,2.21996264458,2.21996264458,0.000e+00,0.000e+00,True
family_upper_bound,s4_t2,nonproportional,sparse_observation_relative_l2,std,2.43878853015,2.43878853015,4.441e-16,1.821e-16,True
family_upper_bound,s4_t2,nonproportional,sparse_observation_relative_l2,median,1.11186850071,1.11186850071,0.000e+00,0.000e+00,True
family_upper_bound,s4_t2,nonproportional,sparse_observation_relative_l2,iqr,0.619172215462,0.619172215462,0.000e+00,0.000e+00,True
family_upper_bound,s4_t2,nonproportional,rollout_displacement_relative_l2,mean,1.249614501,1.249614501,0.000e+00,0.000e+00,True
family_upper_bound,s4_t2,nonproportional,rollout_displacement_relative_l2,std,0.616473645186,0.616473645186,1.110e-16,1.110e-16,True
family_upper_bound,s4_t2,nonproportional,rollout_displacement_relative_l2,median,0.90187561512,0.90187561512,0.000e+00,0.000e+00,True
family_upper_bound,s4_t2,nonproportional,rollout_displacement_relative_l2,iqr,0.4470885396,0.4470885396,0.000e+00,0.000e+00,True
family_upper_bound,s4_t2,nonproportional,material_parameter_relative_l2,mean,0.294878038764,0.294878038764,0.000e+00,0.000e+00,True
family_upper_bound,s4_t2,nonproportional,material_parameter_relative_l2,std,0.0839300920603,0.0839300920603,1.388e-17,1.388e-17,True
family_upper_bound,s4_t2,nonproportional,material_parameter_relative_l2,median,0.347179532051,0.347179532051,0.000e+00,0.000e+00,True
family_upper_bound,s4_t2,nonproportional,material_parameter_relative_l2,iqr,0.111421480775,0.111421480775,0.000e+00,0.000e+00,True
family_upper_bound,s4_t2,nonproportional,material_parameter_coverage_95,mean,0.00833333358169,0.00833333358169,0.000e+00,0.000e+00,True
family_upper_bound,s4_t2,nonproportional,material_parameter_coverage_95,std,0.0114108869548,0.0114108869548,0.000e+00,0.000e+00,True
family_upper_bound,s4_t2,nonproportional,material_parameter_coverage_95,median,0,0,0.000e+00,0.000e+00,True
family_upper_bound,s4_t2,nonproportional,material_parameter_coverage_95,iqr,0.0208333339542,0.0208333339542,0.000e+00,0.000e+00,True
family_upper_bound,s4_t2,nonproportional,material_parameter_ece,mean,0.780208313465,0.780208313465,0.000e+00,0.000e+00,True
family_upper_bound,s4_t2,nonproportional,material_parameter_ece,std,0.0101528919203,0.0101528919203,1.735e-18,1.735e-18,True
family_upper_bound,s4_t2,nonproportional,material_parameter_ece,median,0.787499964237,0.787499964237,0.000e+00,0.000e+00,True
family_upper_bound,s4_t2,nonproportional,material_parameter_ece,iqr,0.0156249403954,0.0156249403954,0.000e+00,0.000e+00,True
family_upper_bound,s4_t2,nonproportional,material_parameter_nll,mean,16279.6419922,16279.6419922,0.000e+00,0.000e+00,True
family_upper_bound,s4_t2,nonproportional,material_parameter_nll,std,17744.7125746,17744.7125746,0.000e+00,0.000e+00,True
family_upper_bound,s4_t2,nonproportional,material_parameter_nll,median,4176.35058594,4176.35058594,0.000e+00,0.000e+00,True
family_upper_bound,s4_t2,nonproportional,material_parameter_nll,iqr,28015.3139648,28015.3139648,0.000e+00,0.000e+00,True
family_upper_bound,s4_t2,nonproportional,calibrated_material_parameter_coverage_95,mean,0.983333337307,0.983333337307,0.000e+00,0.000e+00,True
family_upper_bound,s4_t2,nonproportional,calibrated_material_parameter_coverage_95,std,0.0372677907397,0.0372677907397,0.000e+00,0.000e+00,True
family_upper_bound,s4_t2,nonproportional,calibrated_material_parameter_coverage_95,median,1,1,0.000e+00,0.000e+00,True
family_upper_bound,s4_t2,nonproportional,calibrated_material_parameter_coverage_95,iqr,0,0,0.000e+00,0.000e+00,True
family_upper_bound,s4_t2,nonproportional,calibrated_material_parameter_ece,mean,0.159583348036,0.159583348036,0.000e+00,0.000e+00,True
family_upper_bound,s4_t2,nonproportional,calibrated_material_parameter_ece,std,0.0511711767443,0.0511711767443,0.000e+00,0.000e+00,True
family_upper_bound,s4_t2,nonproportional,calibrated_material_parameter_ece,median,0.170833349228,0.170833349228,0.000e+00,0.000e+00,True
family_upper_bound,s4_t2,nonproportional,calibrated_material_parameter_ece,iqr,0.03125,0.03125,0.000e+00,0.000e+00,True
family_upper_bound,s4_t2,nonproportional,calibrated_material_parameter_nll,mean,1.07785283327,1.07785283327,0.000e+00,0.000e+00,True
family_upper_bound,s4_t2,nonproportional,calibrated_material_parameter_nll,std,0.626062556191,0.626062556191,0.000e+00,0.000e+00,True
family_upper_bound,s4_t2,nonproportional,calibrated_material_parameter_nll,median,1.12613856792,1.12613856792,0.000e+00,0.000e+00,True
family_upper_bound,s4_t2,nonproportional,calibrated_material_parameter_nll,iqr,0.520310819149,0.520310819149,0.000e+00,0.000e+00,True
family_upper_bound,s4_t2,nonproportional,calibrated_material_parameter_spread_scale,mean,374.673106384,374.673106384,0.000e+00,0.000e+00,True
family_upper_bound,s4_t2,nonproportional,calibrated_material_parameter_spread_scale,std,257.19497971,257.19497971,0.000e+00,0.000e+00,True
family_upper_bound,s4_t2,nonproportional,calibrated_material_parameter_spread_scale,median,270.538848877,270.538848877,0.000e+00,0.000e+00,True
family_upper_bound,s4_t2,nonproportional,calibrated_material_parameter_spread_scale,iqr,422.405639648,422.405639648,0.000e+00,0.000e+00,True
family_upper_bound,s4_t2,nonproportional,history_relative_l2,mean,0.810993802547,0.810993802547,0.000e+00,0.000e+00,True
family_upper_bound,s4_t2,nonproportional,history_relative_l2,std,0.216814155662,0.216814155662,0.000e+00,0.000e+00,True
family_upper_bound,s4_t2,nonproportional,history_relative_l2,median,0.819891631603,0.819891631603,0.000e+00,0.000e+00,True
family_upper_bound,s4_t2,nonproportional,history_relative_l2,iqr,0.291871190071,0.291871190071,0.000e+00,0.000e+00,True
family_upper_bound,s4_t2,nonproportional,history_final_relative_l2,mean,2.02661552429,2.02661552429,0.000e+00,0.000e+00,True
family_upper_bound,s4_t2,nonproportional,history_final_relative_l2,std,0.739422962347,0.739422962347,0.000e+00,0.000e+00,True
family_upper_bound,s4_t2,nonproportional,history_final_relative_l2,median,1.98380386829,1.98380386829,0.000e+00,0.000e+00,True
family_upper_bound,s4_t2,nonproportional,history_final_relative_l2,iqr,1.42179763317,1.42179763317,0.000e+00,0.000e+00,True
family_upper_bound,s4_t2,nonproportional,history_coverage_95,mean,0.0484374988824,0.0484374988824,0.000e+00,0.000e+00,True
family_upper_bound,s4_t2,nonproportional,history_coverage_95,std,0.033551097971,0.033551097971,6.939e-18,6.939e-18,True
family_upper_bound,s4_t2,nonproportional,history_coverage_95,median,0.0498991943896,0.0498991943896,0.000e+00,0.000e+00,True
family_upper_bound,s4_t2,nonproportional,history_coverage_95,iqr,0.061290320009,0.061290320009,0.000e+00,0.000e+00,True
family_upper_bound,s4_t2,nonproportional,history_ece,mean,0.740040314198,0.740040314198,0.000e+00,0.000e+00,True
family_upper_bound,s4_t2,nonproportional,history_ece,std,0.0337595321161,0.0337595321161,0.000e+00,0.000e+00,True
family_upper_bound,s4_t2,nonproportional,history_ece,median,0.73959171772,0.73959171772,0.000e+00,0.000e+00,True
family_upper_bound,s4_t2,nonproportional,history_ece,iqr,0.0618951320648,0.0618951320648,0.000e+00,0.000e+00,True
family_upper_bound,s4_t2,nonproportional,history_nll,mean,1547548.84688,1547548.84688,0.000e+00,0.000e+00,True
family_upper_bound,s4_t2,nonproportional,history_nll,std,1632098.59185,1632098.59185,2.328e-10,1.427e-16,True
family_upper_bound,s4_t2,nonproportional,history_nll,median,562308.8125,562308.8125,0.000e+00,0.000e+00,True
family_upper_bound,s4_t2,nonproportional,history_nll,iqr,2779195.96875,2779195.96875,0.000e+00,0.000e+00,True
family_upper_bound,s4_t2,nonproportional,calibrated_history_coverage_95,mean,0.825322568417,0.825322568417,0.000e+00,0.000e+00,True
family_upper_bound,s4_t2,nonproportional,calibrated_history_coverage_95,std,0.0340263412733,0.0340263412733,0.000e+00,0.000e+00,True
family_upper_bound,s4_t2,nonproportional,calibrated_history_coverage_95,median,0.838003993034,0.838003993034,0.000e+00,0.000e+00,True
family_upper_bound,s4_t2,nonproportional,calibrated_history_coverage_95,iqr,0.0300403237343,0.0300403237343,0.000e+00,0.000e+00,True
family_upper_bound,s4_t2,nonproportional,calibrated_history_ece,mean,0.121990925074,0.121990925074,0.000e+00,0.000e+00,True
family_upper_bound,s4_t2,nonproportional,calibrated_history_ece,std,0.00840793989621,0.00840793989621,0.000e+00,0.000e+00,True
family_upper_bound,s4_t2,nonproportional,calibrated_history_ece,median,0.118145152926,0.118145152926,0.000e+00,0.000e+00,True
family_upper_bound,s4_t2,nonproportional,calibrated_history_ece,iqr,0.00267136096954,0.00267136096954,0.000e+00,0.000e+00,True
family_upper_bound,s4_t2,nonproportional,calibrated_history_nll,mean,3110.93345108,3110.93345108,0.000e+00,0.000e+00,True
family_upper_bound,s4_t2,nonproportional,calibrated_history_nll,std,3373.91506785,3373.91506785,0.000e+00,0.000e+00,True
family_upper_bound,s4_t2,nonproportional,calibrated_history_nll,median,3545.02172852,3545.02172852,0.000e+00,0.000e+00,True
family_upper_bound,s4_t2,nonproportional,calibrated_history_nll,iqr,3665.55378723,3665.55378723,0.000e+00,0.000e+00,True
family_upper_bound,s4_t2,nonproportional,calibrated_history_spread_scale,mean,10000,10000,0.000e+00,0.000e+00,True
family_upper_bound,s4_t2,nonproportional,calibrated_history_spread_scale,std,0,0,0.000e+00,0.000e+00,True
family_upper_bound,s4_t2,nonproportional,calibrated_history_spread_scale,median,10000,10000,0.000e+00,0.000e+00,True
family_upper_bound,s4_t2,nonproportional,calibrated_history_spread_scale,iqr,0,0,0.000e+00,0.000e+00,True
family_upper_bound,s4_t2,nonproportional,field_coverage_95,mean,0.00123697920644,0.00123697920644,0.000e+00,0.000e+00,True
family_upper_bound,s4_t2,nonproportional,field_coverage_95,std,0.00106480649638,0.00106480649638,0.000e+00,0.000e+00,True
family_upper_bound,s4_t2,nonproportional,field_coverage_95,median,0.000813802122138,0.000813802122138,0.000e+00,0.000e+00,True
family_upper_bound,s4_t2,nonproportional,field_coverage_95,iqr,0.00162760424428,0.00162760424428,0.000e+00,0.000e+00,True
family_upper_bound,s4_t2,nonproportional,field_ece,mean,0.786515307426,0.786515307426,0.000e+00,0.000e+00,True
family_upper_bound,s4_t2,nonproportional,field_ece,std,0.000852753937776,0.000852753937776,1.084e-19,1.084e-19,True
family_upper_bound,s4_t2,nonproportional,field_ece,median,0.786889672279,0.786889672279,0.000e+00,0.000e+00,True
family_upper_bound,s4_t2,nonproportional,field_ece,iqr,0.00113928318024,0.00113928318024,0.000e+00,0.000e+00,True
family_upper_bound,s4_t2,nonproportional,field_nll,mean,260267.973438,260267.973438,0.000e+00,0.000e+00,True
family_upper_bound,s4_t2,nonproportional,field_nll,std,277529.897231,277529.897231,0.000e+00,0.000e+00,True
family_upper_bound,s4_t2,nonproportional,field_nll,median,113382.421875,113382.421875,0.000e+00,0.000e+00,True
family_upper_bound,s4_t2,nonproportional,field_nll,iqr,132523.773438,132523.773438,0.000e+00,0.000e+00,True
family_upper_bound,s4_t2,nonproportional,field_crps,mean,0.0454169217497,0.0454169217497,0.000e+00,0.000e+00,True
family_upper_bound,s4_t2,nonproportional,field_crps,std,0.0219263171374,0.0219263171374,0.000e+00,0.000e+00,True
family_upper_bound,s4_t2,nonproportional,field_crps,median,0.0327406190336,0.0327406190336,0.000e+00,0.000e+00,True
family_upper_bound,s4_t2,nonproportional,field_crps,iqr,0.0219305660576,0.0219305660576,0.000e+00,0.000e+00,True
family_upper_bound,s4_t2,nonproportional,calibrated_field_coverage_95,mean,0.903125023842,0.903125023842,0.000e+00,0.000e+00,True
family_upper_bound,s4_t2,nonproportional,calibrated_field_coverage_95,std,0.074669460228,0.074669460228,0.000e+00,0.000e+00,True
family_upper_bound,s4_t2,nonproportional,calibrated_field_coverage_95,median,0.8857421875,0.8857421875,0.000e+00,0.000e+00,True
family_upper_bound,s4_t2,nonproportional,calibrated_field_coverage_95,iqr,0.095703125,0.095703125,0.000e+00,0.000e+00,True
family_upper_bound,s4_t2,nonproportional,calibrated_field_ece,mean,0.128701177239,0.128701177239,0.000e+00,0.000e+00,True
family_upper_bound,s4_t2,nonproportional,calibrated_field_ece,std,0.0398286543044,0.0398286543044,0.000e+00,0.000e+00,True
family_upper_bound,s4_t2,nonproportional,calibrated_field_ece,median,0.109098300338,0.109098300338,0.000e+00,0.000e+00,True
family_upper_bound,s4_t2,nonproportional,calibrated_field_ece,iqr,0.0395833849907,0.0395833849907,0.000e+00,0.000e+00,True
family_upper_bound,s4_t2,nonproportional,calibrated_field_nll,mean,-0.00437430292368,-0.00437430292368,0.000e+00,0.000e+00,True
family_upper_bound,s4_t2,nonproportional,calibrated_field_nll,std,0.592990180254,0.592990180254,0.000e+00,0.000e+00,True
family_upper_bound,s4_t2,nonproportional,calibrated_field_nll,median,-0.069603510201,-0.069603510201,0.000e+00,0.000e+00,True
family_upper_bound,s4_t2,nonproportional,calibrated_field_nll,iqr,0.479521334171,0.479521334171,0.000e+00,0.000e+00,True
family_upper_bound,s4_t2,nonproportional,calibrated_field_crps,mean,0.0754876516759,0.0754876516759,0.000e+00,0.000e+00,True
family_upper_bound,s4_t2,nonproportional,calibrated_field_crps,std,0.0281770913967,0.0281770913967,0.000e+00,0.000e+00,True
family_upper_bound,s4_t2,nonproportional,calibrated_field_crps,median,0.0905743464828,0.0905743464828,0.000e+00,0.000e+00,True
family_upper_bound,s4_t2,nonproportional,calibrated_field_crps,iqr,0.040403816849,0.040403816849,0.000e+00,0.000e+00,True
family_upper_bound,s4_t2,nonproportional,calibrated_field_spread_scale,mean,7277.26147461,7277.26147461,0.000e+00,0.000e+00,True
family_upper_bound,s4_t2,nonproportional,calibrated_field_spread_scale,std,3563.09687862,3563.09687862,0.000e+00,0.000e+00,True
family_upper_bound,s4_t2,nonproportional,calibrated_field_spread_scale,median,9357.70410156,9357.70410156,0.000e+00,0.000e+00,True
family_upper_bound,s4_t2,nonproportional,calibrated_field_spread_scale,iqr,5199.60888672,5199.60888672,0.000e+00,0.000e+00,True
family_upper_bound,s4_t2,nonproportional,posterior_calibration_num_calibration,mean,4,4,0.000e+00,0.000e+00,True
family_upper_bound,s4_t2,nonproportional,posterior_calibration_num_calibration,std,0,0,0.000e+00,0.000e+00,True
family_upper_bound,s4_t2,nonproportional,posterior_calibration_num_calibration,median,4,4,0.000e+00,0.000e+00,True
family_upper_bound,s4_t2,nonproportional,posterior_calibration_num_calibration,iqr,0,0,0.000e+00,0.000e+00,True
family_upper_bound,s4_t2,nonproportional,posterior_calibration_num_test,mean,4,4,0.000e+00,0.000e+00,True
family_upper_bound,s4_t2,nonproportional,posterior_calibration_num_test,std,0,0,0.000e+00,0.000e+00,True
family_upper_bound,s4_t2,nonproportional,posterior_calibration_num_test,median,4,4,0.000e+00,0.000e+00,True
family_upper_bound,s4_t2,nonproportional,posterior_calibration_num_test,iqr,0,0,0.000e+00,0.000e+00,True
family_upper_bound,s4_t2,random_amplitude,sparse_observation_relative_l2,mean,8.67744474411,8.67744474411,0.000e+00,0.000e+00,True
family_upper_bound,s4_t2,random_amplitude,sparse_observation_relative_l2,std,15.0970108481,15.0970108481,0.000e+00,0.000e+00,True
family_upper_bound,s4_t2,random_amplitude,sparse_observation_relative_l2,median,2.24037075043,2.24037075043,0.000e+00,0.000e+00,True
family_upper_bound,s4_t2,random_amplitude,sparse_observation_relative_l2,iqr,2.22684431076,2.22684431076,0.000e+00,0.000e+00,True
family_upper_bound,s4_t2,random_amplitude,rollout_displacement_relative_l2,mean,1.3942726016,1.3942726016,0.000e+00,0.000e+00,True
family_upper_bound,s4_t2,random_amplitude,rollout_displacement_relative_l2,std,0.86645436357,0.86645436357,0.000e+00,0.000e+00,True
family_upper_bound,s4_t2,random_amplitude,rollout_displacement_relative_l2,median,0.941476106644,0.941476106644,0.000e+00,0.000e+00,True
family_upper_bound,s4_t2,random_amplitude,rollout_displacement_relative_l2,iqr,0.551101982594,0.551101982594,0.000e+00,0.000e+00,True
family_upper_bound,s4_t2,random_amplitude,material_parameter_relative_l2,mean,0.289760178328,0.289760178328,0.000e+00,0.000e+00,True
family_upper_bound,s4_t2,random_amplitude,material_parameter_relative_l2,std,0.117387353638,0.117387353638,0.000e+00,0.000e+00,True
family_upper_bound,s4_t2,random_amplitude,material_parameter_relative_l2,median,0.353591501713,0.353591501713,0.000e+00,0.000e+00,True
family_upper_bound,s4_t2,random_amplitude,material_parameter_relative_l2,iqr,0.187395617366,0.187395617366,0.000e+00,0.000e+00,True
family_upper_bound,s4_t2,random_amplitude,material_parameter_coverage_95,mean,0.0125000003725,0.0125000003725,0.000e+00,0.000e+00,True
family_upper_bound,s4_t2,random_amplitude,material_parameter_coverage_95,std,0.0186339003678,0.0186339003678,0.000e+00,0.000e+00,True
family_upper_bound,s4_t2,random_amplitude,material_parameter_coverage_95,median,0,0,0.000e+00,0.000e+00,True
family_upper_bound,s4_t2,random_amplitude,material_parameter_coverage_95,iqr,0.0208333339542,0.0208333339542,0.000e+00,0.000e+00,True
family_upper_bound,s4_t2,random_amplitude,material_parameter_ece,mean,0.777083313465,0.777083313465,0.000e+00,0.000e+00,True
family_upper_bound,s4_t2,random_amplitude,material_parameter_ece,std,0.0160531485739,0.0160531485739,3.469e-18,3.469e-18,True
family_upper_bound,s4_t2,random_amplitude,material_parameter_ece,median,0.787499964237,0.787499964237,0.000e+00,0.000e+00,True
family_upper_bound,s4_t2,random_amplitude,material_parameter_ece,iqr,0.0156249403954,0.0156249403954,0.000e+00,0.000e+00,True
family_upper_bound,s4_t2,random_amplitude,material_parameter_nll,mean,28087.1417969,28087.1417969,0.000e+00,0.000e+00,True
family_upper_bound,s4_t2,random_amplitude,material_parameter_nll,std,39935.0748677,39935.0748677,0.000e+00,0.000e+00,True
family_upper_bound,s4_t2,random_amplitude,material_parameter_nll,median,14848.2060547,14848.2060547,0.000e+00,0.000e+00,True
family_upper_bound,s4_t2,random_amplitude,material_parameter_nll,iqr,19366.3388672,19366.3388672,0.000e+00,0.000e+00,True
family_upper_bound,s4_t2,random_amplitude,calibrated_material_parameter_coverage_95,mean,0.950000011921,0.950000011921,0.000e+00,0.000e+00,True
family_upper_bound,s4_t2,random_amplitude,calibrated_material_parameter_coverage_95,std,0.0543266851862,0.0543266851862,0.000e+00,0.000e+00,True
family_upper_bound,s4_t2,random_amplitude,calibrated_material_parameter_coverage_95,median,0.95833337307,0.95833337307,0.000e+00,0.000e+00,True
family_upper_bound,s4_t2,random_amplitude,calibrated_material_parameter_coverage_95,iqr,0.0833333134651,0.0833333134651,0.000e+00,0.000e+00,True
family_upper_bound,s4_t2,random_amplitude,calibrated_material_parameter_ece,mean,0.111250016093,0.111250016093,0.000e+00,0.000e+00,True
family_upper_bound,s4_t2,random_amplitude,calibrated_material_parameter_ece,std,0.0196320333252,0.0196320333252,0.000e+00,0.000e+00,True
family_upper_bound,s4_t2,random_amplitude,calibrated_material_parameter_ece,median,0.116666659713,0.116666659713,0.000e+00,0.000e+00,True
family_upper_bound,s4_t2,random_amplitude,calibrated_material_parameter_ece,iqr,0.035416662693,0.035416662693,0.000e+00,0.000e+00,True
family_upper_bound,s4_t2,random_amplitude,calibrated_material_parameter_nll,mean,1.0228763938,1.0228763938,0.000e+00,0.000e+00,True
family_upper_bound,s4_t2,random_amplitude,calibrated_material_parameter_nll,std,0.659345793026,0.659345793026,0.000e+00,0.000e+00,True
family_upper_bound,s4_t2,random_amplitude,calibrated_material_parameter_nll,median,0.744856059551,0.744856059551,0.000e+00,0.000e+00,True
family_upper_bound,s4_t2,random_amplitude,calibrated_material_parameter_nll,iqr,0.571514964104,0.571514964104,0.000e+00,0.000e+00,True
family_upper_bound,s4_t2,random_amplitude,calibrated_material_parameter_spread_scale,mean,316.228343201,316.228343201,0.000e+00,0.000e+00,True
family_upper_bound,s4_t2,random_amplitude,calibrated_material_parameter_spread_scale,std,225.761592388,225.761592388,0.000e+00,0.000e+00,True
family_upper_bound,s4_t2,random_amplitude,calibrated_material_parameter_spread_scale,median,319.170013428,319.170013428,0.000e+00,0.000e+00,True
family_upper_bound,s4_t2,random_amplitude,calibrated_material_parameter_spread_scale,iqr,201.354660034,201.354660034,0.000e+00,0.000e+00,True
family_upper_bound,s4_t2,random_amplitude,history_relative_l2,mean,0.834023439884,0.834023439884,0.000e+00,0.000e+00,True
family_upper_bound,s4_t2,random_amplitude,history_relative_l2,std,0.125600147325,0.125600147325,0.000e+00,0.000e+00,True
family_upper_bound,s4_t2,random_amplitude,history_relative_l2,median,0.839107334614,0.839107334614,0.000e+00,0.000e+00,True
family_upper_bound,s4_t2,random_amplitude,history_relative_l2,iqr,0.196605563164,0.196605563164,0.000e+00,0.000e+00,True
family_upper_bound,s4_t2,random_amplitude,history_final_relative_l2,mean,0.450602704287,0.450602704287,0.000e+00,0.000e+00,True
family_upper_bound,s4_t2,random_amplitude,history_final_relative_l2,std,0.194336697951,0.194336697951,0.000e+00,0.000e+00,True
family_upper_bound,s4_t2,random_amplitude,history_final_relative_l2,median,0.571126103401,0.571126103401,0.000e+00,0.000e+00,True
family_upper_bound,s4_t2,random_amplitude,history_final_relative_l2,iqr,0.335341364145,0.335341364145,0.000e+00,0.000e+00,True
family_upper_bound,s4_t2,random_amplitude,history_coverage_95,mean,0.0474107155576,0.0474107155576,0.000e+00,0.000e+00,True
family_upper_bound,s4_t2,random_amplitude,history_coverage_95,std,0.0229059117435,0.0229059117435,3.469e-18,3.469e-18,True
family_upper_bound,s4_t2,random_amplitude,history_coverage_95,median,0.0443948432803,0.0443948432803,0.000e+00,0.000e+00,True
family_upper_bound,s4_t2,random_amplitude,history_coverage_95,iqr,0.025545630604,0.025545630604,0.000e+00,0.000e+00,True
family_upper_bound,s4_t2,random_amplitude,history_ece,mean,0.741448402405,0.741448402405,0.000e+00,0.000e+00,True
family_upper_bound,s4_t2,random_amplitude,history_ece,std,0.023106868528,0.023106868528,0.000e+00,0.000e+00,True
family_upper_bound,s4_t2,random_amplitude,history_ece,median,0.745734095573,0.745734095573,0.000e+00,0.000e+00,True
family_upper_bound,s4_t2,random_amplitude,history_ece,iqr,0.0267360806465,0.0267360806465,0.000e+00,0.000e+00,True
family_upper_bound,s4_t2,random_amplitude,history_nll,mean,818225.520312,818225.520312,0.000e+00,0.000e+00,True
family_upper_bound,s4_t2,random_amplitude,history_nll,std,889650.307959,889650.307959,0.000e+00,0.000e+00,True
family_upper_bound,s4_t2,random_amplitude,history_nll,median,328281,328281,0.000e+00,0.000e+00,True
family_upper_bound,s4_t2,random_amplitude,history_nll,iqr,1067566.23438,1067566.23438,0.000e+00,0.000e+00,True
family_upper_bound,s4_t2,random_amplitude,calibrated_history_coverage_95,mean,0.867341279984,0.867341279984,0.000e+00,0.000e+00,True
family_upper_bound,s4_t2,random_amplitude,calibrated_history_coverage_95,std,0.023538184421,0.023538184421,0.000e+00,0.000e+00,True
family_upper_bound,s4_t2,random_amplitude,calibrated_history_coverage_95,median,0.875496029854,0.875496029854,0.000e+00,0.000e+00,True
family_upper_bound,s4_t2,random_amplitude,calibrated_history_coverage_95,iqr,0.000892817974091,0.000892817974091,0.000e+00,0.000e+00,True
family_upper_bound,s4_t2,random_amplitude,calibrated_history_ece,mean,0.101354157925,0.101354157925,0.000e+00,0.000e+00,True
family_upper_bound,s4_t2,random_amplitude,calibrated_history_ece,std,0.0189758223008,0.0189758223008,0.000e+00,0.000e+00,True
family_upper_bound,s4_t2,random_amplitude,calibrated_history_ece,median,0.109126970172,0.109126970172,0.000e+00,0.000e+00,True
family_upper_bound,s4_t2,random_amplitude,calibrated_history_ece,iqr,0.0116319358349,0.0116319358349,0.000e+00,0.000e+00,True
family_upper_bound,s4_t2,random_amplitude,calibrated_history_nll,mean,2591.4559082,2591.4559082,0.000e+00,0.000e+00,True
family_upper_bound,s4_t2,random_amplitude,calibrated_history_nll,std,1013.27954136,1013.27954136,0.000e+00,0.000e+00,True
family_upper_bound,s4_t2,random_amplitude,calibrated_history_nll,median,2764.79052734,2764.79052734,0.000e+00,0.000e+00,True
family_upper_bound,s4_t2,random_amplitude,calibrated_history_nll,iqr,546.955078125,546.955078125,0.000e+00,0.000e+00,True
family_upper_bound,s4_t2,random_amplitude,calibrated_history_spread_scale,mean,10000,10000,0.000e+00,0.000e+00,True
family_upper_bound,s4_t2,random_amplitude,calibrated_history_spread_scale,std,0,0,0.000e+00,0.000e+00,True
family_upper_bound,s4_t2,random_amplitude,calibrated_history_spread_scale,median,10000,10000,0.000e+00,0.000e+00,True
family_upper_bound,s4_t2,random_amplitude,calibrated_history_spread_scale,iqr,0,0,0.000e+00,0.000e+00,True
family_upper_bound,s4_t2,random_amplitude,field_coverage_95,mean,0.00100911463378,0.00100911463378,0.000e+00,0.000e+00,True
family_upper_bound,s4_t2,random_amplitude,field_coverage_95,std,0.00134412915541,0.00134412915541,0.000e+00,0.000e+00,True
family_upper_bound,s4_t2,random_amplitude,field_coverage_95,median,0.000651041686069,0.000651041686069,0.000e+00,0.000e+00,True
family_upper_bound,s4_t2,random_amplitude,field_coverage_95,iqr,0.00113932299428,0.00113932299428,0.000e+00,0.000e+00,True
family_upper_bound,s4_t2,random_amplitude,field_ece,mean,0.786694324017,0.786694324017,0.000e+00,0.000e+00,True
family_upper_bound,s4_t2,random_amplitude,field_ece,std,0.00111077637329,0.00111077637329,0.000e+00,0.000e+00,True
family_upper_bound,s4_t2,random_amplitude,field_ece,median,0.787011742592,0.787011742592,0.000e+00,0.000e+00,True
family_upper_bound,s4_t2,random_amplitude,field_ece,iqr,0.000854432582855,0.000854432582855,0.000e+00,0.000e+00,True
family_upper_bound,s4_t2,random_amplitude,field_nll,mean,244708.246875,244708.246875,0.000e+00,0.000e+00,True
family_upper_bound,s4_t2,random_amplitude,field_nll,std,323641.892653,323641.892653,5.821e-11,1.799e-16,True
family_upper_bound,s4_t2,random_amplitude,field_nll,median,87586.8359375,87586.8359375,0.000e+00,0.000e+00,True
family_upper_bound,s4_t2,random_amplitude,field_nll,iqr,108702.21875,108702.21875,0.000e+00,0.000e+00,True
family_upper_bound,s4_t2,random_amplitude,field_crps,mean,0.0440150819719,0.0440150819719,0.000e+00,0.000e+00,True
family_upper_bound,s4_t2,random_amplitude,field_crps,std,0.0263350504687,0.0263350504687,0.000e+00,0.000e+00,True
family_upper_bound,s4_t2,random_amplitude,field_crps,median,0.0299555808306,0.0299555808306,0.000e+00,0.000e+00,True
family_upper_bound,s4_t2,random_amplitude,field_crps,iqr,0.0239695012569,0.0239695012569,0.000e+00,0.000e+00,True
family_upper_bound,s4_t2,random_amplitude,calibrated_field_coverage_95,mean,0.904036486149,0.904036486149,0.000e+00,0.000e+00,True
family_upper_bound,s4_t2,random_amplitude,calibrated_field_coverage_95,std,0.0858386035839,0.0858386035839,0.000e+00,0.000e+00,True
family_upper_bound,s4_t2,random_amplitude,calibrated_field_coverage_95,median,0.95247399807,0.95247399807,0.000e+00,0.000e+00,True
family_upper_bound,s4_t2,random_amplitude,calibrated_field_coverage_95,iqr,0.112630188465,0.112630188465,0.000e+00,0.000e+00,True
family_upper_bound,s4_t2,random_amplitude,calibrated_field_ece,mean,0.114619147778,0.114619147778,0.000e+00,0.000e+00,True
family_upper_bound,s4_t2,random_amplitude,calibrated_field_ece,std,0.0194703920789,0.0194703920789,0.000e+00,0.000e+00,True
family_upper_bound,s4_t2,random_amplitude,calibrated_field_ece,median,0.11863604188,0.11863604188,0.000e+00,0.000e+00,True
family_upper_bound,s4_t2,random_amplitude,calibrated_field_ece,iqr,0.0230305939913,0.0230305939913,0.000e+00,0.000e+00,True
family_upper_bound,s4_t2,random_amplitude,calibrated_field_nll,mean,-0.907419806719,-0.907419806719,0.000e+00,0.000e+00,True
family_upper_bound,s4_t2,random_amplitude,calibrated_field_nll,std,0.797040265119,0.797040265119,0.000e+00,0.000e+00,True
family_upper_bound,s4_t2,random_amplitude,calibrated_field_nll,median,-1.05771112442,-1.05771112442,0.000e+00,0.000e+00,True
family_upper_bound,s4_t2,random_amplitude,calibrated_field_nll,iqr,0.919543296099,0.919543296099,0.000e+00,0.000e+00,True
family_upper_bound,s4_t2,random_amplitude,calibrated_field_crps,mean,0.0584950547665,0.0584950547665,0.000e+00,0.000e+00,True
family_upper_bound,s4_t2,random_amplitude,calibrated_field_crps,std,0.0432709192079,0.0432709192079,0.000e+00,0.000e+00,True
family_upper_bound,s4_t2,random_amplitude,calibrated_field_crps,median,0.030549287796,0.030549287796,0.000e+00,0.000e+00,True
family_upper_bound,s4_t2,random_amplitude,calibrated_field_crps,iqr,0.0595515966415,0.0595515966415,0.000e+00,0.000e+00,True
family_upper_bound,s4_t2,random_amplitude,calibrated_field_spread_scale,mean,6340.84160156,6340.84160156,0.000e+00,0.000e+00,True
family_upper_bound,s4_t2,random_amplitude,calibrated_field_spread_scale,std,3924.7836923,3924.7836923,0.000e+00,0.000e+00,True
family_upper_bound,s4_t2,random_amplitude,calibrated_field_spread_scale,median,7241.40039062,7241.40039062,0.000e+00,0.000e+00,True
family_upper_bound,s4_t2,random_amplitude,calibrated_field_spread_scale,iqr,7414.43261719,7414.43261719,0.000e+00,0.000e+00,True
family_upper_bound,s4_t2,random_amplitude,posterior_calibration_num_calibration,mean,4,4,0.000e+00,0.000e+00,True
family_upper_bound,s4_t2,random_amplitude,posterior_calibration_num_calibration,std,0,0,0.000e+00,0.000e+00,True
family_upper_bound,s4_t2,random_amplitude,posterior_calibration_num_calibration,median,4,4,0.000e+00,0.000e+00,True
family_upper_bound,s4_t2,random_amplitude,posterior_calibration_num_calibration,iqr,0,0,0.000e+00,0.000e+00,True
family_upper_bound,s4_t2,random_amplitude,posterior_calibration_num_test,mean,4,4,0.000e+00,0.000e+00,True
family_upper_bound,s4_t2,random_amplitude,posterior_calibration_num_test,std,0,0,0.000e+00,0.000e+00,True
family_upper_bound,s4_t2,random_amplitude,posterior_calibration_num_test,median,4,4,0.000e+00,0.000e+00,True
family_upper_bound,s4_t2,random_amplitude,posterior_calibration_num_test,iqr,0,0,0.000e+00,0.000e+00,True
family_upper_bound,s4_t2,pre_stress,sparse_observation_relative_l2,mean,2.14202075005,2.14202075005,0.000e+00,0.000e+00,True
family_upper_bound,s4_t2,pre_stress,sparse_observation_relative_l2,std,2.32445834372,2.32445834372,0.000e+00,0.000e+00,True
family_upper_bound,s4_t2,pre_stress,sparse_observation_relative_l2,median,1.05309009552,1.05309009552,0.000e+00,0.000e+00,True
family_upper_bound,s4_t2,pre_stress,sparse_observation_relative_l2,iqr,0.878107070923,0.878107070923,0.000e+00,0.000e+00,True
family_upper_bound,s4_t2,pre_stress,rollout_displacement_relative_l2,mean,2.40278987885,2.40278987885,0.000e+00,0.000e+00,True
family_upper_bound,s4_t2,pre_stress,rollout_displacement_relative_l2,std,2.67745994582,2.67745994582,0.000e+00,0.000e+00,True
family_upper_bound,s4_t2,pre_stress,rollout_displacement_relative_l2,median,1.04698371887,1.04698371887,0.000e+00,0.000e+00,True
family_upper_bound,s4_t2,pre_stress,rollout_displacement_relative_l2,iqr,1.08206403255,1.08206403255,0.000e+00,0.000e+00,True
family_upper_bound,s4_t2,pre_stress,material_parameter_relative_l2,mean,0.304088962078,0.304088962078,0.000e+00,0.000e+00,True
family_upper_bound,s4_t2,pre_stress,material_parameter_relative_l2,std,0.0688242233603,0.0688242233603,0.000e+00,0.000e+00,True
family_upper_bound,s4_t2,pre_stress,material_parameter_relative_l2,median,0.305962979794,0.305962979794,0.000e+00,0.000e+00,True
family_upper_bound,s4_t2,pre_stress,material_parameter_relative_l2,iqr,0.0185179114342,0.0185179114342,0.000e+00,0.000e+00,True
family_upper_bound,s4_t2,pre_stress,material_parameter_coverage_95,mean,0.0166666671634,0.0166666671634,0.000e+00,0.000e+00,True
family_upper_bound,s4_t2,pre_stress,material_parameter_coverage_95,std,0.0228217739095,0.0228217739095,0.000e+00,0.000e+00,True
family_upper_bound,s4_t2,pre_stress,material_parameter_coverage_95,median,0,0,0.000e+00,0.000e+00,True
family_upper_bound,s4_t2,pre_stress,material_parameter_coverage_95,iqr,0.0416666679084,0.0416666679084,0.000e+00,0.000e+00,True
family_upper_bound,s4_t2,pre_stress,material_parameter_ece,mean,0.774999988079,0.774999988079,0.000e+00,0.000e+00,True
family_upper_bound,s4_t2,pre_stress,material_parameter_ece,std,0.0171162972752,0.0171162972752,3.469e-18,3.469e-18,True
family_upper_bound,s4_t2,pre_stress,material_parameter_ece,median,0.787499964237,0.787499964237,0.000e+00,0.000e+00,True
family_upper_bound,s4_t2,pre_stress,material_parameter_ece,iqr,0.0312499403954,0.0312499403954,0.000e+00,0.000e+00,True
family_upper_bound,s4_t2,pre_stress,material_parameter_nll,mean,23869.5771484,23869.5771484,0.000e+00,0.000e+00,True
family_upper_bound,s4_t2,pre_stress,material_parameter_nll,std,31054.3445489,31054.3445489,0.000e+00,0.000e+00,True
family_upper_bound,s4_t2,pre_stress,material_parameter_nll,median,7968.09863281,7968.09863281,0.000e+00,0.000e+00,True
family_upper_bound,s4_t2,pre_stress,material_parameter_nll,iqr,14421.9150391,14421.9150391,0.000e+00,0.000e+00,True
family_upper_bound,s4_t2,pre_stress,calibrated_material_parameter_coverage_95,mean,0.950000011921,0.950000011921,0.000e+00,0.000e+00,True
family_upper_bound,s4_t2,pre_stress,calibrated_material_parameter_coverage_95,std,0.0543266851862,0.0543266851862,0.000e+00,0.000e+00,True
family_upper_bound,s4_t2,pre_stress,calibrated_material_parameter_coverage_95,median,0.95833337307,0.95833337307,0.000e+00,0.000e+00,True
family_upper_bound,s4_t2,pre_stress,calibrated_material_parameter_coverage_95,iqr,0.0833333134651,0.0833333134651,0.000e+00,0.000e+00,True
family_upper_bound,s4_t2,pre_stress,calibrated_material_parameter_ece,mean,0.130833345652,0.130833345652,0.000e+00,0.000e+00,True
family_upper_bound,s4_t2,pre_stress,calibrated_material_parameter_ece,std,0.0558706328652,0.0558706328652,0.000e+00,0.000e+00,True
family_upper_bound,s4_t2,pre_stress,calibrated_material_parameter_ece,median,0.135416671634,0.135416671634,0.000e+00,0.000e+00,True
family_upper_bound,s4_t2,pre_stress,calibrated_material_parameter_ece,iqr,0.0729166269302,0.0729166269302,0.000e+00,0.000e+00,True
family_upper_bound,s4_t2,pre_stress,calibrated_material_parameter_nll,mean,1.21193996668,1.21193996668,0.000e+00,0.000e+00,True
family_upper_bound,s4_t2,pre_stress,calibrated_material_parameter_nll,std,0.598333520153,0.598333520153,0.000e+00,0.000e+00,True
family_upper_bound,s4_t2,pre_stress,calibrated_material_parameter_nll,median,1.5416778326,1.5416778326,0.000e+00,0.000e+00,True
family_upper_bound,s4_t2,pre_stress,calibrated_material_parameter_nll,iqr,0.835099160671,0.835099160671,0.000e+00,0.000e+00,True
family_upper_bound,s4_t2,pre_stress,calibrated_material_parameter_spread_scale,mean,413.119519043,413.119519043,0.000e+00,0.000e+00,True
family_upper_bound,s4_t2,pre_stress,calibrated_material_parameter_spread_scale,std,236.989790002,236.989790002,0.000e+00,0.000e+00,True
family_upper_bound,s4_t2,pre_stress,calibrated_material_parameter_spread_scale,median,508.857910156,508.857910156,0.000e+00,0.000e+00,True
family_upper_bound,s4_t2,pre_stress,calibrated_material_parameter_spread_scale,iqr,391.919326782,391.919326782,0.000e+00,0.000e+00,True
family_upper_bound,s4_t2,pre_stress,history_relative_l2,mean,0.69624890089,0.69624890089,0.000e+00,0.000e+00,True
family_upper_bound,s4_t2,pre_stress,history_relative_l2,std,0.125893618924,0.125893618924,0.000e+00,0.000e+00,True
family_upper_bound,s4_t2,pre_stress,history_relative_l2,median,0.737814128399,0.737814128399,0.000e+00,0.000e+00,True
family_upper_bound,s4_t2,pre_stress,history_relative_l2,iqr,0.189829647541,0.189829647541,0.000e+00,0.000e+00,True
family_upper_bound,s4_t2,pre_stress,history_final_relative_l2,mean,0.478155305982,0.478155305982,0.000e+00,0.000e+00,True
family_upper_bound,s4_t2,pre_stress,history_final_relative_l2,std,0.23135591503,0.23135591503,0.000e+00,0.000e+00,True
family_upper_bound,s4_t2,pre_stress,history_final_relative_l2,median,0.534968733788,0.534968733788,0.000e+00,0.000e+00,True
family_upper_bound,s4_t2,pre_stress,history_final_relative_l2,iqr,0.413930773735,0.413930773735,0.000e+00,0.000e+00,True
family_upper_bound,s4_t2,pre_stress,history_coverage_95,mean,0.0460987892002,0.0460987892002,0.000e+00,0.000e+00,True
family_upper_bound,s4_t2,pre_stress,history_coverage_95,std,0.0221326287319,0.0221326287319,0.000e+00,0.000e+00,True
family_upper_bound,s4_t2,pre_stress,history_coverage_95,median,0.0476814508438,0.0476814508438,0.000e+00,0.000e+00,True
family_upper_bound,s4_t2,pre_stress,history_coverage_95,iqr,0.0274193547666,0.0274193547666,0.000e+00,0.000e+00,True
family_upper_bound,s4_t2,pre_stress,history_ece,mean,0.74272428751,0.74272428751,0.000e+00,0.000e+00,True
family_upper_bound,s4_t2,pre_stress,history_ece,std,0.022111621757,0.022111621757,0.000e+00,0.000e+00,True
family_upper_bound,s4_t2,pre_stress,history_ece,median,0.741683483124,0.741683483124,0.000e+00,0.000e+00,True
family_upper_bound,s4_t2,pre_stress,history_ece,iqr,0.0279611945152,0.0279611945152,0.000e+00,0.000e+00,True
family_upper_bound,s4_t2,pre_stress,history_nll,mean,515622.740625,515622.740625,0.000e+00,0.000e+00,True
family_upper_bound,s4_t2,pre_stress,history_nll,std,596521.630697,596521.630697,0.000e+00,0.000e+00,True
family_upper_bound,s4_t2,pre_stress,history_nll,median,178754.390625,178754.390625,0.000e+00,0.000e+00,True
family_upper_bound,s4_t2,pre_stress,history_nll,iqr,526938.734375,526938.734375,0.000e+00,0.000e+00,True
family_upper_bound,s4_t2,pre_stress,calibrated_history_coverage_95,mean,0.875846767426,0.875846767426,0.000e+00,0.000e+00,True
family_upper_bound,s4_t2,pre_stress,calibrated_history_coverage_95,std,0.0586253686017,0.0586253686017,0.000e+00,0.000e+00,True
family_upper_bound,s4_t2,pre_stress,calibrated_history_coverage_95,median,0.88145160675,0.88145160675,0.000e+00,0.000e+00,True
family_upper_bound,s4_t2,pre_stress,calibrated_history_coverage_95,iqr,0.082560479641,0.082560479641,0.000e+00,0.000e+00,True
family_upper_bound,s4_t2,pre_stress,calibrated_history_ece,mean,0.124868941307,0.124868941307,0.000e+00,0.000e+00,True
family_upper_bound,s4_t2,pre_stress,calibrated_history_ece,std,0.0122711976849,0.0122711976849,1.735e-18,1.735e-18,True
family_upper_bound,s4_t2,pre_stress,calibrated_history_ece,median,0.124269127846,0.124269127846,0.000e+00,0.000e+00,True
family_upper_bound,s4_t2,pre_stress,calibrated_history_ece,iqr,0.0152469873428,0.0152469873428,0.000e+00,0.000e+00,True
family_upper_bound,s4_t2,pre_stress,calibrated_history_nll,mean,1588.29645996,1588.29645996,0.000e+00,0.000e+00,True
family_upper_bound,s4_t2,pre_stress,calibrated_history_nll,std,1130.47349775,1130.47349775,2.274e-13,2.011e-16,True
family_upper_bound,s4_t2,pre_stress,calibrated_history_nll,median,1475.34716797,1475.34716797,0.000e+00,0.000e+00,True
family_upper_bound,s4_t2,pre_stress,calibrated_history_nll,iqr,2020.37408447,2020.37408447,0.000e+00,0.000e+00,True
family_upper_bound,s4_t2,pre_stress,calibrated_history_spread_scale,mean,9131.31083984,9131.31083984,0.000e+00,0.000e+00,True
family_upper_bound,s4_t2,pre_stress,calibrated_history_spread_scale,std,1942.44801343,1942.44801343,0.000e+00,0.000e+00,True
family_upper_bound,s4_t2,pre_stress,calibrated_history_spread_scale,median,10000,10000,0.000e+00,0.000e+00,True
family_upper_bound,s4_t2,pre_stress,calibrated_history_spread_scale,iqr,0,0,0.000e+00,0.000e+00,True
family_upper_bound,s4_t2,pre_stress,field_coverage_95,mean,0.0010416666948,0.0010416666948,0.000e+00,0.000e+00,True
family_upper_bound,s4_t2,pre_stress,field_coverage_95,std,0.00145850047406,0.00145850047406,2.168e-19,2.168e-19,True
family_upper_bound,s4_t2,pre_stress,field_coverage_95,median,0.000651041686069,0.000651041686069,0.000e+00,0.000e+00,True
family_upper_bound,s4_t2,pre_stress,field_coverage_95,iqr,0.000651041700621,0.000651041700621,0.000e+00,0.000e+00,True
family_upper_bound,s4_t2,pre_stress,field_ece,mean,0.786702477932,0.786702477932,0.000e+00,0.000e+00,True
family_upper_bound,s4_t2,pre_stress,field_ece,std,0.00115181202824,0.00115181202824,0.000e+00,0.000e+00,True
family_upper_bound,s4_t2,pre_stress,field_ece,median,0.787093102932,0.787093102932,0.000e+00,0.000e+00,True
family_upper_bound,s4_t2,pre_stress,field_ece,iqr,0.000528991222382,0.000528991222382,0.000e+00,0.000e+00,True
family_upper_bound,s4_t2,pre_stress,field_nll,mean,222377.229297,222377.229297,0.000e+00,0.000e+00,True
family_upper_bound,s4_t2,pre_stress,field_nll,std,428713.132273,428713.132273,0.000e+00,0.000e+00,True
family_upper_bound,s4_t2,pre_stress,field_nll,median,21357.5429688,21357.5429688,0.000e+00,0.000e+00,True
family_upper_bound,s4_t2,pre_stress,field_nll,iqr,53481.390625,53481.390625,0.000e+00,0.000e+00,True
family_upper_bound,s4_t2,pre_stress,field_crps,mean,0.0335614193231,0.0335614193231,0.000e+00,0.000e+00,True
family_upper_bound,s4_t2,pre_stress,field_crps,std,0.0352698870093,0.0352698870093,6.939e-18,6.939e-18,True
family_upper_bound,s4_t2,pre_stress,field_crps,median,0.0156648363918,0.0156648363918,0.000e+00,0.000e+00,True
family_upper_bound,s4_t2,pre_stress,field_crps,iqr,0.0159429935738,0.0159429935738,0.000e+00,0.000e+00,True
family_upper_bound,s4_t2,pre_stress,calibrated_field_coverage_95,mean,0.907356774807,0.907356774807,0.000e+00,0.000e+00,True
family_upper_bound,s4_t2,pre_stress,calibrated_field_coverage_95,std,0.109930560901,0.109930560901,0.000e+00,0.000e+00,True
family_upper_bound,s4_t2,pre_stress,calibrated_field_coverage_95,median,0.947916686535,0.947916686535,0.000e+00,0.000e+00,True
family_upper_bound,s4_t2,pre_stress,calibrated_field_coverage_95,iqr,0.07421875,0.07421875,0.000e+00,0.000e+00,True
family_upper_bound,s4_t2,pre_stress,calibrated_field_ece,mean,0.136259767413,0.136259767413,0.000e+00,0.000e+00,True
family_upper_bound,s4_t2,pre_stress,calibrated_field_ece,std,0.0375079969394,0.0375079969394,0.000e+00,0.000e+00,True
family_upper_bound,s4_t2,pre_stress,calibrated_field_ece,median,0.138899713755,0.138899713755,0.000e+00,0.000e+00,True
family_upper_bound,s4_t2,pre_stress,calibrated_field_ece,iqr,0.0701660215855,0.0701660215855,0.000e+00,0.000e+00,True
family_upper_bound,s4_t2,pre_stress,calibrated_field_nll,mean,-1.40314984322,-1.40314984322,0.000e+00,0.000e+00,True
family_upper_bound,s4_t2,pre_stress,calibrated_field_nll,std,0.593086872416,0.593086872416,0.000e+00,0.000e+00,True
family_upper_bound,s4_t2,pre_stress,calibrated_field_nll,median,-1.63318943977,-1.63318943977,0.000e+00,0.000e+00,True
family_upper_bound,s4_t2,pre_stress,calibrated_field_nll,iqr,0.797360539436,0.797360539436,0.000e+00,0.000e+00,True
family_upper_bound,s4_t2,pre_stress,calibrated_field_crps,mean,0.036623102054,0.036623102054,0.000e+00,0.000e+00,True
family_upper_bound,s4_t2,pre_stress,calibrated_field_crps,std,0.02718194374,0.02718194374,0.000e+00,0.000e+00,True
family_upper_bound,s4_t2,pre_stress,calibrated_field_crps,median,0.0229735374451,0.0229735374451,0.000e+00,0.000e+00,True
family_upper_bound,s4_t2,pre_stress,calibrated_field_crps,iqr,0.0229073613882,0.0229073613882,0.000e+00,0.000e+00,True
family_upper_bound,s4_t2,pre_stress,calibrated_field_spread_scale,mean,6587.2777832,6587.2777832,0.000e+00,0.000e+00,True
family_upper_bound,s4_t2,pre_stress,calibrated_field_spread_scale,std,4674.75588405,4674.75588405,0.000e+00,0.000e+00,True
family_upper_bound,s4_t2,pre_stress,calibrated_field_spread_scale,median,10000,10000,0.000e+00,0.000e+00,True
family_upper_bound,s4_t2,pre_stress,calibrated_field_spread_scale,iqr,8353.86828613,8353.86828613,0.000e+00,0.000e+00,True
family_upper_bound,s4_t2,pre_stress,posterior_calibration_num_calibration,mean,4,4,0.000e+00,0.000e+00,True
family_upper_bound,s4_t2,pre_stress,posterior_calibration_num_calibration,std,0,0,0.000e+00,0.000e+00,True
family_upper_bound,s4_t2,pre_stress,posterior_calibration_num_calibration,median,4,4,0.000e+00,0.000e+00,True
family_upper_bound,s4_t2,pre_stress,posterior_calibration_num_calibration,iqr,0,0,0.000e+00,0.000e+00,True
family_upper_bound,s4_t2,pre_stress,posterior_calibration_num_test,mean,4,4,0.000e+00,0.000e+00,True
family_upper_bound,s4_t2,pre_stress,posterior_calibration_num_test,std,0,0,0.000e+00,0.000e+00,True
family_upper_bound,s4_t2,pre_stress,posterior_calibration_num_test,median,4,4,0.000e+00,0.000e+00,True
family_upper_bound,s4_t2,pre_stress,posterior_calibration_num_test,iqr,0,0,0.000e+00,0.000e+00,True
family_upper_bound,s6_t3,monotonic,sparse_observation_relative_l2,mean,1.91448034048,1.91448034048,0.000e+00,0.000e+00,True
family_upper_bound,s6_t3,monotonic,sparse_observation_relative_l2,std,1.98828521015,1.98828521015,0.000e+00,0.000e+00,True
family_upper_bound,s6_t3,monotonic,sparse_observation_relative_l2,median,0.84284555912,0.84284555912,0.000e+00,0.000e+00,True
family_upper_bound,s6_t3,monotonic,sparse_observation_relative_l2,iqr,0.873597919941,0.873597919941,0.000e+00,0.000e+00,True
family_upper_bound,s6_t3,monotonic,rollout_displacement_relative_l2,mean,1.91323907375,1.91323907375,0.000e+00,0.000e+00,True
family_upper_bound,s6_t3,monotonic,rollout_displacement_relative_l2,std,1.95663228118,1.95663228118,2.220e-16,1.135e-16,True
family_upper_bound,s6_t3,monotonic,rollout_displacement_relative_l2,median,0.855079114437,0.855079114437,0.000e+00,0.000e+00,True
family_upper_bound,s6_t3,monotonic,rollout_displacement_relative_l2,iqr,0.893297016621,0.893297016621,0.000e+00,0.000e+00,True
family_upper_bound,s6_t3,monotonic,material_parameter_relative_l2,mean,0.293238011003,0.293238011003,0.000e+00,0.000e+00,True
family_upper_bound,s6_t3,monotonic,material_parameter_relative_l2,std,0.0749669629812,0.0749669629812,0.000e+00,0.000e+00,True
family_upper_bound,s6_t3,monotonic,material_parameter_relative_l2,median,0.295021206141,0.295021206141,0.000e+00,0.000e+00,True
family_upper_bound,s6_t3,monotonic,material_parameter_relative_l2,iqr,0.0494953095913,0.0494953095913,0.000e+00,0.000e+00,True
family_upper_bound,s6_t3,monotonic,material_parameter_coverage_95,mean,0.00416666679084,0.00416666679084,0.000e+00,0.000e+00,True
family_upper_bound,s6_t3,monotonic,material_parameter_coverage_95,std,0.00931695018392,0.00931695018392,1.735e-18,1.735e-18,True
family_upper_bound,s6_t3,monotonic,material_parameter_coverage_95,median,0,0,0.000e+00,0.000e+00,True
family_upper_bound,s6_t3,monotonic,material_parameter_coverage_95,iqr,0,0,0.000e+00,0.000e+00,True
family_upper_bound,s6_t3,monotonic,material_parameter_ece,mean,0.784374976158,0.784374976158,0.000e+00,0.000e+00,True
family_upper_bound,s6_t3,monotonic,material_parameter_ece,std,0.00698768577368,0.00698768577368,0.000e+00,0.000e+00,True
family_upper_bound,s6_t3,monotonic,material_parameter_ece,median,0.787499964237,0.787499964237,0.000e+00,0.000e+00,True
family_upper_bound,s6_t3,monotonic,material_parameter_ece,iqr,0,0,0.000e+00,0.000e+00,True
family_upper_bound,s6_t3,monotonic,material_parameter_nll,mean,22741.769043,22741.769043,0.000e+00,0.000e+00,True
family_upper_bound,s6_t3,monotonic,material_parameter_nll,std,25365.0988496,25365.0988496,0.000e+00,0.000e+00,True
family_upper_bound,s6_t3,monotonic,material_parameter_nll,median,15141.0566406,15141.0566406,0.000e+00,0.000e+00,True
family_upper_bound,s6_t3,monotonic,material_parameter_nll,iqr,19911.9394531,19911.9394531,0.000e+00,0.000e+00,True
family_upper_bound,s6_t3,monotonic,calibrated_material_parameter_coverage_95,mean,0.975000011921,0.975000011921,0.000e+00,0.000e+00,True
family_upper_bound,s6_t3,monotonic,calibrated_material_parameter_coverage_95,std,0.0372677874077,0.0372677874077,0.000e+00,0.000e+00,True
family_upper_bound,s6_t3,monotonic,calibrated_material_parameter_coverage_95,median,1,1,0.000e+00,0.000e+00,True
family_upper_bound,s6_t3,monotonic,calibrated_material_parameter_coverage_95,iqr,0.0416666269302,0.0416666269302,0.000e+00,0.000e+00,True
family_upper_bound,s6_t3,monotonic,calibrated_material_parameter_ece,mean,0.157500016689,0.157500016689,0.000e+00,0.000e+00,True
family_upper_bound,s6_t3,monotonic,calibrated_material_parameter_ece,std,0.0571418434811,0.0571418434811,0.000e+00,0.000e+00,True
family_upper_bound,s6_t3,monotonic,calibrated_material_parameter_ece,median,0.160416692495,0.160416692495,0.000e+00,0.000e+00,True
family_upper_bound,s6_t3,monotonic,calibrated_material_parameter_ece,iqr,0.0937499701977,0.0937499701977,0.000e+00,0.000e+00,True
family_upper_bound,s6_t3,monotonic,calibrated_material_parameter_nll,mean,1.26545743942,1.26545743942,0.000e+00,0.000e+00,True
family_upper_bound,s6_t3,monotonic,calibrated_material_parameter_nll,std,0.937212427025,0.937212427025,0.000e+00,0.000e+00,True
family_upper_bound,s6_t3,monotonic,calibrated_material_parameter_nll,median,1.13910329342,1.13910329342,0.000e+00,0.000e+00,True
family_upper_bound,s6_t3,monotonic,calibrated_material_parameter_nll,iqr,1.12220978737,1.12220978737,0.000e+00,0.000e+00,True
family_upper_bound,s6_t3,monotonic,calibrated_material_parameter_spread_scale,mean,685.95358429,685.95358429,0.000e+00,0.000e+00,True
family_upper_bound,s6_t3,monotonic,calibrated_material_parameter_spread_scale,std,673.332063662,673.332063662,0.000e+00,0.000e+00,True
family_upper_bound,s6_t3,monotonic,calibrated_material_parameter_spread_scale,median,668.782409668,668.782409668,0.000e+00,0.000e+00,True
family_upper_bound,s6_t3,monotonic,calibrated_material_parameter_spread_scale,iqr,527.762466431,527.762466431,0.000e+00,0.000e+00,True
family_upper_bound,s6_t3,monotonic,history_relative_l2,mean,0.681374025345,0.681374025345,0.000e+00,0.000e+00,True
family_upper_bound,s6_t3,monotonic,history_relative_l2,std,0.111636152726,0.111636152726,0.000e+00,0.000e+00,True
family_upper_bound,s6_t3,monotonic,history_relative_l2,median,0.725958526134,0.725958526134,0.000e+00,0.000e+00,True
family_upper_bound,s6_t3,monotonic,history_relative_l2,iqr,0.129246354103,0.129246354103,0.000e+00,0.000e+00,True
family_upper_bound,s6_t3,monotonic,history_final_relative_l2,mean,0.498868659139,0.498868659139,0.000e+00,0.000e+00,True
family_upper_bound,s6_t3,monotonic,history_final_relative_l2,std,0.239032869377,0.239032869377,0.000e+00,0.000e+00,True
family_upper_bound,s6_t3,monotonic,history_final_relative_l2,median,0.61167883873,0.61167883873,0.000e+00,0.000e+00,True
family_upper_bound,s6_t3,monotonic,history_final_relative_l2,iqr,0.376335889101,0.376335889101,0.000e+00,0.000e+00,True
family_upper_bound,s6_t3,monotonic,history_coverage_95,mean,0.0273535156623,0.0273535156623,0.000e+00,0.000e+00,True
family_upper_bound,s6_t3,monotonic,history_coverage_95,std,0.0181097521392,0.0181097521392,0.000e+00,0.000e+00,True
family_upper_bound,s6_t3,monotonic,history_coverage_95,median,0.0235839840025,0.0235839840025,0.000e+00,0.000e+00,True
family_upper_bound,s6_t3,monotonic,history_coverage_95,iqr,0.0317382821813,0.0317382821813,0.000e+00,0.000e+00,True
family_upper_bound,s6_t3,monotonic,history_ece,mean,0.761103487015,0.761103487015,0.000e+00,0.000e+00,True
family_upper_bound,s6_t3,monotonic,history_ece,std,0.0177961984004,0.0177961984004,0.000e+00,0.000e+00,True
family_upper_bound,s6_t3,monotonic,history_ece,median,0.764514088631,0.764514088631,0.000e+00,0.000e+00,True
family_upper_bound,s6_t3,monotonic,history_ece,iqr,0.0316284298897,0.0316284298897,0.000e+00,0.000e+00,True
family_upper_bound,s6_t3,monotonic,history_nll,mean,603636.028125,603636.028125,0.000e+00,0.000e+00,True
family_upper_bound,s6_t3,monotonic,history_nll,std,610786.503865,610786.503865,0.000e+00,0.000e+00,True
family_upper_bound,s6_t3,monotonic,history_nll,median,251285.53125,251285.53125,0.000e+00,0.000e+00,True
family_upper_bound,s6_t3,monotonic,history_nll,iqr,1063231.82812,1063231.82812,0.000e+00,0.000e+00,True
family_upper_bound,s6_t3,monotonic,calibrated_history_coverage_95,mean,0.827460932732,0.827460932732,0.000e+00,0.000e+00,True
family_upper_bound,s6_t3,monotonic,calibrated_history_coverage_95,std,0.0545024466204,0.0545024466204,0.000e+00,0.000e+00,True
family_upper_bound,s6_t3,monotonic,calibrated_history_coverage_95,median,0.85107421875,0.85107421875,0.000e+00,0.000e+00,True
family_upper_bound,s6_t3,monotonic,calibrated_history_coverage_95,iqr,0.0838867425919,0.0838867425919,0.000e+00,0.000e+00,True
family_upper_bound,s6_t3,monotonic,calibrated_history_ece,mean,0.127670884132,0.127670884132,0.000e+00,0.000e+00,True
family_upper_bound,s6_t3,monotonic,calibrated_history_ece,std,0.0159028035058,0.0159028035058,0.000e+00,0.000e+00,True
family_upper_bound,s6_t3,monotonic,calibrated_history_ece,median,0.118725568056,0.118725568056,0.000e+00,0.000e+00,True
family_upper_bound,s6_t3,monotonic,calibrated_history_ece,iqr,0.0261963009834,0.0261963009834,0.000e+00,0.000e+00,True
family_upper_bound,s6_t3,monotonic,calibrated_history_nll,mean,1953.53893623,1953.53893623,0.000e+00,0.000e+00,True
family_upper_bound,s6_t3,monotonic,calibrated_history_nll,std,1925.58894705,1925.58894705,2.274e-13,1.181e-16,True
family_upper_bound,s6_t3,monotonic,calibrated_history_nll,median,936.081665039,936.081665039,0.000e+00,0.000e+00,True
family_upper_bound,s6_t3,monotonic,calibrated_history_nll,iqr,2926.86956787,2926.86956787,0.000e+00,0.000e+00,True
family_upper_bound,s6_t3,monotonic,calibrated_history_spread_scale,mean,8804.67246094,8804.67246094,0.000e+00,0.000e+00,True
family_upper_bound,s6_t3,monotonic,calibrated_history_spread_scale,std,2672.83363272,2672.83363272,0.000e+00,0.000e+00,True
family_upper_bound,s6_t3,monotonic,calibrated_history_spread_scale,median,10000,10000,0.000e+00,0.000e+00,True
family_upper_bound,s6_t3,monotonic,calibrated_history_spread_scale,iqr,0,0,0.000e+00,0.000e+00,True
family_upper_bound,s6_t3,monotonic,field_coverage_95,mean,0.000813802098855,0.000813802098855,0.000e+00,0.000e+00,True
family_upper_bound,s6_t3,monotonic,field_coverage_95,std,0.000821899827474,0.000821899827474,0.000e+00,0.000e+00,True
family_upper_bound,s6_t3,monotonic,field_coverage_95,median,0.000813802122138,0.000813802122138,0.000e+00,0.000e+00,True
family_upper_bound,s6_t3,monotonic,field_coverage_95,iqr,0.00146484375,0.00146484375,0.000e+00,0.000e+00,True
family_upper_bound,s6_t3,monotonic,field_ece,mean,0.786873352528,0.786873352528,0.000e+00,0.000e+00,True
family_upper_bound,s6_t3,monotonic,field_ece,std,0.000622162649069,0.000622162649069,0.000e+00,0.000e+00,True
family_upper_bound,s6_t3,monotonic,field_ece,median,0.786848962307,0.786848962307,0.000e+00,0.000e+00,True
family_upper_bound,s6_t3,monotonic,field_ece,iqr,0.00117999315262,0.00117999315262,0.000e+00,0.000e+00,True
family_upper_bound,s6_t3,monotonic,field_nll,mean,244360.113672,244360.113672,0.000e+00,0.000e+00,True
family_upper_bound,s6_t3,monotonic,field_nll,std,454904.058923,454904.058923,0.000e+00,0.000e+00,True
family_upper_bound,s6_t3,monotonic,field_nll,median,27044.4433594,27044.4433594,0.000e+00,0.000e+00,True
family_upper_bound,s6_t3,monotonic,field_nll,iqr,72067.7285156,72067.7285156,0.000e+00,0.000e+00,True
family_upper_bound,s6_t3,monotonic,field_crps,mean,0.0354213513434,0.0354213513434,0.000e+00,0.000e+00,True
family_upper_bound,s6_t3,monotonic,field_crps,std,0.0372639925956,0.0372639925956,6.939e-18,6.939e-18,True
family_upper_bound,s6_t3,monotonic,field_crps,median,0.0144672207534,0.0144672207534,0.000e+00,0.000e+00,True
family_upper_bound,s6_t3,monotonic,field_crps,iqr,0.0208481699228,0.0208481699228,0.000e+00,0.000e+00,True
family_upper_bound,s6_t3,monotonic,calibrated_field_coverage_95,mean,0.854817724228,0.854817724228,0.000e+00,0.000e+00,True
family_upper_bound,s6_t3,monotonic,calibrated_field_coverage_95,std,0.0566794218157,0.0566794218157,0.000e+00,0.000e+00,True
family_upper_bound,s6_t3,monotonic,calibrated_field_coverage_95,median,0.8583984375,0.8583984375,0.000e+00,0.000e+00,True
family_upper_bound,s6_t3,monotonic,calibrated_field_coverage_95,iqr,0.0257161259651,0.0257161259651,0.000e+00,0.000e+00,True
family_upper_bound,s6_t3,monotonic,calibrated_field_ece,mean,0.0997558504343,0.0997558504343,0.000e+00,0.000e+00,True
family_upper_bound,s6_t3,monotonic,calibrated_field_ece,std,0.026075172623,0.026075172623,0.000e+00,0.000e+00,True
family_upper_bound,s6_t3,monotonic,calibrated_field_ece,median,0.108723983169,0.108723983169,0.000e+00,0.000e+00,True
family_upper_bound,s6_t3,monotonic,calibrated_field_ece,iqr,0.0326171964407,0.0326171964407,0.000e+00,0.000e+00,True
family_upper_bound,s6_t3,monotonic,calibrated_field_nll,mean,1.08097282648,1.08097282648,0.000e+00,0.000e+00,True
family_upper_bound,s6_t3,monotonic,calibrated_field_nll,std,3.49072152372,3.49072152372,0.000e+00,0.000e+00,True
family_upper_bound,s6_t3,monotonic,calibrated_field_nll,median,-0.837259232998,-0.837259232998,0.000e+00,0.000e+00,True
family_upper_bound,s6_t3,monotonic,calibrated_field_nll,iqr,5.01110935211,5.01110935211,0.000e+00,0.000e+00,True
family_upper_bound,s6_t3,monotonic,calibrated_field_crps,mean,0.0334431529045,0.0334431529045,0.000e+00,0.000e+00,True
family_upper_bound,s6_t3,monotonic,calibrated_field_crps,std,0.0223692169626,0.0223692169626,0.000e+00,0.000e+00,True
family_upper_bound,s6_t3,monotonic,calibrated_field_crps,median,0.0271545555443,0.0271545555443,0.000e+00,0.000e+00,True
family_upper_bound,s6_t3,monotonic,calibrated_field_crps,iqr,0.00742467306554,0.00742467306554,0.000e+00,0.000e+00,True
family_upper_bound,s6_t3,monotonic,calibrated_field_spread_scale,mean,3550.01516113,3550.01516113,0.000e+00,0.000e+00,True
family_upper_bound,s6_t3,monotonic,calibrated_field_spread_scale,std,3326.11834993,3326.11834993,4.547e-13,1.367e-16,True
family_upper_bound,s6_t3,monotonic,calibrated_field_spread_scale,median,2187.26489258,2187.26489258,0.000e+00,0.000e+00,True
family_upper_bound,s6_t3,monotonic,calibrated_field_spread_scale,iqr,1300.46691895,1300.46691895,0.000e+00,0.000e+00,True
family_upper_bound,s6_t3,monotonic,posterior_calibration_num_calibration,mean,4,4,0.000e+00,0.000e+00,True
family_upper_bound,s6_t3,monotonic,posterior_calibration_num_calibration,std,0,0,0.000e+00,0.000e+00,True
family_upper_bound,s6_t3,monotonic,posterior_calibration_num_calibration,median,4,4,0.000e+00,0.000e+00,True
family_upper_bound,s6_t3,monotonic,posterior_calibration_num_calibration,iqr,0,0,0.000e+00,0.000e+00,True
family_upper_bound,s6_t3,monotonic,posterior_calibration_num_test,mean,4,4,0.000e+00,0.000e+00,True
family_upper_bound,s6_t3,monotonic,posterior_calibration_num_test,std,0,0,0.000e+00,0.000e+00,True
family_upper_bound,s6_t3,monotonic,posterior_calibration_num_test,median,4,4,0.000e+00,0.000e+00,True
family_upper_bound,s6_t3,monotonic,posterior_calibration_num_test,iqr,0,0,0.000e+00,0.000e+00,True
family_upper_bound,s6_t3,unload_reload,sparse_observation_relative_l2,mean,1.93497989178,1.93497989178,0.000e+00,0.000e+00,True
family_upper_bound,s6_t3,unload_reload,sparse_observation_relative_l2,std,1.86579769734,1.86579769734,0.000e+00,0.000e+00,True
family_upper_bound,s6_t3,unload_reload,sparse_observation_relative_l2,median,0.879135608673,0.879135608673,0.000e+00,0.000e+00,True
family_upper_bound,s6_t3,unload_reload,sparse_observation_relative_l2,iqr,1.13765203953,1.13765203953,0.000e+00,0.000e+00,True
family_upper_bound,s6_t3,unload_reload,rollout_displacement_relative_l2,mean,1.61058282852,1.61058282852,0.000e+00,0.000e+00,True
family_upper_bound,s6_t3,unload_reload,rollout_displacement_relative_l2,std,1.35477360154,1.35477360154,0.000e+00,0.000e+00,True
family_upper_bound,s6_t3,unload_reload,rollout_displacement_relative_l2,median,0.868999302387,0.868999302387,0.000e+00,0.000e+00,True
family_upper_bound,s6_t3,unload_reload,rollout_displacement_relative_l2,iqr,0.671795606613,0.671795606613,0.000e+00,0.000e+00,True
family_upper_bound,s6_t3,unload_reload,material_parameter_relative_l2,mean,0.308544510603,0.308544510603,0.000e+00,0.000e+00,True
family_upper_bound,s6_t3,unload_reload,material_parameter_relative_l2,std,0.0751783256355,0.0751783256355,0.000e+00,0.000e+00,True
family_upper_bound,s6_t3,unload_reload,material_parameter_relative_l2,median,0.32316032052,0.32316032052,0.000e+00,0.000e+00,True
family_upper_bound,s6_t3,unload_reload,material_parameter_relative_l2,iqr,0.0277974009514,0.0277974009514,0.000e+00,0.000e+00,True
family_upper_bound,s6_t3,unload_reload,material_parameter_coverage_95,mean,0.00833333358169,0.00833333358169,0.000e+00,0.000e+00,True
family_upper_bound,s6_t3,unload_reload,material_parameter_coverage_95,std,0.0114108869548,0.0114108869548,0.000e+00,0.000e+00,True
family_upper_bound,s6_t3,unload_reload,material_parameter_coverage_95,median,0,0,0.000e+00,0.000e+00,True
family_upper_bound,s6_t3,unload_reload,material_parameter_coverage_95,iqr,0.0208333339542,0.0208333339542,0.000e+00,0.000e+00,True
family_upper_bound,s6_t3,unload_reload,material_parameter_ece,mean,0.781249976158,0.781249976158,0.000e+00,0.000e+00,True
family_upper_bound,s6_t3,unload_reload,material_parameter_ece,std,0.00931693768892,0.00931693768892,0.000e+00,0.000e+00,True
family_upper_bound,s6_t3,unload_reload,material_parameter_ece,median,0.787499964237,0.787499964237,0.000e+00,0.000e+00,True
family_upper_bound,s6_t3,unload_reload,material_parameter_ece,iqr,0.0104166269302,0.0104166269302,0.000e+00,0.000e+00,True
family_upper_bound,s6_t3,unload_reload,material_parameter_nll,mean,15729.4769531,15729.4769531,0.000e+00,0.000e+00,True
family_upper_bound,s6_t3,unload_reload,material_parameter_nll,std,11922.679729,11922.679729,0.000e+00,0.000e+00,True
family_upper_bound,s6_t3,unload_reload,material_parameter_nll,median,12304.6005859,12304.6005859,0.000e+00,0.000e+00,True
family_upper_bound,s6_t3,unload_reload,material_parameter_nll,iqr,19731.0361328,19731.0361328,0.000e+00,0.000e+00,True
family_upper_bound,s6_t3,unload_reload,calibrated_material_parameter_coverage_95,mean,0.975,0.975,0.000e+00,0.000e+00,True
family_upper_bound,s6_t3,unload_reload,calibrated_material_parameter_coverage_95,std,0.0559016994375,0.0559016994375,6.939e-18,6.939e-18,True
family_upper_bound,s6_t3,unload_reload,calibrated_material_parameter_coverage_95,median,1,1,0.000e+00,0.000e+00,True
family_upper_bound,s6_t3,unload_reload,calibrated_material_parameter_coverage_95,iqr,0,0,0.000e+00,0.000e+00,True
family_upper_bound,s6_t3,unload_reload,calibrated_material_parameter_ece,mean,0.139166679978,0.139166679978,0.000e+00,0.000e+00,True
family_upper_bound,s6_t3,unload_reload,calibrated_material_parameter_ece,std,0.0342453348306,0.0342453348306,0.000e+00,0.000e+00,True
family_upper_bound,s6_t3,unload_reload,calibrated_material_parameter_ece,median,0.118750020862,0.118750020862,0.000e+00,0.000e+00,True
family_upper_bound,s6_t3,unload_reload,calibrated_material_parameter_ece,iqr,0.0520833283663,0.0520833283663,0.000e+00,0.000e+00,True
family_upper_bound,s6_t3,unload_reload,calibrated_material_parameter_nll,mean,1.1113756299,1.1113756299,0.000e+00,0.000e+00,True
family_upper_bound,s6_t3,unload_reload,calibrated_material_parameter_nll,std,0.696054325322,0.696054325322,0.000e+00,0.000e+00,True
family_upper_bound,s6_t3,unload_reload,calibrated_material_parameter_nll,median,1.00479912758,1.00479912758,0.000e+00,0.000e+00,True
family_upper_bound,s6_t3,unload_reload,calibrated_material_parameter_nll,iqr,0.561504662037,0.561504662037,0.000e+00,0.000e+00,True
family_upper_bound,s6_t3,unload_reload,calibrated_material_parameter_spread_scale,mean,369.033992004,369.033992004,0.000e+00,0.000e+00,True
family_upper_bound,s6_t3,unload_reload,calibrated_material_parameter_spread_scale,std,245.260224264,245.260224264,0.000e+00,0.000e+00,True
family_upper_bound,s6_t3,unload_reload,calibrated_material_parameter_spread_scale,median,258.740966797,258.740966797,0.000e+00,0.000e+00,True
family_upper_bound,s6_t3,unload_reload,calibrated_material_parameter_spread_scale,iqr,310.259063721,310.259063721,0.000e+00,0.000e+00,True
family_upper_bound,s6_t3,unload_reload,history_relative_l2,mean,0.819946146011,0.819946146011,0.000e+00,0.000e+00,True
family_upper_bound,s6_t3,unload_reload,history_relative_l2,std,0.126322797459,0.126322797459,0.000e+00,0.000e+00,True
family_upper_bound,s6_t3,unload_reload,history_relative_l2,median,0.855790376663,0.855790376663,0.000e+00,0.000e+00,True
family_upper_bound,s6_t3,unload_reload,history_relative_l2,iqr,0.196090579033,0.196090579033,0.000e+00,0.000e+00,True
family_upper_bound,s6_t3,unload_reload,history_final_relative_l2,mean,0.476198711991,0.476198711991,0.000e+00,0.000e+00,True
family_upper_bound,s6_t3,unload_reload,history_final_relative_l2,std,0.221592588158,0.221592588158,0.000e+00,0.000e+00,True
family_upper_bound,s6_t3,unload_reload,history_final_relative_l2,median,0.612533152103,0.612533152103,0.000e+00,0.000e+00,True
family_upper_bound,s6_t3,unload_reload,history_final_relative_l2,iqr,0.347773641348,0.347773641348,0.000e+00,0.000e+00,True
family_upper_bound,s6_t3,unload_reload,history_coverage_95,mean,0.0526367182843,0.0526367182843,0.000e+00,0.000e+00,True
family_upper_bound,s6_t3,unload_reload,history_coverage_95,std,0.0303439785658,0.0303439785658,0.000e+00,0.000e+00,True
family_upper_bound,s6_t3,unload_reload,history_coverage_95,median,0.0513183586299,0.0513183586299,0.000e+00,0.000e+00,True
family_upper_bound,s6_t3,unload_reload,history_coverage_95,iqr,0.032470703125,0.032470703125,0.000e+00,0.000e+00,True
family_upper_bound,s6_t3,unload_reload,history_ece,mean,0.736269521713,0.736269521713,0.000e+00,0.000e+00,True
family_upper_bound,s6_t3,unload_reload,history_ece,std,0.0301838055656,0.0301838055656,0.000e+00,0.000e+00,True
family_upper_bound,s6_t3,unload_reload,history_ece,median,0.737280249596,0.737280249596,0.000e+00,0.000e+00,True
family_upper_bound,s6_t3,unload_reload,history_ece,iqr,0.0341919660568,0.0341919660568,0.000e+00,0.000e+00,True
family_upper_bound,s6_t3,unload_reload,history_nll,mean,1022931.29531,1022931.29531,0.000e+00,0.000e+00,True
family_upper_bound,s6_t3,unload_reload,history_nll,std,1112187.75748,1112187.75748,0.000e+00,0.000e+00,True
family_upper_bound,s6_t3,unload_reload,history_nll,median,695121.9375,695121.9375,0.000e+00,0.000e+00,True
family_upper_bound,s6_t3,unload_reload,history_nll,iqr,119490.6875,119490.6875,0.000e+00,0.000e+00,True
family_upper_bound,s6_t3,unload_reload,calibrated_history_coverage_95,mean,0.832265639305,0.832265639305,0.000e+00,0.000e+00,True
family_upper_bound,s6_t3,unload_reload,calibrated_history_coverage_95,std,0.0503939634588,0.0503939634588,0.000e+00,0.000e+00,True
family_upper_bound,s6_t3,unload_reload,calibrated_history_coverage_95,median,0.847753942013,0.847753942013,0.000e+00,0.000e+00,True
family_upper_bound,s6_t3,unload_reload,calibrated_history_coverage_95,iqr,0.0333984494209,0.0333984494209,0.000e+00,0.000e+00,True
family_upper_bound,s6_t3,unload_reload,calibrated_history_ece,mean,0.115366199613,0.115366199613,0.000e+00,0.000e+00,True
family_upper_bound,s6_t3,unload_reload,calibrated_history_ece,std,0.0256709182744,0.0256709182744,0.000e+00,0.000e+00,True
family_upper_bound,s6_t3,unload_reload,calibrated_history_ece,median,0.114038094878,0.114038094878,0.000e+00,0.000e+00,True
family_upper_bound,s6_t3,unload_reload,calibrated_history_ece,iqr,0.00236816704273,0.00236816704273,0.000e+00,0.000e+00,True
family_upper_bound,s6_t3,unload_reload,calibrated_history_nll,mean,2459.85368652,2459.85368652,0.000e+00,0.000e+00,True
family_upper_bound,s6_t3,unload_reload,calibrated_history_nll,std,2363.84145362,2363.84145362,0.000e+00,0.000e+00,True
family_upper_bound,s6_t3,unload_reload,calibrated_history_nll,median,1607.34472656,1607.34472656,0.000e+00,0.000e+00,True
family_upper_bound,s6_t3,unload_reload,calibrated_history_nll,iqr,364.716430664,364.716430664,0.000e+00,0.000e+00,True
family_upper_bound,s6_t3,unload_reload,calibrated_history_spread_scale,mean,10000,10000,0.000e+00,0.000e+00,True
family_upper_bound,s6_t3,unload_reload,calibrated_history_spread_scale,std,0,0,0.000e+00,0.000e+00,True
family_upper_bound,s6_t3,unload_reload,calibrated_history_spread_scale,median,10000,10000,0.000e+00,0.000e+00,True
family_upper_bound,s6_t3,unload_reload,calibrated_history_spread_scale,iqr,0,0,0.000e+00,0.000e+00,True
family_upper_bound,s6_t3,unload_reload,field_coverage_95,mean,0.00126953125291,0.00126953125291,0.000e+00,0.000e+00,True
family_upper_bound,s6_t3,unload_reload,field_coverage_95,std,0.00111226233809,0.00111226233809,2.168e-19,2.168e-19,True
family_upper_bound,s6_t3,unload_reload,field_coverage_95,median,0.00146484375,0.00146484375,0.000e+00,0.000e+00,True
family_upper_bound,s6_t3,unload_reload,field_coverage_95,iqr,0.00113932290697,0.00113932290697,0.000e+00,0.000e+00,True
family_upper_bound,s6_t3,unload_reload,field_ece,mean,0.786547827721,0.786547827721,0.000e+00,0.000e+00,True
family_upper_bound,s6_t3,unload_reload,field_ece,std,0.000832704231174,0.000832704231174,0.000e+00,0.000e+00,True
family_upper_bound,s6_t3,unload_reload,field_ece,median,0.786360621452,0.786360621452,0.000e+00,0.000e+00,True
family_upper_bound,s6_t3,unload_reload,field_ece,iqr,0.00105792284012,0.00105792284012,0.000e+00,0.000e+00,True
family_upper_bound,s6_t3,unload_reload,field_nll,mean,252435.703125,252435.703125,0.000e+00,0.000e+00,True
family_upper_bound,s6_t3,unload_reload,field_nll,std,421420.461515,421420.461515,0.000e+00,0.000e+00,True
family_upper_bound,s6_t3,unload_reload,field_nll,median,43775.9296875,43775.9296875,0.000e+00,0.000e+00,True
family_upper_bound,s6_t3,unload_reload,field_nll,iqr,91746.125,91746.125,0.000e+00,0.000e+00,True
family_upper_bound,s6_t3,unload_reload,field_crps,mean,0.0397044725716,0.0397044725716,0.000e+00,0.000e+00,True
family_upper_bound,s6_t3,unload_reload,field_crps,std,0.0333416217141,0.0333416217141,0.000e+00,0.000e+00,True
family_upper_bound,s6_t3,unload_reload,field_crps,median,0.020426703617,0.020426703617,0.000e+00,0.000e+00,True
family_upper_bound,s6_t3,unload_reload,field_crps,iqr,0.0223411023617,0.0223411023617,0.000e+00,0.000e+00,True
family_upper_bound,s6_t3,unload_reload,calibrated_field_coverage_95,mean,0.917317724228,0.917317724228,0.000e+00,0.000e+00,True
family_upper_bound,s6_t3,unload_reload,calibrated_field_coverage_95,std,0.0779348762494,0.0779348762494,0.000e+00,0.000e+00,True
family_upper_bound,s6_t3,unload_reload,calibrated_field_coverage_95,median,0.921549499035,0.921549499035,0.000e+00,0.000e+00,True
family_upper_bound,s6_t3,unload_reload,calibrated_field_coverage_95,iqr,0.03515625,0.03515625,0.000e+00,0.000e+00,True
family_upper_bound,s6_t3,unload_reload,calibrated_field_ece,mean,0.103046885133,0.103046885133,0.000e+00,0.000e+00,True
family_upper_bound,s6_t3,unload_reload,calibrated_field_ece,std,0.0685224798521,0.0685224798521,0.000e+00,0.000e+00,True
family_upper_bound,s6_t3,unload_reload,calibrated_field_ece,median,0.10441082716,0.10441082716,0.000e+00,0.000e+00,True
family_upper_bound,s6_t3,unload_reload,calibrated_field_ece,iqr,0.0612467080355,0.0612467080355,0.000e+00,0.000e+00,True
family_upper_bound,s6_t3,unload_reload,calibrated_field_nll,mean,-0.290604263544,-0.290604263544,0.000e+00,0.000e+00,True
family_upper_bound,s6_t3,unload_reload,calibrated_field_nll,std,0.794497298939,0.794497298939,0.000e+00,0.000e+00,True
family_upper_bound,s6_t3,unload_reload,calibrated_field_nll,median,-0.456756919622,-0.456756919622,0.000e+00,0.000e+00,True
family_upper_bound,s6_t3,unload_reload,calibrated_field_nll,iqr,0.429037511349,0.429037511349,0.000e+00,0.000e+00,True
family_upper_bound,s6_t3,unload_reload,calibrated_field_crps,mean,0.108782464266,0.108782464266,0.000e+00,0.000e+00,True
family_upper_bound,s6_t3,unload_reload,calibrated_field_crps,std,0.113403060474,0.113403060474,0.000e+00,0.000e+00,True
family_upper_bound,s6_t3,unload_reload,calibrated_field_crps,median,0.0715326815844,0.0715326815844,0.000e+00,0.000e+00,True
family_upper_bound,s6_t3,unload_reload,calibrated_field_crps,iqr,0.0401454269886,0.0401454269886,0.000e+00,0.000e+00,True
family_upper_bound,s6_t3,unload_reload,calibrated_field_spread_scale,mean,6475.38771973,6475.38771973,0.000e+00,0.000e+00,True
family_upper_bound,s6_t3,unload_reload,calibrated_field_spread_scale,std,4065.44293009,4065.44293009,4.547e-13,1.119e-16,True
family_upper_bound,s6_t3,unload_reload,calibrated_field_spread_scale,median,7968.66650391,7968.66650391,0.000e+00,0.000e+00,True
family_upper_bound,s6_t3,unload_reload,calibrated_field_spread_scale,iqr,6667.04638672,6667.04638672,0.000e+00,0.000e+00,True
family_upper_bound,s6_t3,unload_reload,posterior_calibration_num_calibration,mean,4,4,0.000e+00,0.000e+00,True
family_upper_bound,s6_t3,unload_reload,posterior_calibration_num_calibration,std,0,0,0.000e+00,0.000e+00,True
family_upper_bound,s6_t3,unload_reload,posterior_calibration_num_calibration,median,4,4,0.000e+00,0.000e+00,True
family_upper_bound,s6_t3,unload_reload,posterior_calibration_num_calibration,iqr,0,0,0.000e+00,0.000e+00,True
family_upper_bound,s6_t3,unload_reload,posterior_calibration_num_test,mean,4,4,0.000e+00,0.000e+00,True
family_upper_bound,s6_t3,unload_reload,posterior_calibration_num_test,std,0,0,0.000e+00,0.000e+00,True
family_upper_bound,s6_t3,unload_reload,posterior_calibration_num_test,median,4,4,0.000e+00,0.000e+00,True
family_upper_bound,s6_t3,unload_reload,posterior_calibration_num_test,iqr,0,0,0.000e+00,0.000e+00,True
family_upper_bound,s6_t3,cyclic,sparse_observation_relative_l2,mean,1.95909481049,1.95909481049,0.000e+00,0.000e+00,True
family_upper_bound,s6_t3,cyclic,sparse_observation_relative_l2,std,2.02027042783,2.02027042783,0.000e+00,0.000e+00,True
family_upper_bound,s6_t3,cyclic,sparse_observation_relative_l2,median,0.931281447411,0.931281447411,0.000e+00,0.000e+00,True
family_upper_bound,s6_t3,cyclic,sparse_observation_relative_l2,iqr,0.724293589592,0.724293589592,0.000e+00,0.000e+00,True
family_upper_bound,s6_t3,cyclic,rollout_displacement_relative_l2,mean,1.43757208586,1.43757208586,0.000e+00,0.000e+00,True
family_upper_bound,s6_t3,cyclic,rollout_displacement_relative_l2,std,1.0117216545,1.0117216545,0.000e+00,0.000e+00,True
family_upper_bound,s6_t3,cyclic,rollout_displacement_relative_l2,median,0.922006249428,0.922006249428,0.000e+00,0.000e+00,True
family_upper_bound,s6_t3,cyclic,rollout_displacement_relative_l2,iqr,0.305026769638,0.305026769638,0.000e+00,0.000e+00,True
family_upper_bound,s6_t3,cyclic,material_parameter_relative_l2,mean,0.235708379745,0.235708379745,0.000e+00,0.000e+00,True
family_upper_bound,s6_t3,cyclic,material_parameter_relative_l2,std,0.0814773968296,0.0814773968296,0.000e+00,0.000e+00,True
family_upper_bound,s6_t3,cyclic,material_parameter_relative_l2,median,0.205868795514,0.205868795514,0.000e+00,0.000e+00,True
family_upper_bound,s6_t3,cyclic,material_parameter_relative_l2,iqr,0.0125665217638,0.0125665217638,0.000e+00,0.000e+00,True
family_upper_bound,s6_t3,cyclic,material_parameter_coverage_95,mean,0.0208333339542,0.0208333339542,0.000e+00,0.000e+00,True
family_upper_bound,s6_t3,cyclic,material_parameter_coverage_95,std,0.0208333339542,0.0208333339542,0.000e+00,0.000e+00,True
family_upper_bound,s6_t3,cyclic,material_parameter_coverage_95,median,0.0208333339542,0.0208333339542,0.000e+00,0.000e+00,True
family_upper_bound,s6_t3,cyclic,material_parameter_coverage_95,iqr,0.0416666679084,0.0416666679084,0.000e+00,0.000e+00,True
family_upper_bound,s6_t3,cyclic,material_parameter_ece,mean,0.769791662693,0.769791662693,0.000e+00,0.000e+00,True
family_upper_bound,s6_t3,cyclic,material_parameter_ece,std,0.0186338778768,0.0186338778768,0.000e+00,0.000e+00,True
family_upper_bound,s6_t3,cyclic,material_parameter_ece,median,0.771875023842,0.771875023842,0.000e+00,0.000e+00,True
family_upper_bound,s6_t3,cyclic,material_parameter_ece,iqr,0.0312499403954,0.0312499403954,0.000e+00,0.000e+00,True
family_upper_bound,s6_t3,cyclic,material_parameter_nll,mean,17295.3871582,17295.3871582,0.000e+00,0.000e+00,True
family_upper_bound,s6_t3,cyclic,material_parameter_nll,std,15390.6047015,15390.6047015,1.819e-12,1.182e-16,True
family_upper_bound,s6_t3,cyclic,material_parameter_nll,median,17015.875,17015.875,0.000e+00,0.000e+00,True
family_upper_bound,s6_t3,cyclic,material_parameter_nll,iqr,24605.104248,24605.104248,0.000e+00,0.000e+00,True
family_upper_bound,s6_t3,cyclic,calibrated_material_parameter_coverage_95,mean,0.966666686535,0.966666686535,0.000e+00,0.000e+00,True
family_upper_bound,s6_t3,cyclic,calibrated_material_parameter_coverage_95,std,0.0348608225654,0.0348608225654,6.939e-18,6.939e-18,True
family_upper_bound,s6_t3,cyclic,calibrated_material_parameter_coverage_95,median,0.95833337307,0.95833337307,0.000e+00,0.000e+00,True
family_upper_bound,s6_t3,cyclic,calibrated_material_parameter_coverage_95,iqr,0.0416666269302,0.0416666269302,0.000e+00,0.000e+00,True
family_upper_bound,s6_t3,cyclic,calibrated_material_parameter_ece,mean,0.155416688323,0.155416688323,0.000e+00,0.000e+00,True
family_upper_bound,s6_t3,cyclic,calibrated_material_parameter_ece,std,0.0313401415874,0.0313401415874,0.000e+00,0.000e+00,True
family_upper_bound,s6_t3,cyclic,calibrated_material_parameter_ece,median,0.150000035763,0.150000035763,0.000e+00,0.000e+00,True
family_upper_bound,s6_t3,cyclic,calibrated_material_parameter_ece,iqr,0.0416666269302,0.0416666269302,0.000e+00,0.000e+00,True
family_upper_bound,s6_t3,cyclic,calibrated_material_parameter_nll,mean,1.1230717659,1.1230717659,0.000e+00,0.000e+00,True
family_upper_bound,s6_t3,cyclic,calibrated_material_parameter_nll,std,0.411176421908,0.411176421908,5.551e-17,5.551e-17,True
family_upper_bound,s6_t3,cyclic,calibrated_material_parameter_nll,median,1.34253680706,1.34253680706,0.000e+00,0.000e+00,True
family_upper_bound,s6_t3,cyclic,calibrated_material_parameter_nll,iqr,0.616336584091,0.616336584091,0.000e+00,0.000e+00,True
family_upper_bound,s6_t3,cyclic,calibrated_material_parameter_spread_scale,mean,383.674261475,383.674261475,0.000e+00,0.000e+00,True
family_upper_bound,s6_t3,cyclic,calibrated_material_parameter_spread_scale,std,211.999073936,211.999073936,0.000e+00,0.000e+00,True
family_upper_bound,s6_t3,cyclic,calibrated_material_parameter_spread_scale,median,451.031646729,451.031646729,0.000e+00,0.000e+00,True
family_upper_bound,s6_t3,cyclic,calibrated_material_parameter_spread_scale,iqr,305.19581604,305.19581604,0.000e+00,0.000e+00,True
family_upper_bound,s6_t3,cyclic,history_relative_l2,mean,0.824187338352,0.824187338352,0.000e+00,0.000e+00,True
family_upper_bound,s6_t3,cyclic,history_relative_l2,std,0.154738559869,0.154738559869,0.000e+00,0.000e+00,True
family_upper_bound,s6_t3,cyclic,history_relative_l2,median,0.808049857616,0.808049857616,0.000e+00,0.000e+00,True
family_upper_bound,s6_t3,cyclic,history_relative_l2,iqr,0.147665858269,0.147665858269,0.000e+00,0.000e+00,True
family_upper_bound,s6_t3,cyclic,history_final_relative_l2,mean,3.04260048866,3.04260048866,0.000e+00,0.000e+00,True
family_upper_bound,s6_t3,cyclic,history_final_relative_l2,std,1.33653680421,1.33653680421,0.000e+00,0.000e+00,True
family_upper_bound,s6_t3,cyclic,history_final_relative_l2,median,2.70866441727,2.70866441727,0.000e+00,0.000e+00,True
family_upper_bound,s6_t3,cyclic,history_final_relative_l2,iqr,1.75009655952,1.75009655952,0.000e+00,0.000e+00,True
family_upper_bound,s6_t3,cyclic,history_coverage_95,mean,0.0641015641391,0.0641015641391,0.000e+00,0.000e+00,True
family_upper_bound,s6_t3,cyclic,history_coverage_95,std,0.0361953349125,0.0361953349125,0.000e+00,0.000e+00,True
family_upper_bound,s6_t3,cyclic,history_coverage_95,median,0.0616210959852,0.0616210959852,0.000e+00,0.000e+00,True
family_upper_bound,s6_t3,cyclic,history_coverage_95,iqr,0.0474609397352,0.0474609397352,0.000e+00,0.000e+00,True
family_upper_bound,s6_t3,cyclic,history_ece,mean,0.725141584873,0.725141584873,0.000e+00,0.000e+00,True
family_upper_bound,s6_t3,cyclic,history_ece,std,0.0360662067008,0.0360662067008,0.000e+00,0.000e+00,True
family_upper_bound,s6_t3,cyclic,history_ece,median,0.729284644127,0.729284644127,0.000e+00,0.000e+00,True
family_upper_bound,s6_t3,cyclic,history_ece,iqr,0.0485473275185,0.0485473275185,0.000e+00,0.000e+00,True
family_upper_bound,s6_t3,cyclic,history_nll,mean,769078.207812,769078.207812,0.000e+00,0.000e+00,True
family_upper_bound,s6_t3,cyclic,history_nll,std,1179991.13254,1179991.13254,2.328e-10,1.973e-16,True
family_upper_bound,s6_t3,cyclic,history_nll,median,289093.46875,289093.46875,0.000e+00,0.000e+00,True
family_upper_bound,s6_t3,cyclic,history_nll,iqr,150099.40625,150099.40625,0.000e+00,0.000e+00,True
family_upper_bound,s6_t3,cyclic,calibrated_history_coverage_95,mean,0.84619140625,0.84619140625,0.000e+00,0.000e+00,True
family_upper_bound,s6_t3,cyclic,calibrated_history_coverage_95,std,0.0257226444938,0.0257226444938,0.000e+00,0.000e+00,True
family_upper_bound,s6_t3,cyclic,calibrated_history_coverage_95,median,0.845898449421,0.845898449421,0.000e+00,0.000e+00,True
family_upper_bound,s6_t3,cyclic,calibrated_history_coverage_95,iqr,0.0256835818291,0.0256835818291,0.000e+00,0.000e+00,True
family_upper_bound,s6_t3,cyclic,calibrated_history_ece,mean,0.108437490463,0.108437490463,0.000e+00,0.000e+00,True
family_upper_bound,s6_t3,cyclic,calibrated_history_ece,std,0.0235670813957,0.0235670813957,0.000e+00,0.000e+00,True
family_upper_bound,s6_t3,cyclic,calibrated_history_ece,median,0.119091793895,0.119091793895,0.000e+00,0.000e+00,True
family_upper_bound,s6_t3,cyclic,calibrated_history_ece,iqr,0.0120117217302,0.0120117217302,0.000e+00,0.000e+00,True
family_upper_bound,s6_t3,cyclic,calibrated_history_nll,mean,22110.4415066,22110.4415066,0.000e+00,0.000e+00,True
family_upper_bound,s6_t3,cyclic,calibrated_history_nll,std,48500.5124075,48500.5124075,0.000e+00,0.000e+00,True
family_upper_bound,s6_t3,cyclic,calibrated_history_nll,median,299.084350586,299.084350586,0.000e+00,0.000e+00,True
family_upper_bound,s6_t3,cyclic,calibrated_history_nll,iqr,785.477935791,785.477935791,0.000e+00,0.000e+00,True
family_upper_bound,s6_t3,cyclic,calibrated_history_spread_scale,mean,10000,10000,0.000e+00,0.000e+00,True
family_upper_bound,s6_t3,cyclic,calibrated_history_spread_scale,std,0,0,0.000e+00,0.000e+00,True
family_upper_bound,s6_t3,cyclic,calibrated_history_spread_scale,median,10000,10000,0.000e+00,0.000e+00,True
family_upper_bound,s6_t3,cyclic,calibrated_history_spread_scale,iqr,0,0,0.000e+00,0.000e+00,True
family_upper_bound,s6_t3,cyclic,field_coverage_95,mean,0.00113932298555,0.00113932298555,0.000e+00,0.000e+00,True
family_upper_bound,s6_t3,cyclic,field_coverage_95,std,0.00192580735594,0.00192580735594,2.168e-19,2.168e-19,True
family_upper_bound,s6_t3,cyclic,field_coverage_95,median,0.000325520843035,0.000325520843035,0.000e+00,0.000e+00,True
family_upper_bound,s6_t3,cyclic,field_coverage_95,iqr,0.000488281264552,0.000488281264552,0.000e+00,0.000e+00,True
family_upper_bound,s6_t3,cyclic,field_ece,mean,0.78660479784,0.78660479784,0.000e+00,0.000e+00,True
family_upper_bound,s6_t3,cyclic,field_ece,std,0.00154300168883,0.00154300168883,2.168e-19,2.168e-19,True
family_upper_bound,s6_t3,cyclic,field_ece,median,0.787296533585,0.787296533585,0.000e+00,0.000e+00,True
family_upper_bound,s6_t3,cyclic,field_ece,iqr,0.000569581985474,0.000569581985474,0.000e+00,0.000e+00,True
family_upper_bound,s6_t3,cyclic,field_nll,mean,291841.151562,291841.151562,0.000e+00,0.000e+00,True
family_upper_bound,s6_t3,cyclic,field_nll,std,430607.443328,430607.443328,5.821e-11,1.352e-16,True
family_upper_bound,s6_t3,cyclic,field_nll,median,86271.984375,86271.984375,0.000e+00,0.000e+00,True
family_upper_bound,s6_t3,cyclic,field_nll,iqr,61132.1875,61132.1875,0.000e+00,0.000e+00,True
family_upper_bound,s6_t3,cyclic,field_crps,mean,0.0443151090294,0.0443151090294,0.000e+00,0.000e+00,True
family_upper_bound,s6_t3,cyclic,field_crps,std,0.0339649673891,0.0339649673891,0.000e+00,0.000e+00,True
family_upper_bound,s6_t3,cyclic,field_crps,median,0.0259741451591,0.0259741451591,0.000e+00,0.000e+00,True
family_upper_bound,s6_t3,cyclic,field_crps,iqr,0.0165269225836,0.0165269225836,0.000e+00,0.000e+00,True
family_upper_bound,s6_t3,cyclic,calibrated_field_coverage_95,mean,0.914192724228,0.914192724228,0.000e+00,0.000e+00,True
family_upper_bound,s6_t3,cyclic,calibrated_field_coverage_95,std,0.0435946308348,0.0435946308348,0.000e+00,0.000e+00,True
family_upper_bound,s6_t3,cyclic,calibrated_field_coverage_95,median,0.8984375,0.8984375,0.000e+00,0.000e+00,True
family_upper_bound,s6_t3,cyclic,calibrated_field_coverage_95,iqr,0.048828125,0.048828125,0.000e+00,0.000e+00,True
family_upper_bound,s6_t3,cyclic,calibrated_field_ece,mean,0.106396481395,0.106396481395,0.000e+00,0.000e+00,True
family_upper_bound,s6_t3,cyclic,calibrated_field_ece,std,0.0330327386114,0.0330327386114,0.000e+00,0.000e+00,True
family_upper_bound,s6_t3,cyclic,calibrated_field_ece,median,0.104052722454,0.104052722454,0.000e+00,0.000e+00,True
family_upper_bound,s6_t3,cyclic,calibrated_field_ece,iqr,0.0172037929296,0.0172037929296,0.000e+00,0.000e+00,True
family_upper_bound,s6_t3,cyclic,calibrated_field_nll,mean,-0.579017567635,-0.579017567635,0.000e+00,0.000e+00,True
family_upper_bound,s6_t3,cyclic,calibrated_field_nll,std,0.928583815413,0.928583815413,0.000e+00,0.000e+00,True
family_upper_bound,s6_t3,cyclic,calibrated_field_nll,median,-0.777625262737,-0.777625262737,0.000e+00,0.000e+00,True
family_upper_bound,s6_t3,cyclic,calibrated_field_nll,iqr,0.831214308739,0.831214308739,0.000e+00,0.000e+00,True
family_upper_bound,s6_t3,cyclic,calibrated_field_crps,mean,0.0587835676968,0.0587835676968,0.000e+00,0.000e+00,True
family_upper_bound,s6_t3,cyclic,calibrated_field_crps,std,0.0269387994674,0.0269387994674,0.000e+00,0.000e+00,True
family_upper_bound,s6_t3,cyclic,calibrated_field_crps,median,0.0618823133409,0.0618823133409,0.000e+00,0.000e+00,True
family_upper_bound,s6_t3,cyclic,calibrated_field_crps,iqr,0.0315823331475,0.0315823331475,0.000e+00,0.000e+00,True
family_upper_bound,s6_t3,cyclic,calibrated_field_spread_scale,mean,9644.17148437,9644.17148437,0.000e+00,0.000e+00,True
family_upper_bound,s6_t3,cyclic,calibrated_field_spread_scale,std,795.65674927,795.65674927,1.137e-13,1.429e-16,True
family_upper_bound,s6_t3,cyclic,calibrated_field_spread_scale,median,10000,10000,0.000e+00,0.000e+00,True
family_upper_bound,s6_t3,cyclic,calibrated_field_spread_scale,iqr,0,0,0.000e+00,0.000e+00,True
family_upper_bound,s6_t3,cyclic,posterior_calibration_num_calibration,mean,4,4,0.000e+00,0.000e+00,True
family_upper_bound,s6_t3,cyclic,posterior_calibration_num_calibration,std,0,0,0.000e+00,0.000e+00,True
family_upper_bound,s6_t3,cyclic,posterior_calibration_num_calibration,median,4,4,0.000e+00,0.000e+00,True
family_upper_bound,s6_t3,cyclic,posterior_calibration_num_calibration,iqr,0,0,0.000e+00,0.000e+00,True
family_upper_bound,s6_t3,cyclic,posterior_calibration_num_test,mean,4,4,0.000e+00,0.000e+00,True
family_upper_bound,s6_t3,cyclic,posterior_calibration_num_test,std,0,0,0.000e+00,0.000e+00,True
family_upper_bound,s6_t3,cyclic,posterior_calibration_num_test,median,4,4,0.000e+00,0.000e+00,True
family_upper_bound,s6_t3,cyclic,posterior_calibration_num_test,iqr,0,0,0.000e+00,0.000e+00,True
family_upper_bound,s6_t3,nonproportional,sparse_observation_relative_l2,mean,1.7468557477,1.7468557477,0.000e+00,0.000e+00,True
family_upper_bound,s6_t3,nonproportional,sparse_observation_relative_l2,std,1.60135006543,1.60135006543,2.220e-16,1.387e-16,True
family_upper_bound,s6_t3,nonproportional,sparse_observation_relative_l2,median,0.929722368717,0.929722368717,0.000e+00,0.000e+00,True
family_upper_bound,s6_t3,nonproportional,sparse_observation_relative_l2,iqr,0.525984823704,0.525984823704,0.000e+00,0.000e+00,True
family_upper_bound,s6_t3,nonproportional,rollout_displacement_relative_l2,mean,1.28263138533,1.28263138533,0.000e+00,0.000e+00,True
family_upper_bound,s6_t3,nonproportional,rollout_displacement_relative_l2,std,0.68927935988,0.68927935988,1.110e-16,1.110e-16,True
family_upper_bound,s6_t3,nonproportional,rollout_displacement_relative_l2,median,0.905995488167,0.905995488167,0.000e+00,0.000e+00,True
family_upper_bound,s6_t3,nonproportional,rollout_displacement_relative_l2,iqr,0.461280286312,0.461280286312,0.000e+00,0.000e+00,True
family_upper_bound,s6_t3,nonproportional,material_parameter_relative_l2,mean,0.303201106191,0.303201106191,0.000e+00,0.000e+00,True
family_upper_bound,s6_t3,nonproportional,material_parameter_relative_l2,std,0.0558529534657,0.0558529534657,0.000e+00,0.000e+00,True
family_upper_bound,s6_t3,nonproportional,material_parameter_relative_l2,median,0.315007001162,0.315007001162,0.000e+00,0.000e+00,True
family_upper_bound,s6_t3,nonproportional,material_parameter_relative_l2,iqr,0.102726355195,0.102726355195,0.000e+00,0.000e+00,True
family_upper_bound,s6_t3,nonproportional,material_parameter_coverage_95,mean,0.0208333339542,0.0208333339542,0.000e+00,0.000e+00,True
family_upper_bound,s6_t3,nonproportional,material_parameter_coverage_95,std,0.0208333339542,0.0208333339542,0.000e+00,0.000e+00,True
family_upper_bound,s6_t3,nonproportional,material_parameter_coverage_95,median,0.0208333339542,0.0208333339542,0.000e+00,0.000e+00,True
family_upper_bound,s6_t3,nonproportional,material_parameter_coverage_95,iqr,0.0416666679084,0.0416666679084,0.000e+00,0.000e+00,True
family_upper_bound,s6_t3,nonproportional,material_parameter_ece,mean,0.771874988079,0.771874988079,0.000e+00,0.000e+00,True
family_upper_bound,s6_t3,nonproportional,material_parameter_ece,std,0.0160531485739,0.0160531485739,0.000e+00,0.000e+00,True
family_upper_bound,s6_t3,nonproportional,material_parameter_ece,median,0.771875023842,0.771875023842,0.000e+00,0.000e+00,True
family_upper_bound,s6_t3,nonproportional,material_parameter_ece,iqr,0.0260416269302,0.0260416269302,0.000e+00,0.000e+00,True
family_upper_bound,s6_t3,nonproportional,material_parameter_nll,mean,64654.9224609,64654.9224609,0.000e+00,0.000e+00,True
family_upper_bound,s6_t3,nonproportional,material_parameter_nll,std,114130.255324,114130.255324,1.455e-11,1.275e-16,True
family_upper_bound,s6_t3,nonproportional,material_parameter_nll,median,17289.7050781,17289.7050781,0.000e+00,0.000e+00,True
family_upper_bound,s6_t3,nonproportional,material_parameter_nll,iqr,28261.6000977,28261.6000977,0.000e+00,0.000e+00,True
family_upper_bound,s6_t3,nonproportional,calibrated_material_parameter_coverage_95,mean,0.991666674614,0.991666674614,0.000e+00,0.000e+00,True
family_upper_bound,s6_t3,nonproportional,calibrated_material_parameter_coverage_95,std,0.0186338820418,0.0186338820418,0.000e+00,0.000e+00,True
family_upper_bound,s6_t3,nonproportional,calibrated_material_parameter_coverage_95,median,1,1,0.000e+00,0.000e+00,True
family_upper_bound,s6_t3,nonproportional,calibrated_material_parameter_coverage_95,iqr,0,0,0.000e+00,0.000e+00,True
family_upper_bound,s6_t3,nonproportional,calibrated_material_parameter_ece,mean,0.156250014901,0.156250014901,0.000e+00,0.000e+00,True
family_upper_bound,s6_t3,nonproportional,calibrated_material_parameter_ece,std,0.058277496741,0.058277496741,0.000e+00,0.000e+00,True
family_upper_bound,s6_t3,nonproportional,calibrated_material_parameter_ece,median,0.160416677594,0.160416677594,0.000e+00,0.000e+00,True
family_upper_bound,s6_t3,nonproportional,calibrated_material_parameter_ece,iqr,0.0625,0.0625,0.000e+00,0.000e+00,True
family_upper_bound,s6_t3,nonproportional,calibrated_material_parameter_nll,mean,1.41727091968,1.41727091968,0.000e+00,0.000e+00,True
family_upper_bound,s6_t3,nonproportional,calibrated_material_parameter_nll,std,1.15496554601,1.15496554601,0.000e+00,0.000e+00,True
family_upper_bound,s6_t3,nonproportional,calibrated_material_parameter_nll,median,1.12547922134,1.12547922134,0.000e+00,0.000e+00,True
family_upper_bound,s6_t3,nonproportional,calibrated_material_parameter_nll,iqr,0.773383915424,0.773383915424,0.000e+00,0.000e+00,True
family_upper_bound,s6_t3,nonproportional,calibrated_material_parameter_spread_scale,mean,927.450190735,927.450190735,0.000e+00,0.000e+00,True
family_upper_bound,s6_t3,nonproportional,calibrated_material_parameter_spread_scale,std,1190.60896363,1190.60896363,2.274e-13,1.910e-16,True
family_upper_bound,s6_t3,nonproportional,calibrated_material_parameter_spread_scale,median,571.348205566,571.348205566,0.000e+00,0.000e+00,True
family_upper_bound,s6_t3,nonproportional,calibrated_material_parameter_spread_scale,iqr,603.421600342,603.421600342,0.000e+00,0.000e+00,True
family_upper_bound,s6_t3,nonproportional,history_relative_l2,mean,0.805366873741,0.805366873741,0.000e+00,0.000e+00,True
family_upper_bound,s6_t3,nonproportional,history_relative_l2,std,0.153982078195,0.153982078195,0.000e+00,0.000e+00,True
family_upper_bound,s6_t3,nonproportional,history_relative_l2,median,0.872695684433,0.872695684433,0.000e+00,0.000e+00,True
family_upper_bound,s6_t3,nonproportional,history_relative_l2,iqr,0.210126638412,0.210126638412,0.000e+00,0.000e+00,True
family_upper_bound,s6_t3,nonproportional,history_final_relative_l2,mean,2.10800068378,2.10800068378,0.000e+00,0.000e+00,True
family_upper_bound,s6_t3,nonproportional,history_final_relative_l2,std,0.757917935993,0.757917935993,0.000e+00,0.000e+00,True
family_upper_bound,s6_t3,nonproportional,history_final_relative_l2,median,2.42381930351,2.42381930351,0.000e+00,0.000e+00,True
family_upper_bound,s6_t3,nonproportional,history_final_relative_l2,iqr,1.44723987579,1.44723987579,0.000e+00,0.000e+00,True
family_upper_bound,s6_t3,nonproportional,history_coverage_95,mean,0.0444254022092,0.0444254022092,0.000e+00,0.000e+00,True
family_upper_bound,s6_t3,nonproportional,history_coverage_95,std,0.037046826213,0.037046826213,0.000e+00,0.000e+00,True
family_upper_bound,s6_t3,nonproportional,history_coverage_95,median,0.029385080561,0.029385080561,0.000e+00,0.000e+00,True
family_upper_bound,s6_t3,nonproportional,history_coverage_95,iqr,0.0649193525314,0.0649193525314,0.000e+00,0.000e+00,True
family_upper_bound,s6_t3,nonproportional,history_ece,mean,0.744029736519,0.744029736519,0.000e+00,0.000e+00,True
family_upper_bound,s6_t3,nonproportional,history_ece,std,0.037351502872,0.037351502872,0.000e+00,0.000e+00,True
family_upper_bound,s6_t3,nonproportional,history_ece,median,0.760093212128,0.760093212128,0.000e+00,0.000e+00,True
family_upper_bound,s6_t3,nonproportional,history_ece,iqr,0.0655746459961,0.0655746459961,0.000e+00,0.000e+00,True
family_upper_bound,s6_t3,nonproportional,history_nll,mean,1329605.48125,1329605.48125,0.000e+00,0.000e+00,True
family_upper_bound,s6_t3,nonproportional,history_nll,std,1425814.44639,1425814.44639,0.000e+00,0.000e+00,True
family_upper_bound,s6_t3,nonproportional,history_nll,median,733351.5,733351.5,0.000e+00,0.000e+00,True
family_upper_bound,s6_t3,nonproportional,history_nll,iqr,1323976.5625,1323976.5625,0.000e+00,0.000e+00,True
family_upper_bound,s6_t3,nonproportional,calibrated_history_coverage_95,mean,0.804798364639,0.804798364639,0.000e+00,0.000e+00,True
family_upper_bound,s6_t3,nonproportional,calibrated_history_coverage_95,std,0.0529254710102,0.0529254710102,0.000e+00,0.000e+00,True
family_upper_bound,s6_t3,nonproportional,calibrated_history_coverage_95,median,0.836794316769,0.836794316769,0.000e+00,0.000e+00,True
family_upper_bound,s6_t3,nonproportional,calibrated_history_coverage_95,iqr,0.0939515829086,0.0939515829086,0.000e+00,0.000e+00,True
family_upper_bound,s6_t3,nonproportional,calibrated_history_ece,mean,0.13404738009,0.13404738009,0.000e+00,0.000e+00,True
family_upper_bound,s6_t3,nonproportional,calibrated_history_ece,std,0.020477487399,0.020477487399,0.000e+00,0.000e+00,True
family_upper_bound,s6_t3,nonproportional,calibrated_history_ece,median,0.11953124404,0.11953124404,0.000e+00,0.000e+00,True
family_upper_bound,s6_t3,nonproportional,calibrated_history_ece,iqr,0.0372983962297,0.0372983962297,0.000e+00,0.000e+00,True
family_upper_bound,s6_t3,nonproportional,calibrated_history_nll,mean,2520.74000778,2520.74000778,0.000e+00,0.000e+00,True
family_upper_bound,s6_t3,nonproportional,calibrated_history_nll,std,2345.16169343,2345.16169343,0.000e+00,0.000e+00,True
family_upper_bound,s6_t3,nonproportional,calibrated_history_nll,median,2102.65527344,2102.65527344,0.000e+00,0.000e+00,True
family_upper_bound,s6_t3,nonproportional,calibrated_history_nll,iqr,1844.72033691,1844.72033691,0.000e+00,0.000e+00,True
family_upper_bound,s6_t3,nonproportional,calibrated_history_spread_scale,mean,10000,10000,0.000e+00,0.000e+00,True
family_upper_bound,s6_t3,nonproportional,calibrated_history_spread_scale,std,0,0,0.000e+00,0.000e+00,True
family_upper_bound,s6_t3,nonproportional,calibrated_history_spread_scale,median,10000,10000,0.000e+00,0.000e+00,True
family_upper_bound,s6_t3,nonproportional,calibrated_history_spread_scale,iqr,0,0,0.000e+00,0.000e+00,True
family_upper_bound,s6_t3,nonproportional,field_coverage_95,mean,0.000911458354676,0.000911458354676,0.000e+00,0.000e+00,True
family_upper_bound,s6_t3,nonproportional,field_coverage_95,std,0.0010138289036,0.0010138289036,0.000e+00,0.000e+00,True
family_upper_bound,s6_t3,nonproportional,field_coverage_95,median,0.000651041686069,0.000651041686069,0.000e+00,0.000e+00,True
family_upper_bound,s6_t3,nonproportional,field_coverage_95,iqr,0.000651041656965,0.000651041656965,0.000e+00,0.000e+00,True
family_upper_bound,s6_t3,nonproportional,field_ece,mean,0.78683270216,0.78683270216,0.000e+00,0.000e+00,True
family_upper_bound,s6_t3,nonproportional,field_ece,std,0.000719642861907,0.000719642861907,0.000e+00,0.000e+00,True
family_upper_bound,s6_t3,nonproportional,field_ece,median,0.787133812904,0.787133812904,0.000e+00,0.000e+00,True
family_upper_bound,s6_t3,nonproportional,field_ece,iqr,0.000569701194763,0.000569701194763,0.000e+00,0.000e+00,True
family_upper_bound,s6_t3,nonproportional,field_nll,mean,280397.376563,280397.376563,0.000e+00,0.000e+00,True
family_upper_bound,s6_t3,nonproportional,field_nll,std,329006.534797,329006.534797,0.000e+00,0.000e+00,True
family_upper_bound,s6_t3,nonproportional,field_nll,median,114257.9375,114257.9375,0.000e+00,0.000e+00,True
family_upper_bound,s6_t3,nonproportional,field_nll,iqr,127473.695312,127473.695312,0.000e+00,0.000e+00,True
family_upper_bound,s6_t3,nonproportional,field_crps,mean,0.046634933725,0.046634933725,0.000e+00,0.000e+00,True
family_upper_bound,s6_t3,nonproportional,field_crps,std,0.0251819048787,0.0251819048787,0.000e+00,0.000e+00,True
family_upper_bound,s6_t3,nonproportional,field_crps,median,0.0312442090362,0.0312442090362,0.000e+00,0.000e+00,True
family_upper_bound,s6_t3,nonproportional,field_crps,iqr,0.0218481980264,0.0218481980264,0.000e+00,0.000e+00,True
family_upper_bound,s6_t3,nonproportional,calibrated_field_coverage_95,mean,0.924414074421,0.924414074421,0.000e+00,0.000e+00,True
family_upper_bound,s6_t3,nonproportional,calibrated_field_coverage_95,std,0.0876199688085,0.0876199688085,0.000e+00,0.000e+00,True
family_upper_bound,s6_t3,nonproportional,calibrated_field_coverage_95,median,0.974609375,0.974609375,0.000e+00,0.000e+00,True
family_upper_bound,s6_t3,nonproportional,calibrated_field_coverage_95,iqr,0.125651061535,0.125651061535,0.000e+00,0.000e+00,True
family_upper_bound,s6_t3,nonproportional,calibrated_field_ece,mean,0.125227874517,0.125227874517,0.000e+00,0.000e+00,True
family_upper_bound,s6_t3,nonproportional,calibrated_field_ece,std,0.0603365405726,0.0603365405726,0.000e+00,0.000e+00,True
family_upper_bound,s6_t3,nonproportional,calibrated_field_ece,median,0.117333978415,0.117333978415,0.000e+00,0.000e+00,True
family_upper_bound,s6_t3,nonproportional,calibrated_field_ece,iqr,0.0793456882238,0.0793456882238,0.000e+00,0.000e+00,True
family_upper_bound,s6_t3,nonproportional,calibrated_field_nll,mean,0.645475025475,0.645475025475,0.000e+00,0.000e+00,True
family_upper_bound,s6_t3,nonproportional,calibrated_field_nll,std,3.09772247104,3.09772247104,4.441e-16,1.434e-16,True
family_upper_bound,s6_t3,nonproportional,calibrated_field_nll,median,-0.25382232666,-0.25382232666,0.000e+00,0.000e+00,True
family_upper_bound,s6_t3,nonproportional,calibrated_field_nll,iqr,0.790962077677,0.790962077677,0.000e+00,0.000e+00,True
family_upper_bound,s6_t3,nonproportional,calibrated_field_crps,mean,0.0829533092678,0.0829533092678,0.000e+00,0.000e+00,True
family_upper_bound,s6_t3,nonproportional,calibrated_field_crps,std,0.0595051151149,0.0595051151149,0.000e+00,0.000e+00,True
family_upper_bound,s6_t3,nonproportional,calibrated_field_crps,median,0.0752081647515,0.0752081647515,0.000e+00,0.000e+00,True
family_upper_bound,s6_t3,nonproportional,calibrated_field_crps,iqr,0.0790543723851,0.0790543723851,0.000e+00,0.000e+00,True
family_upper_bound,s6_t3,nonproportional,calibrated_field_spread_scale,mean,8305.00090332,8305.00090332,0.000e+00,0.000e+00,True
family_upper_bound,s6_t3,nonproportional,calibrated_field_spread_scale,std,3790.13320198,3790.13320198,0.000e+00,0.000e+00,True
family_upper_bound,s6_t3,nonproportional,calibrated_field_spread_scale,median,10000,10000,0.000e+00,0.000e+00,True
family_upper_bound,s6_t3,nonproportional,calibrated_field_spread_scale,iqr,0,0,0.000e+00,0.000e+00,True
family_upper_bound,s6_t3,nonproportional,posterior_calibration_num_calibration,mean,4,4,0.000e+00,0.000e+00,True
family_upper_bound,s6_t3,nonproportional,posterior_calibration_num_calibration,std,0,0,0.000e+00,0.000e+00,True
family_upper_bound,s6_t3,nonproportional,posterior_calibration_num_calibration,median,4,4,0.000e+00,0.000e+00,True
family_upper_bound,s6_t3,nonproportional,posterior_calibration_num_calibration,iqr,0,0,0.000e+00,0.000e+00,True
family_upper_bound,s6_t3,nonproportional,posterior_calibration_num_test,mean,4,4,0.000e+00,0.000e+00,True
family_upper_bound,s6_t3,nonproportional,posterior_calibration_num_test,std,0,0,0.000e+00,0.000e+00,True
family_upper_bound,s6_t3,nonproportional,posterior_calibration_num_test,median,4,4,0.000e+00,0.000e+00,True
family_upper_bound,s6_t3,nonproportional,posterior_calibration_num_test,iqr,0,0,0.000e+00,0.000e+00,True
family_upper_bound,s6_t3,random_amplitude,sparse_observation_relative_l2,mean,1.7223472476,1.7223472476,0.000e+00,0.000e+00,True
family_upper_bound,s6_t3,random_amplitude,sparse_observation_relative_l2,std,1.57825219135,1.57825219135,0.000e+00,0.000e+00,True
family_upper_bound,s6_t3,random_amplitude,sparse_observation_relative_l2,median,0.925463199615,0.925463199615,0.000e+00,0.000e+00,True
family_upper_bound,s6_t3,random_amplitude,sparse_observation_relative_l2,iqr,0.720113277435,0.720113277435,0.000e+00,0.000e+00,True
family_upper_bound,s6_t3,random_amplitude,rollout_displacement_relative_l2,mean,1.41569652557,1.41569652557,0.000e+00,0.000e+00,True
family_upper_bound,s6_t3,random_amplitude,rollout_displacement_relative_l2,std,0.962554068277,0.962554068277,0.000e+00,0.000e+00,True
family_upper_bound,s6_t3,random_amplitude,rollout_displacement_relative_l2,median,0.888160407543,0.888160407543,0.000e+00,0.000e+00,True
family_upper_bound,s6_t3,random_amplitude,rollout_displacement_relative_l2,iqr,0.58727812767,0.58727812767,0.000e+00,0.000e+00,True
family_upper_bound,s6_t3,random_amplitude,material_parameter_relative_l2,mean,0.296734774113,0.296734774113,0.000e+00,0.000e+00,True
family_upper_bound,s6_t3,random_amplitude,material_parameter_relative_l2,std,0.113211401953,0.113211401953,1.388e-17,1.388e-17,True
family_upper_bound,s6_t3,random_amplitude,material_parameter_relative_l2,median,0.37376961112,0.37376961112,0.000e+00,0.000e+00,True
family_upper_bound,s6_t3,random_amplitude,material_parameter_relative_l2,iqr,0.201873660088,0.201873660088,0.000e+00,0.000e+00,True
family_upper_bound,s6_t3,random_amplitude,material_parameter_coverage_95,mean,0.0250000007451,0.0250000007451,0.000e+00,0.000e+00,True
family_upper_bound,s6_t3,random_amplitude,material_parameter_coverage_95,std,0.0372678007357,0.0372678007357,0.000e+00,0.000e+00,True
family_upper_bound,s6_t3,random_amplitude,material_parameter_coverage_95,median,0,0,0.000e+00,0.000e+00,True
family_upper_bound,s6_t3,random_amplitude,material_parameter_coverage_95,iqr,0.0416666679084,0.0416666679084,0.000e+00,0.000e+00,True
family_upper_bound,s6_t3,random_amplitude,material_parameter_ece,mean,0.766666650772,0.766666650772,0.000e+00,0.000e+00,True
family_upper_bound,s6_t3,random_amplitude,material_parameter_ece,std,0.0339541525269,0.0339541525269,0.000e+00,0.000e+00,True
family_upper_bound,s6_t3,random_amplitude,material_parameter_ece,median,0.787499964237,0.787499964237,0.000e+00,0.000e+00,True
family_upper_bound,s6_t3,random_amplitude,material_parameter_ece,iqr,0.0260416269302,0.0260416269302,0.000e+00,0.000e+00,True
family_upper_bound,s6_t3,random_amplitude,material_parameter_nll,mean,13903.1078125,13903.1078125,0.000e+00,0.000e+00,True
family_upper_bound,s6_t3,random_amplitude,material_parameter_nll,std,12020.3646635,12020.3646635,1.819e-12,1.513e-16,True
family_upper_bound,s6_t3,random_amplitude,material_parameter_nll,median,16614.1289062,16614.1289062,0.000e+00,0.000e+00,True
family_upper_bound,s6_t3,random_amplitude,material_parameter_nll,iqr,16213.8498535,16213.8498535,0.000e+00,0.000e+00,True
family_upper_bound,s6_t3,random_amplitude,calibrated_material_parameter_coverage_95,mean,0.950000035763,0.950000035763,0.000e+00,0.000e+00,True
family_upper_bound,s6_t3,random_amplitude,calibrated_material_parameter_coverage_95,std,0.0186339086978,0.0186339086978,0.000e+00,0.000e+00,True
family_upper_bound,s6_t3,random_amplitude,calibrated_material_parameter_coverage_95,median,0.95833337307,0.95833337307,0.000e+00,0.000e+00,True
family_upper_bound,s6_t3,random_amplitude,calibrated_material_parameter_coverage_95,iqr,0,0,0.000e+00,0.000e+00,True
family_upper_bound,s6_t3,random_amplitude,calibrated_material_parameter_ece,mean,0.10750002861,0.10750002861,0.000e+00,0.000e+00,True
family_upper_bound,s6_t3,random_amplitude,calibrated_material_parameter_ece,std,0.0413162414349,0.0413162414349,0.000e+00,0.000e+00,True
family_upper_bound,s6_t3,random_amplitude,calibrated_material_parameter_ece,median,0.108333364129,0.108333364129,0.000e+00,0.000e+00,True
family_upper_bound,s6_t3,random_amplitude,calibrated_material_parameter_ece,iqr,0.0458333790302,0.0458333790302,0.000e+00,0.000e+00,True
family_upper_bound,s6_t3,random_amplitude,calibrated_material_parameter_nll,mean,0.870855545998,0.870855545998,0.000e+00,0.000e+00,True
family_upper_bound,s6_t3,random_amplitude,calibrated_material_parameter_nll,std,0.73371519771,0.73371519771,0.000e+00,0.000e+00,True
family_upper_bound,s6_t3,random_amplitude,calibrated_material_parameter_nll,median,0.717232167721,0.717232167721,0.000e+00,0.000e+00,True
family_upper_bound,s6_t3,random_amplitude,calibrated_material_parameter_nll,iqr,0.985480248928,0.985480248928,0.000e+00,0.000e+00,True
family_upper_bound,s6_t3,random_amplitude,calibrated_material_parameter_spread_scale,mean,293.282568359,293.282568359,0.000e+00,0.000e+00,True
family_upper_bound,s6_t3,random_amplitude,calibrated_material_parameter_spread_scale,std,187.940295437,187.940295437,0.000e+00,0.000e+00,True
family_upper_bound,s6_t3,random_amplitude,calibrated_material_parameter_spread_scale,median,296.033477783,296.033477783,0.000e+00,0.000e+00,True
family_upper_bound,s6_t3,random_amplitude,calibrated_material_parameter_spread_scale,iqr,307.174865723,307.174865723,0.000e+00,0.000e+00,True
family_upper_bound,s6_t3,random_amplitude,history_relative_l2,mean,0.826008999348,0.826008999348,0.000e+00,0.000e+00,True
family_upper_bound,s6_t3,random_amplitude,history_relative_l2,std,0.104586298858,0.104586298858,0.000e+00,0.000e+00,True
family_upper_bound,s6_t3,random_amplitude,history_relative_l2,median,0.80467915535,0.80467915535,0.000e+00,0.000e+00,True
family_upper_bound,s6_t3,random_amplitude,history_relative_l2,iqr,0.160748243332,0.160748243332,0.000e+00,0.000e+00,True
family_upper_bound,s6_t3,random_amplitude,history_final_relative_l2,mean,0.411199054122,0.411199054122,0.000e+00,0.000e+00,True
family_upper_bound,s6_t3,random_amplitude,history_final_relative_l2,std,0.209184136666,0.209184136666,2.776e-17,2.776e-17,True
family_upper_bound,s6_t3,random_amplitude,history_final_relative_l2,median,0.293638139963,0.293638139963,0.000e+00,0.000e+00,True
family_upper_bound,s6_t3,random_amplitude,history_final_relative_l2,iqr,0.379516974092,0.379516974092,0.000e+00,0.000e+00,True
family_upper_bound,s6_t3,random_amplitude,history_coverage_95,mean,0.0444841265678,0.0444841265678,0.000e+00,0.000e+00,True
family_upper_bound,s6_t3,random_amplitude,history_coverage_95,std,0.0290260040528,0.0290260040528,0.000e+00,0.000e+00,True
family_upper_bound,s6_t3,random_amplitude,history_coverage_95,median,0.046130951494,0.046130951494,0.000e+00,0.000e+00,True
family_upper_bound,s6_t3,random_amplitude,history_coverage_95,iqr,0.0500992070884,0.0500992070884,0.000e+00,0.000e+00,True
family_upper_bound,s6_t3,random_amplitude,history_ece,mean,0.744325375557,0.744325375557,0.000e+00,0.000e+00,True
family_upper_bound,s6_t3,random_amplitude,history_ece,std,0.0289426212839,0.0289426212839,0.000e+00,0.000e+00,True
family_upper_bound,s6_t3,random_amplitude,history_ece,median,0.743229150772,0.743229150772,0.000e+00,0.000e+00,True
family_upper_bound,s6_t3,random_amplitude,history_ece,iqr,0.0509424805641,0.0509424805641,0.000e+00,0.000e+00,True
family_upper_bound,s6_t3,random_amplitude,history_nll,mean,633528.00625,633528.00625,0.000e+00,0.000e+00,True
family_upper_bound,s6_t3,random_amplitude,history_nll,std,826486.581763,826486.581763,1.164e-10,1.409e-16,True
family_upper_bound,s6_t3,random_amplitude,history_nll,median,170352.453125,170352.453125,0.000e+00,0.000e+00,True
family_upper_bound,s6_t3,random_amplitude,history_nll,iqr,507828.8125,507828.8125,0.000e+00,0.000e+00,True
family_upper_bound,s6_t3,random_amplitude,calibrated_history_coverage_95,mean,0.828392863274,0.828392863274,0.000e+00,0.000e+00,True
family_upper_bound,s6_t3,random_amplitude,calibrated_history_coverage_95,std,0.0621818251212,0.0621818251212,0.000e+00,0.000e+00,True
family_upper_bound,s6_t3,random_amplitude,calibrated_history_coverage_95,median,0.864384949207,0.864384949207,0.000e+00,0.000e+00,True
family_upper_bound,s6_t3,random_amplitude,calibrated_history_coverage_95,iqr,0.099206328392,0.099206328392,0.000e+00,0.000e+00,True
family_upper_bound,s6_t3,random_amplitude,calibrated_history_ece,mean,0.125734111667,0.125734111667,0.000e+00,0.000e+00,True
family_upper_bound,s6_t3,random_amplitude,calibrated_history_ece,std,0.0143143086068,0.0143143086068,0.000e+00,0.000e+00,True
family_upper_bound,s6_t3,random_amplitude,calibrated_history_ece,median,0.121949389577,0.121949389577,0.000e+00,0.000e+00,True
family_upper_bound,s6_t3,random_amplitude,calibrated_history_ece,iqr,0.0255704373121,0.0255704373121,0.000e+00,0.000e+00,True
family_upper_bound,s6_t3,random_amplitude,calibrated_history_nll,mean,2759.42978516,2759.42978516,0.000e+00,0.000e+00,True
family_upper_bound,s6_t3,random_amplitude,calibrated_history_nll,std,1232.80033843,1232.80033843,0.000e+00,0.000e+00,True
family_upper_bound,s6_t3,random_amplitude,calibrated_history_nll,median,2923.20996094,2923.20996094,0.000e+00,0.000e+00,True
family_upper_bound,s6_t3,random_amplitude,calibrated_history_nll,iqr,1877.70678711,1877.70678711,0.000e+00,0.000e+00,True
family_upper_bound,s6_t3,random_amplitude,calibrated_history_spread_scale,mean,10000,10000,0.000e+00,0.000e+00,True
family_upper_bound,s6_t3,random_amplitude,calibrated_history_spread_scale,std,0,0,0.000e+00,0.000e+00,True
family_upper_bound,s6_t3,random_amplitude,calibrated_history_spread_scale,median,10000,10000,0.000e+00,0.000e+00,True
family_upper_bound,s6_t3,random_amplitude,calibrated_history_spread_scale,iqr,0,0,0.000e+00,0.000e+00,True
family_upper_bound,s6_t3,random_amplitude,field_coverage_95,mean,0.00152994795644,0.00152994795644,0.000e+00,0.000e+00,True
family_upper_bound,s6_t3,random_amplitude,field_coverage_95,std,0.00238264802134,0.00238264802134,0.000e+00,0.000e+00,True
family_upper_bound,s6_t3,random_amplitude,field_coverage_95,median,0.00048828125,0.00048828125,0.000e+00,0.000e+00,True
family_upper_bound,s6_t3,random_amplitude,field_coverage_95,iqr,0.00113932295062,0.00113932295062,0.000e+00,0.000e+00,True
family_upper_bound,s6_t3,random_amplitude,field_ece,mean,0.786352527142,0.786352527142,0.000e+00,0.000e+00,True
family_upper_bound,s6_t3,random_amplitude,field_ece,std,0.00170253067773,0.00170253067773,0.000e+00,0.000e+00,True
family_upper_bound,s6_t3,random_amplitude,field_ece,median,0.787011682987,0.787011682987,0.000e+00,0.000e+00,True
family_upper_bound,s6_t3,random_amplitude,field_ece,iqr,0.000895202159882,0.000895202159882,0.000e+00,0.000e+00,True
family_upper_bound,s6_t3,random_amplitude,field_nll,mean,259592.666406,259592.666406,0.000e+00,0.000e+00,True
family_upper_bound,s6_t3,random_amplitude,field_nll,std,379106.7782,379106.7782,5.821e-11,1.535e-16,True
family_upper_bound,s6_t3,random_amplitude,field_nll,median,64112.2460938,64112.2460938,0.000e+00,0.000e+00,True
family_upper_bound,s6_t3,random_amplitude,field_nll,iqr,112765.40625,112765.40625,0.000e+00,0.000e+00,True
family_upper_bound,s6_t3,random_amplitude,field_crps,mean,0.0444307893515,0.0444307893515,0.000e+00,0.000e+00,True
family_upper_bound,s6_t3,random_amplitude,field_crps,std,0.0291813746037,0.0291813746037,0.000e+00,0.000e+00,True
family_upper_bound,s6_t3,random_amplitude,field_crps,median,0.0271631237119,0.0271631237119,0.000e+00,0.000e+00,True
family_upper_bound,s6_t3,random_amplitude,field_crps,iqr,0.0247934572399,0.0247934572399,0.000e+00,0.000e+00,True
family_upper_bound,s6_t3,random_amplitude,calibrated_field_coverage_95,mean,0.930729198456,0.930729198456,0.000e+00,0.000e+00,True
family_upper_bound,s6_t3,random_amplitude,calibrated_field_coverage_95,std,0.0644590471117,0.0644590471117,0.000e+00,0.000e+00,True
family_upper_bound,s6_t3,random_amplitude,calibrated_field_coverage_95,median,0.94954431057,0.94954431057,0.000e+00,0.000e+00,True
family_upper_bound,s6_t3,random_amplitude,calibrated_field_coverage_95,iqr,0.0784505009651,0.0784505009651,0.000e+00,0.000e+00,True
family_upper_bound,s6_t3,random_amplitude,calibrated_field_ece,mean,0.103727218509,0.103727218509,0.000e+00,0.000e+00,True
family_upper_bound,s6_t3,random_amplitude,calibrated_field_ece,std,0.0405754844991,0.0405754844991,0.000e+00,0.000e+00,True
family_upper_bound,s6_t3,random_amplitude,calibrated_field_ece,median,0.110856160522,0.110856160522,0.000e+00,0.000e+00,True
family_upper_bound,s6_t3,random_amplitude,calibrated_field_ece,iqr,0.0263835042715,0.0263835042715,0.000e+00,0.000e+00,True
family_upper_bound,s6_t3,random_amplitude,calibrated_field_nll,mean,-1.2086792469,-1.2086792469,0.000e+00,0.000e+00,True
family_upper_bound,s6_t3,random_amplitude,calibrated_field_nll,std,0.543550357413,0.543550357413,0.000e+00,0.000e+00,True
family_upper_bound,s6_t3,random_amplitude,calibrated_field_nll,median,-1.43429648876,-1.43429648876,0.000e+00,0.000e+00,True
family_upper_bound,s6_t3,random_amplitude,calibrated_field_nll,iqr,0.738857269287,0.738857269287,0.000e+00,0.000e+00,True
family_upper_bound,s6_t3,random_amplitude,calibrated_field_crps,mean,0.0489374857396,0.0489374857396,0.000e+00,0.000e+00,True
family_upper_bound,s6_t3,random_amplitude,calibrated_field_crps,std,0.0314526756319,0.0314526756319,0.000e+00,0.000e+00,True
family_upper_bound,s6_t3,random_amplitude,calibrated_field_crps,median,0.0343200676143,0.0343200676143,0.000e+00,0.000e+00,True
family_upper_bound,s6_t3,random_amplitude,calibrated_field_crps,iqr,0.0567402187735,0.0567402187735,0.000e+00,0.000e+00,True
family_upper_bound,s6_t3,random_amplitude,calibrated_field_spread_scale,mean,4947.06333008,4947.06333008,0.000e+00,0.000e+00,True
family_upper_bound,s6_t3,random_amplitude,calibrated_field_spread_scale,std,3519.53983382,3519.53983382,0.000e+00,0.000e+00,True
family_upper_bound,s6_t3,random_amplitude,calibrated_field_spread_scale,median,4845.78173828,4845.78173828,0.000e+00,0.000e+00,True
family_upper_bound,s6_t3,random_amplitude,calibrated_field_spread_scale,iqr,3929.70239258,3929.70239258,0.000e+00,0.000e+00,True
family_upper_bound,s6_t3,random_amplitude,posterior_calibration_num_calibration,mean,4,4,0.000e+00,0.000e+00,True
family_upper_bound,s6_t3,random_amplitude,posterior_calibration_num_calibration,std,0,0,0.000e+00,0.000e+00,True
family_upper_bound,s6_t3,random_amplitude,posterior_calibration_num_calibration,median,4,4,0.000e+00,0.000e+00,True
family_upper_bound,s6_t3,random_amplitude,posterior_calibration_num_calibration,iqr,0,0,0.000e+00,0.000e+00,True
family_upper_bound,s6_t3,random_amplitude,posterior_calibration_num_test,mean,4,4,0.000e+00,0.000e+00,True
family_upper_bound,s6_t3,random_amplitude,posterior_calibration_num_test,std,0,0,0.000e+00,0.000e+00,True
family_upper_bound,s6_t3,random_amplitude,posterior_calibration_num_test,median,4,4,0.000e+00,0.000e+00,True
family_upper_bound,s6_t3,random_amplitude,posterior_calibration_num_test,iqr,0,0,0.000e+00,0.000e+00,True
family_upper_bound,s6_t3,pre_stress,sparse_observation_relative_l2,mean,2.37859524488,2.37859524488,0.000e+00,0.000e+00,True
family_upper_bound,s6_t3,pre_stress,sparse_observation_relative_l2,std,2.80267545667,2.80267545667,4.441e-16,1.585e-16,True
family_upper_bound,s6_t3,pre_stress,sparse_observation_relative_l2,median,0.928737878799,0.928737878799,0.000e+00,0.000e+00,True
family_upper_bound,s6_t3,pre_stress,sparse_observation_relative_l2,iqr,1.08797073364,1.08797073364,0.000e+00,0.000e+00,True
family_upper_bound,s6_t3,pre_stress,rollout_displacement_relative_l2,mean,2.45837576389,2.45837576389,0.000e+00,0.000e+00,True
family_upper_bound,s6_t3,pre_stress,rollout_displacement_relative_l2,std,2.91676216,2.91676216,0.000e+00,0.000e+00,True
family_upper_bound,s6_t3,pre_stress,rollout_displacement_relative_l2,median,0.911683738232,0.911683738232,0.000e+00,0.000e+00,True
family_upper_bound,s6_t3,pre_stress,rollout_displacement_relative_l2,iqr,1.13076496124,1.13076496124,0.000e+00,0.000e+00,True
family_upper_bound,s6_t3,pre_stress,material_parameter_relative_l2,mean,0.300667467713,0.300667467713,0.000e+00,0.000e+00,True
family_upper_bound,s6_t3,pre_stress,material_parameter_relative_l2,std,0.0483604490996,0.0483604490996,0.000e+00,0.000e+00,True
family_upper_bound,s6_t3,pre_stress,material_parameter_relative_l2,median,0.316819906235,0.316819906235,0.000e+00,0.000e+00,True
family_upper_bound,s6_t3,pre_stress,material_parameter_relative_l2,iqr,0.0581040382385,0.0581040382385,0.000e+00,0.000e+00,True
family_upper_bound,s6_t3,pre_stress,material_parameter_coverage_95,mean,0.0125000003725,0.0125000003725,0.000e+00,0.000e+00,True
family_upper_bound,s6_t3,pre_stress,material_parameter_coverage_95,std,0.0186339003678,0.0186339003678,0.000e+00,0.000e+00,True
family_upper_bound,s6_t3,pre_stress,material_parameter_coverage_95,median,0,0,0.000e+00,0.000e+00,True
family_upper_bound,s6_t3,pre_stress,material_parameter_coverage_95,iqr,0.0208333339542,0.0208333339542,0.000e+00,0.000e+00,True
family_upper_bound,s6_t3,pre_stress,material_parameter_ece,mean,0.777083313465,0.777083313465,0.000e+00,0.000e+00,True
family_upper_bound,s6_t3,pre_stress,material_parameter_ece,std,0.0147313666891,0.0147313666891,0.000e+00,0.000e+00,True
family_upper_bound,s6_t3,pre_stress,material_parameter_ece,median,0.787499964237,0.787499964237,0.000e+00,0.000e+00,True
family_upper_bound,s6_t3,pre_stress,material_parameter_ece,iqr,0.0208333134651,0.0208333134651,0.000e+00,0.000e+00,True
family_upper_bound,s6_t3,pre_stress,material_parameter_nll,mean,24878.5563965,24878.5563965,0.000e+00,0.000e+00,True
family_upper_bound,s6_t3,pre_stress,material_parameter_nll,std,26623.4346231,26623.4346231,0.000e+00,0.000e+00,True
family_upper_bound,s6_t3,pre_stress,material_parameter_nll,median,16087.7929688,16087.7929688,0.000e+00,0.000e+00,True
family_upper_bound,s6_t3,pre_stress,material_parameter_nll,iqr,28689.6503906,28689.6503906,0.000e+00,0.000e+00,True
family_upper_bound,s6_t3,pre_stress,calibrated_material_parameter_coverage_95,mean,0.966666686535,0.966666686535,0.000e+00,0.000e+00,True
family_upper_bound,s6_t3,pre_stress,calibrated_material_parameter_coverage_95,std,0.0348608225654,0.0348608225654,6.939e-18,6.939e-18,True
family_upper_bound,s6_t3,pre_stress,calibrated_material_parameter_coverage_95,median,0.95833337307,0.95833337307,0.000e+00,0.000e+00,True
family_upper_bound,s6_t3,pre_stress,calibrated_material_parameter_coverage_95,iqr,0.0416666269302,0.0416666269302,0.000e+00,0.000e+00,True
family_upper_bound,s6_t3,pre_stress,calibrated_material_parameter_ece,mean,0.130416688323,0.130416688323,0.000e+00,0.000e+00,True
family_upper_bound,s6_t3,pre_stress,calibrated_material_parameter_ece,std,0.0445268319589,0.0445268319589,6.939e-18,6.939e-18,True
family_upper_bound,s6_t3,pre_stress,calibrated_material_parameter_ece,median,0.139583364129,0.139583364129,0.000e+00,0.000e+00,True
family_upper_bound,s6_t3,pre_stress,calibrated_material_parameter_ece,iqr,0.0624999850988,0.0624999850988,0.000e+00,0.000e+00,True
family_upper_bound,s6_t3,pre_stress,calibrated_material_parameter_nll,mean,1.25877449512,1.25877449512,0.000e+00,0.000e+00,True
family_upper_bound,s6_t3,pre_stress,calibrated_material_parameter_nll,std,0.853837188224,0.853837188224,0.000e+00,0.000e+00,True
family_upper_bound,s6_t3,pre_stress,calibrated_material_parameter_nll,median,1.226364851,1.226364851,0.000e+00,0.000e+00,True
family_upper_bound,s6_t3,pre_stress,calibrated_material_parameter_nll,iqr,0.862793266773,0.862793266773,0.000e+00,0.000e+00,True
family_upper_bound,s6_t3,pre_stress,calibrated_material_parameter_spread_scale,mean,473.813980103,473.813980103,0.000e+00,0.000e+00,True
family_upper_bound,s6_t3,pre_stress,calibrated_material_parameter_spread_scale,std,440.809907174,440.809907174,0.000e+00,0.000e+00,True
family_upper_bound,s6_t3,pre_stress,calibrated_material_parameter_spread_scale,median,342.621002197,342.621002197,0.000e+00,0.000e+00,True
family_upper_bound,s6_t3,pre_stress,calibrated_material_parameter_spread_scale,iqr,370.269714355,370.269714355,0.000e+00,0.000e+00,True
family_upper_bound,s6_t3,pre_stress,history_relative_l2,mean,0.757827746868,0.757827746868,0.000e+00,0.000e+00,True
family_upper_bound,s6_t3,pre_stress,history_relative_l2,std,0.192627563781,0.192627563781,0.000e+00,0.000e+00,True
family_upper_bound,s6_t3,pre_stress,history_relative_l2,median,0.752696752548,0.752696752548,0.000e+00,0.000e+00,True
family_upper_bound,s6_t3,pre_stress,history_relative_l2,iqr,0.272815048695,0.272815048695,0.000e+00,0.000e+00,True
family_upper_bound,s6_t3,pre_stress,history_final_relative_l2,mean,0.572560670972,0.572560670972,0.000e+00,0.000e+00,True
family_upper_bound,s6_t3,pre_stress,history_final_relative_l2,std,0.326960834523,0.326960834523,0.000e+00,0.000e+00,True
family_upper_bound,s6_t3,pre_stress,history_final_relative_l2,median,0.609300017357,0.609300017357,0.000e+00,0.000e+00,True
family_upper_bound,s6_t3,pre_stress,history_final_relative_l2,iqr,0.578772783279,0.578772783279,0.000e+00,0.000e+00,True
family_upper_bound,s6_t3,pre_stress,history_coverage_95,mean,0.0510887086391,0.0510887086391,0.000e+00,0.000e+00,True
family_upper_bound,s6_t3,pre_stress,history_coverage_95,std,0.0226767346217,0.0226767346217,0.000e+00,0.000e+00,True
family_upper_bound,s6_t3,pre_stress,history_coverage_95,median,0.0528729818761,0.0528729818761,0.000e+00,0.000e+00,True
family_upper_bound,s6_t3,pre_stress,history_coverage_95,iqr,0.0327620953321,0.0327620953321,0.000e+00,0.000e+00,True
family_upper_bound,s6_t3,pre_stress,history_ece,mean,0.737754547596,0.737754547596,0.000e+00,0.000e+00,True
family_upper_bound,s6_t3,pre_stress,history_ece,std,0.0223157477931,0.0223157477931,0.000e+00,0.000e+00,True
family_upper_bound,s6_t3,pre_stress,history_ece,median,0.736378550529,0.736378550529,0.000e+00,0.000e+00,True
family_upper_bound,s6_t3,pre_stress,history_ece,iqr,0.0325226783752,0.0325226783752,0.000e+00,0.000e+00,True
family_upper_bound,s6_t3,pre_stress,history_nll,mean,832953.045312,832953.045312,0.000e+00,0.000e+00,True
family_upper_bound,s6_t3,pre_stress,history_nll,std,847115.931758,847115.931758,0.000e+00,0.000e+00,True
family_upper_bound,s6_t3,pre_stress,history_nll,median,457922.0625,457922.0625,0.000e+00,0.000e+00,True
family_upper_bound,s6_t3,pre_stress,history_nll,iqr,1236882.60938,1236882.60938,0.000e+00,0.000e+00,True
family_upper_bound,s6_t3,pre_stress,calibrated_history_coverage_95,mean,0.864697575569,0.864697575569,0.000e+00,0.000e+00,True
family_upper_bound,s6_t3,pre_stress,calibrated_history_coverage_95,std,0.0518704382728,0.0518704382728,0.000e+00,0.000e+00,True
family_upper_bound,s6_t3,pre_stress,calibrated_history_coverage_95,median,0.842842757702,0.842842757702,0.000e+00,0.000e+00,True
family_upper_bound,s6_t3,pre_stress,calibrated_history_coverage_95,iqr,0.0674394965172,0.0674394965172,0.000e+00,0.000e+00,True
family_upper_bound,s6_t3,pre_stress,calibrated_history_ece,mean,0.123734870553,0.123734870553,0.000e+00,0.000e+00,True
family_upper_bound,s6_t3,pre_stress,calibrated_history_ece,std,0.007585952853,0.007585952853,0.000e+00,0.000e+00,True
family_upper_bound,s6_t3,pre_stress,calibrated_history_ece,median,0.122933462262,0.122933462262,0.000e+00,0.000e+00,True
family_upper_bound,s6_t3,pre_stress,calibrated_history_ece,iqr,0.00181452929974,0.00181452929974,0.000e+00,0.000e+00,True
family_upper_bound,s6_t3,pre_stress,calibrated_history_nll,mean,14376.7109383,14376.7109383,0.000e+00,0.000e+00,True
family_upper_bound,s6_t3,pre_stress,calibrated_history_nll,std,29139.7762724,29139.7762724,0.000e+00,0.000e+00,True
family_upper_bound,s6_t3,pre_stress,calibrated_history_nll,median,1431.75500488,1431.75500488,0.000e+00,0.000e+00,True
family_upper_bound,s6_t3,pre_stress,calibrated_history_nll,iqr,1840.23718262,1840.23718262,0.000e+00,0.000e+00,True
family_upper_bound,s6_t3,pre_stress,calibrated_history_spread_scale,mean,9056.00585938,9056.00585938,0.000e+00,0.000e+00,True
family_upper_bound,s6_t3,pre_stress,calibrated_history_spread_scale,std,2110.8350688,2110.8350688,0.000e+00,0.000e+00,True
family_upper_bound,s6_t3,pre_stress,calibrated_history_spread_scale,median,10000,10000,0.000e+00,0.000e+00,True
family_upper_bound,s6_t3,pre_stress,calibrated_history_spread_scale,iqr,0,0,0.000e+00,0.000e+00,True
family_upper_bound,s6_t3,pre_stress,field_coverage_95,mean,0.00074869794189,0.00074869794189,0.000e+00,0.000e+00,True
family_upper_bound,s6_t3,pre_stress,field_coverage_95,std,0.000705712372937,0.000705712372937,0.000e+00,0.000e+00,True
family_upper_bound,s6_t3,pre_stress,field_coverage_95,median,0.00048828125,0.00048828125,0.000e+00,0.000e+00,True
family_upper_bound,s6_t3,pre_stress,field_coverage_95,iqr,0.00097656257276,0.00097656257276,0.000e+00,0.000e+00,True
family_upper_bound,s6_t3,pre_stress,field_ece,mean,0.786897778511,0.786897778511,0.000e+00,0.000e+00,True
family_upper_bound,s6_t3,pre_stress,field_ece,std,0.000510980720798,0.000510980720798,0.000e+00,0.000e+00,True
family_upper_bound,s6_t3,pre_stress,field_ece,median,0.78705239296,0.78705239296,0.000e+00,0.000e+00,True
family_upper_bound,s6_t3,pre_stress,field_ece,iqr,0.000732481479645,0.000732481479645,0.000e+00,0.000e+00,True
family_upper_bound,s6_t3,pre_stress,field_nll,mean,247744.320898,247744.320898,0.000e+00,0.000e+00,True
family_upper_bound,s6_t3,pre_stress,field_nll,std,491590.937113,491590.937113,0.000e+00,0.000e+00,True
family_upper_bound,s6_t3,pre_stress,field_nll,median,16192.2109375,16192.2109375,0.000e+00,0.000e+00,True
family_upper_bound,s6_t3,pre_stress,field_nll,iqr,52754.3017578,52754.3017578,0.000e+00,0.000e+00,True
family_upper_bound,s6_t3,pre_stress,field_crps,mean,0.0344733303413,0.0344733303413,0.000e+00,0.000e+00,True
family_upper_bound,s6_t3,pre_stress,field_crps,std,0.0396662888861,0.0396662888861,6.939e-18,6.939e-18,True
family_upper_bound,s6_t3,pre_stress,field_crps,median,0.0138941239566,0.0138941239566,0.000e+00,0.000e+00,True
family_upper_bound,s6_t3,pre_stress,field_crps,iqr,0.0182485710829,0.0182485710829,0.000e+00,0.000e+00,True
family_upper_bound,s6_t3,pre_stress,calibrated_field_coverage_95,mean,0.934765648842,0.934765648842,0.000e+00,0.000e+00,True
family_upper_bound,s6_t3,pre_stress,calibrated_field_coverage_95,std,0.0116225159489,0.0116225159489,0.000e+00,0.000e+00,True
family_upper_bound,s6_t3,pre_stress,calibrated_field_coverage_95,median,0.93684899807,0.93684899807,0.000e+00,0.000e+00,True
family_upper_bound,s6_t3,pre_stress,calibrated_field_coverage_95,iqr,0.0162760615349,0.0162760615349,0.000e+00,0.000e+00,True
family_upper_bound,s6_t3,pre_stress,calibrated_field_ece,mean,0.102812501788,0.102812501788,0.000e+00,0.000e+00,True
family_upper_bound,s6_t3,pre_stress,calibrated_field_ece,std,0.0363273970684,0.0363273970684,6.939e-18,6.939e-18,True
family_upper_bound,s6_t3,pre_stress,calibrated_field_ece,median,0.119059249759,0.119059249759,0.000e+00,0.000e+00,True
family_upper_bound,s6_t3,pre_stress,calibrated_field_ece,iqr,0.0214843899012,0.0214843899012,0.000e+00,0.000e+00,True
family_upper_bound,s6_t3,pre_stress,calibrated_field_nll,mean,-1.10661841631,-1.10661841631,0.000e+00,0.000e+00,True
family_upper_bound,s6_t3,pre_stress,calibrated_field_nll,std,0.866165675618,0.866165675618,0.000e+00,0.000e+00,True
family_upper_bound,s6_t3,pre_stress,calibrated_field_nll,median,-1.24786877632,-1.24786877632,0.000e+00,0.000e+00,True
family_upper_bound,s6_t3,pre_stress,calibrated_field_nll,iqr,0.931989014149,0.931989014149,0.000e+00,0.000e+00,True
family_upper_bound,s6_t3,pre_stress,calibrated_field_crps,mean,0.0883761707693,0.0883761707693,0.000e+00,0.000e+00,True
family_upper_bound,s6_t3,pre_stress,calibrated_field_crps,std,0.120040410033,0.120040410033,1.388e-17,1.388e-17,True
family_upper_bound,s6_t3,pre_stress,calibrated_field_crps,median,0.0257172882557,0.0257172882557,0.000e+00,0.000e+00,True
family_upper_bound,s6_t3,pre_stress,calibrated_field_crps,iqr,0.0511974990368,0.0511974990368,0.000e+00,0.000e+00,True
family_upper_bound,s6_t3,pre_stress,calibrated_field_spread_scale,mean,4443.61606445,4443.61606445,0.000e+00,0.000e+00,True
family_upper_bound,s6_t3,pre_stress,calibrated_field_spread_scale,std,3006.7332221,3006.7332221,0.000e+00,0.000e+00,True
family_upper_bound,s6_t3,pre_stress,calibrated_field_spread_scale,median,3926.29125977,3926.29125977,0.000e+00,0.000e+00,True
family_upper_bound,s6_t3,pre_stress,calibrated_field_spread_scale,iqr,1613.25048828,1613.25048828,0.000e+00,0.000e+00,True
family_upper_bound,s6_t3,pre_stress,posterior_calibration_num_calibration,mean,4,4,0.000e+00,0.000e+00,True
family_upper_bound,s6_t3,pre_stress,posterior_calibration_num_calibration,std,0,0,0.000e+00,0.000e+00,True
family_upper_bound,s6_t3,pre_stress,posterior_calibration_num_calibration,median,4,4,0.000e+00,0.000e+00,True
family_upper_bound,s6_t3,pre_stress,posterior_calibration_num_calibration,iqr,0,0,0.000e+00,0.000e+00,True
family_upper_bound,s6_t3,pre_stress,posterior_calibration_num_test,mean,4,4,0.000e+00,0.000e+00,True
family_upper_bound,s6_t3,pre_stress,posterior_calibration_num_test,std,0,0,0.000e+00,0.000e+00,True
family_upper_bound,s6_t3,pre_stress,posterior_calibration_num_test,median,4,4,0.000e+00,0.000e+00,True
family_upper_bound,s6_t3,pre_stress,posterior_calibration_num_test,iqr,0,0,0.000e+00,0.000e+00,True
