Ablation,Ablation id,Solver mode,Newton damping,Newton steps,Line search,Regularization,Model,Load path,Metric,Metric label,Mean,Std,Median,IQR,Seeds,Source
No solver loss,no_solver_loss,dense_newton,1.0,1,False,1e-06,hgo_qp_true_j2,cyclic,displacement_relative_l2,rollout disp rel L2,60.8123,41.1927,32.0691,80.5238,5,<project-root>\10_results\reports\solver_in_loop_formal_main\multi_hole_14x11\arms\no_solver_loss\summary.json
No solver loss,no_solver_loss,dense_newton,1.0,1,False,1e-06,hgo_qp_true_j2,cyclic,final_displacement_relative_l2,final disp rel L2,286.365,205.712,155.839,405.007,5,<project-root>\10_results\reports\solver_in_loop_formal_main\multi_hole_14x11\arms\no_solver_loss\summary.json
No solver loss,no_solver_loss,dense_newton,1.0,1,False,1e-06,hgo_qp_true_j2,cyclic,qp_history_relative_l2,QP history rel L2,1.51121,0.300784,1.68019,0.323419,5,<project-root>\10_results\reports\solver_in_loop_formal_main\multi_hole_14x11\arms\no_solver_loss\summary.json
No solver loss,no_solver_loss,dense_newton,1.0,1,False,1e-06,hgo_qp_true_j2,cyclic,qp_history_increment_relative_l2,QP history-inc rel L2,1.53998,0.312136,1.60378,0.332585,5,<project-root>\10_results\reports\solver_in_loop_formal_main\multi_hole_14x11\arms\no_solver_loss\summary.json
No solver loss,no_solver_loss,dense_newton,1.0,1,False,1e-06,hgo_qp_true_j2,cyclic,qp_reversal_eqp_increment_relative_l2,QP reversal eqp-inc rel L2,1.155,0.27784,1.00322,0.108137,5,<project-root>\10_results\reports\solver_in_loop_formal_main\multi_hole_14x11\arms\no_solver_loss\summary.json
No solver loss,no_solver_loss,dense_newton,1.0,1,False,1e-06,hgo_qp_true_j2,cyclic,qp_reversal_plastic_work_increment_relative_l2,QP reversal work-inc rel L2,1.15904,0.29093,1.00022,0.0957508,5,<project-root>\10_results\reports\solver_in_loop_formal_main\multi_hole_14x11\arms\no_solver_loss\summary.json
No solver loss,no_solver_loss,dense_newton,1.0,1,False,1e-06,hgo_qp_true_j2,cyclic,qp_reversal_yield_flag_mae,QP reversal yield MAE,0.501887,0.253632,0.404088,0.363208,5,<project-root>\10_results\reports\solver_in_loop_formal_main\multi_hole_14x11\arms\no_solver_loss\summary.json
No solver loss,no_solver_loss,dense_newton,1.0,1,False,1e-06,hgo_qp_true_j2,cyclic,fem_residual_relative_rms,FEM residual rel RMS,11.5683,6.76847,9.5685,9.67834,5,<project-root>\10_results\reports\solver_in_loop_formal_main\multi_hole_14x11\arms\no_solver_loss\summary.json
No solver loss,no_solver_loss,dense_newton,1.0,1,False,1e-06,hgo_qp_true_j2,cyclic,fem_energy_relative_error,FEM energy rel err,103.358,73.7686,96.9749,73.5021,5,<project-root>\10_results\reports\solver_in_loop_formal_main\multi_hole_14x11\arms\no_solver_loss\summary.json
No solver loss,no_solver_loss,dense_newton,1.0,1,False,1e-06,hgo_qp_true_j2,cyclic,fem_solver_linearized_residual_relative_rms,FEM tangent-solver rel RMS,112.546,79.5317,60.2443,157.165,5,<project-root>\10_results\reports\solver_in_loop_formal_main\multi_hole_14x11\arms\no_solver_loss\summary.json
No solver loss,no_solver_loss,dense_newton,1.0,1,False,1e-06,hgo_qp_true_j2,cyclic,fem_newton_initial_residual_relative_rms,Newton initial residual rel RMS,11.046,6.49629,9.35106,9.42284,5,<project-root>\10_results\reports\solver_in_loop_formal_main\multi_hole_14x11\arms\no_solver_loss\summary.json
No solver loss,no_solver_loss,dense_newton,1.0,1,False,1e-06,hgo_qp_true_j2,cyclic,fem_newton_final_residual_relative_rms,Newton final residual rel RMS,0.000281015,0.000254176,0.00021723,0.000102643,5,<project-root>\10_results\reports\solver_in_loop_formal_main\multi_hole_14x11\arms\no_solver_loss\summary.json
No solver loss,no_solver_loss,dense_newton,1.0,1,False,1e-06,hgo_qp_true_j2,cyclic,fem_newton_residual_ratio,Newton residual ratio,2.61051e-05,1.70018e-05,2.69386e-05,1.6497e-05,5,<project-root>\10_results\reports\solver_in_loop_formal_main\multi_hole_14x11\arms\no_solver_loss\summary.json
No solver loss,no_solver_loss,dense_newton,1.0,1,False,1e-06,hgo_qp_true_j2,cyclic,fem_newton_residual_decrease_fraction,Newton residual decrease,0.999974,1.69955e-05,0.999973,1.65105e-05,5,<project-root>\10_results\reports\solver_in_loop_formal_main\multi_hole_14x11\arms\no_solver_loss\summary.json
No solver loss,no_solver_loss,dense_newton,1.0,1,False,1e-06,hgo_qp_true_j2,cyclic,fem_newton_step_residual_decrease_fraction,Newton step residual decrease,0.999974,1.69955e-05,0.999973,1.65105e-05,5,<project-root>\10_results\reports\solver_in_loop_formal_main\multi_hole_14x11\arms\no_solver_loss\summary.json
No solver loss,no_solver_loss,dense_newton,1.0,1,False,1e-06,hgo_qp_true_j2,cyclic,fem_newton_step1_residual_ratio,Newton step1 residual ratio,2.61051e-05,1.70018e-05,2.69386e-05,1.6497e-05,5,<project-root>\10_results\reports\solver_in_loop_formal_main\multi_hole_14x11\arms\no_solver_loss\summary.json
No solver loss,no_solver_loss,dense_newton,1.0,1,False,1e-06,hgo_qp_true_j2,cyclic,fem_newton_step1_residual_decrease_fraction,Newton step1 residual decrease,0.999974,1.69955e-05,0.999973,1.65105e-05,5,<project-root>\10_results\reports\solver_in_loop_formal_main\multi_hole_14x11\arms\no_solver_loss\summary.json
No solver loss,no_solver_loss,dense_newton,1.0,1,False,1e-06,hgo_qp_true_j2,cyclic,fem_newton_correction_relative_norm,Newton correction rel norm,1.48324,1.30567,1.14089,0.683952,5,<project-root>\10_results\reports\solver_in_loop_formal_main\multi_hole_14x11\arms\no_solver_loss\summary.json
No solver loss,no_solver_loss,dense_newton,1.0,1,False,1e-06,hgo_qp_true_j2,cyclic,fem_newton_accepted_damping,Newton accepted damping,1,0,1,0,5,<project-root>\10_results\reports\solver_in_loop_formal_main\multi_hole_14x11\arms\no_solver_loss\summary.json
No solver loss,no_solver_loss,dense_newton,1.0,1,False,1e-06,hgo_qp_true_j2,cyclic,fem_newton_convergence_rate,Newton convergence rate,1,0,1,0,5,<project-root>\10_results\reports\solver_in_loop_formal_main\multi_hole_14x11\arms\no_solver_loss\summary.json
No solver loss,no_solver_loss,dense_newton,1.0,1,False,1e-06,hgo_qp_true_j2,cyclic,fem_newton_failure_rate,Newton failure rate,0,0,0,0,5,<project-root>\10_results\reports\solver_in_loop_formal_main\multi_hole_14x11\arms\no_solver_loss\summary.json
No solver loss,no_solver_loss,dense_newton,1.0,1,False,1e-06,hgo_qp_true_j2,monotonic,displacement_relative_l2,rollout disp rel L2,65.6731,44.5006,34.5598,87.5936,5,<project-root>\10_results\reports\solver_in_loop_formal_main\multi_hole_14x11\arms\no_solver_loss\summary.json
No solver loss,no_solver_loss,dense_newton,1.0,1,False,1e-06,hgo_qp_true_j2,monotonic,final_displacement_relative_l2,final disp rel L2,79.4521,57.1675,43.1878,111.184,5,<project-root>\10_results\reports\solver_in_loop_formal_main\multi_hole_14x11\arms\no_solver_loss\summary.json
No solver loss,no_solver_loss,dense_newton,1.0,1,False,1e-06,hgo_qp_true_j2,monotonic,qp_history_relative_l2,QP history rel L2,1.87325,0.534378,2.12258,0.68806,5,<project-root>\10_results\reports\solver_in_loop_formal_main\multi_hole_14x11\arms\no_solver_loss\summary.json
No solver loss,no_solver_loss,dense_newton,1.0,1,False,1e-06,hgo_qp_true_j2,monotonic,qp_history_increment_relative_l2,QP history-inc rel L2,2.62908,0.929083,2.91248,1.10677,5,<project-root>\10_results\reports\solver_in_loop_formal_main\multi_hole_14x11\arms\no_solver_loss\summary.json
No solver loss,no_solver_loss,dense_newton,1.0,1,False,1e-06,hgo_qp_true_j2,monotonic,qp_reversal_eqp_increment_relative_l2,QP reversal eqp-inc rel L2,0,0,0,0,5,<project-root>\10_results\reports\solver_in_loop_formal_main\multi_hole_14x11\arms\no_solver_loss\summary.json
No solver loss,no_solver_loss,dense_newton,1.0,1,False,1e-06,hgo_qp_true_j2,monotonic,qp_reversal_plastic_work_increment_relative_l2,QP reversal work-inc rel L2,0,0,0,0,5,<project-root>\10_results\reports\solver_in_loop_formal_main\multi_hole_14x11\arms\no_solver_loss\summary.json
No solver loss,no_solver_loss,dense_newton,1.0,1,False,1e-06,hgo_qp_true_j2,monotonic,qp_reversal_yield_flag_mae,QP reversal yield MAE,0,0,0,0,5,<project-root>\10_results\reports\solver_in_loop_formal_main\multi_hole_14x11\arms\no_solver_loss\summary.json
No solver loss,no_solver_loss,dense_newton,1.0,1,False,1e-06,hgo_qp_true_j2,monotonic,fem_residual_relative_rms,FEM residual rel RMS,10.9791,6.38953,9.20114,8.67499,5,<project-root>\10_results\reports\solver_in_loop_formal_main\multi_hole_14x11\arms\no_solver_loss\summary.json
No solver loss,no_solver_loss,dense_newton,1.0,1,False,1e-06,hgo_qp_true_j2,monotonic,fem_energy_relative_error,FEM energy rel err,31.9919,25.0332,21.0457,40.768,5,<project-root>\10_results\reports\solver_in_loop_formal_main\multi_hole_14x11\arms\no_solver_loss\summary.json
No solver loss,no_solver_loss,dense_newton,1.0,1,False,1e-06,hgo_qp_true_j2,monotonic,fem_solver_linearized_residual_relative_rms,FEM tangent-solver rel RMS,61.7082,41.4559,31.8178,78.3305,5,<project-root>\10_results\reports\solver_in_loop_formal_main\multi_hole_14x11\arms\no_solver_loss\summary.json
No solver loss,no_solver_loss,dense_newton,1.0,1,False,1e-06,hgo_qp_true_j2,monotonic,fem_newton_initial_residual_relative_rms,Newton initial residual rel RMS,10.4871,6.1533,8.95077,8.51521,5,<project-root>\10_results\reports\solver_in_loop_formal_main\multi_hole_14x11\arms\no_solver_loss\summary.json
No solver loss,no_solver_loss,dense_newton,1.0,1,False,1e-06,hgo_qp_true_j2,monotonic,fem_newton_final_residual_relative_rms,Newton final residual rel RMS,0.000271177,0.000245603,0.00020638,0.000100535,5,<project-root>\10_results\reports\solver_in_loop_formal_main\multi_hole_14x11\arms\no_solver_loss\summary.json
No solver loss,no_solver_loss,dense_newton,1.0,1,False,1e-06,hgo_qp_true_j2,monotonic,fem_newton_residual_ratio,Newton residual ratio,2.64746e-05,1.74701e-05,2.70822e-05,1.67409e-05,5,<project-root>\10_results\reports\solver_in_loop_formal_main\multi_hole_14x11\arms\no_solver_loss\summary.json
No solver loss,no_solver_loss,dense_newton,1.0,1,False,1e-06,hgo_qp_true_j2,monotonic,fem_newton_residual_decrease_fraction,Newton residual decrease,0.999974,1.74588e-05,0.999973,1.67489e-05,5,<project-root>\10_results\reports\solver_in_loop_formal_main\multi_hole_14x11\arms\no_solver_loss\summary.json
No solver loss,no_solver_loss,dense_newton,1.0,1,False,1e-06,hgo_qp_true_j2,monotonic,fem_newton_step_residual_decrease_fraction,Newton step residual decrease,0.999974,1.74588e-05,0.999973,1.67489e-05,5,<project-root>\10_results\reports\solver_in_loop_formal_main\multi_hole_14x11\arms\no_solver_loss\summary.json
No solver loss,no_solver_loss,dense_newton,1.0,1,False,1e-06,hgo_qp_true_j2,monotonic,fem_newton_step1_residual_ratio,Newton step1 residual ratio,2.64746e-05,1.74701e-05,2.70822e-05,1.67409e-05,5,<project-root>\10_results\reports\solver_in_loop_formal_main\multi_hole_14x11\arms\no_solver_loss\summary.json
No solver loss,no_solver_loss,dense_newton,1.0,1,False,1e-06,hgo_qp_true_j2,monotonic,fem_newton_step1_residual_decrease_fraction,Newton step1 residual decrease,0.999974,1.74588e-05,0.999973,1.67489e-05,5,<project-root>\10_results\reports\solver_in_loop_formal_main\multi_hole_14x11\arms\no_solver_loss\summary.json
No solver loss,no_solver_loss,dense_newton,1.0,1,False,1e-06,hgo_qp_true_j2,monotonic,fem_newton_correction_relative_norm,Newton correction rel norm,1.38738,1.42655,0.827043,0.361074,5,<project-root>\10_results\reports\solver_in_loop_formal_main\multi_hole_14x11\arms\no_solver_loss\summary.json
No solver loss,no_solver_loss,dense_newton,1.0,1,False,1e-06,hgo_qp_true_j2,monotonic,fem_newton_accepted_damping,Newton accepted damping,1,0,1,0,5,<project-root>\10_results\reports\solver_in_loop_formal_main\multi_hole_14x11\arms\no_solver_loss\summary.json
No solver loss,no_solver_loss,dense_newton,1.0,1,False,1e-06,hgo_qp_true_j2,monotonic,fem_newton_convergence_rate,Newton convergence rate,1,0,1,0,5,<project-root>\10_results\reports\solver_in_loop_formal_main\multi_hole_14x11\arms\no_solver_loss\summary.json
No solver loss,no_solver_loss,dense_newton,1.0,1,False,1e-06,hgo_qp_true_j2,monotonic,fem_newton_failure_rate,Newton failure rate,0,0,0,0,5,<project-root>\10_results\reports\solver_in_loop_formal_main\multi_hole_14x11\arms\no_solver_loss\summary.json
No solver loss,no_solver_loss,dense_newton,1.0,1,False,1e-06,hgo_qp_true_j2,nonproportional,displacement_relative_l2,rollout disp rel L2,49.1891,33.3468,25.8281,65.5441,5,<project-root>\10_results\reports\solver_in_loop_formal_main\multi_hole_14x11\arms\no_solver_loss\summary.json
No solver loss,no_solver_loss,dense_newton,1.0,1,False,1e-06,hgo_qp_true_j2,nonproportional,final_displacement_relative_l2,final disp rel L2,64.166,46.1961,34.8234,89.5425,5,<project-root>\10_results\reports\solver_in_loop_formal_main\multi_hole_14x11\arms\no_solver_loss\summary.json
No solver loss,no_solver_loss,dense_newton,1.0,1,False,1e-06,hgo_qp_true_j2,nonproportional,qp_history_relative_l2,QP history rel L2,1.30396,0.186189,1.39304,0.232921,5,<project-root>\10_results\reports\solver_in_loop_formal_main\multi_hole_14x11\arms\no_solver_loss\summary.json
No solver loss,no_solver_loss,dense_newton,1.0,1,False,1e-06,hgo_qp_true_j2,nonproportional,qp_history_increment_relative_l2,QP history-inc rel L2,2.6677,0.94001,2.94987,1.07602,5,<project-root>\10_results\reports\solver_in_loop_formal_main\multi_hole_14x11\arms\no_solver_loss\summary.json
No solver loss,no_solver_loss,dense_newton,1.0,1,False,1e-06,hgo_qp_true_j2,nonproportional,qp_reversal_eqp_increment_relative_l2,QP reversal eqp-inc rel L2,0,0,0,0,5,<project-root>\10_results\reports\solver_in_loop_formal_main\multi_hole_14x11\arms\no_solver_loss\summary.json
No solver loss,no_solver_loss,dense_newton,1.0,1,False,1e-06,hgo_qp_true_j2,nonproportional,qp_reversal_plastic_work_increment_relative_l2,QP reversal work-inc rel L2,0,0,0,0,5,<project-root>\10_results\reports\solver_in_loop_formal_main\multi_hole_14x11\arms\no_solver_loss\summary.json
No solver loss,no_solver_loss,dense_newton,1.0,1,False,1e-06,hgo_qp_true_j2,nonproportional,qp_reversal_yield_flag_mae,QP reversal yield MAE,0,0,0,0,5,<project-root>\10_results\reports\solver_in_loop_formal_main\multi_hole_14x11\arms\no_solver_loss\summary.json
No solver loss,no_solver_loss,dense_newton,1.0,1,False,1e-06,hgo_qp_true_j2,nonproportional,fem_residual_relative_rms,FEM residual rel RMS,8.95702,5.25863,7.47309,7.51273,5,<project-root>\10_results\reports\solver_in_loop_formal_main\multi_hole_14x11\arms\no_solver_loss\summary.json
No solver loss,no_solver_loss,dense_newton,1.0,1,False,1e-06,hgo_qp_true_j2,nonproportional,fem_energy_relative_error,FEM energy rel err,25.3502,19.9762,15.391,32.9543,5,<project-root>\10_results\reports\solver_in_loop_formal_main\multi_hole_14x11\arms\no_solver_loss\summary.json
No solver loss,no_solver_loss,dense_newton,1.0,1,False,1e-06,hgo_qp_true_j2,nonproportional,fem_solver_linearized_residual_relative_rms,FEM tangent-solver rel RMS,46.2253,31.1526,23.8209,59.2004,5,<project-root>\10_results\reports\solver_in_loop_formal_main\multi_hole_14x11\arms\no_solver_loss\summary.json
No solver loss,no_solver_loss,dense_newton,1.0,1,False,1e-06,hgo_qp_true_j2,nonproportional,fem_newton_initial_residual_relative_rms,Newton initial residual rel RMS,8.54431,5.05065,7.26176,7.31289,5,<project-root>\10_results\reports\solver_in_loop_formal_main\multi_hole_14x11\arms\no_solver_loss\summary.json
No solver loss,no_solver_loss,dense_newton,1.0,1,False,1e-06,hgo_qp_true_j2,nonproportional,fem_newton_final_residual_relative_rms,Newton final residual rel RMS,0.000217794,0.000196836,0.000166856,7.81929e-05,5,<project-root>\10_results\reports\solver_in_loop_formal_main\multi_hole_14x11\arms\no_solver_loss\summary.json
No solver loss,no_solver_loss,dense_newton,1.0,1,False,1e-06,hgo_qp_true_j2,nonproportional,fem_newton_residual_ratio,Newton residual ratio,2.62247e-05,1.70597e-05,2.6965e-05,1.65675e-05,5,<project-root>\10_results\reports\solver_in_loop_formal_main\multi_hole_14x11\arms\no_solver_loss\summary.json
No solver loss,no_solver_loss,dense_newton,1.0,1,False,1e-06,hgo_qp_true_j2,nonproportional,fem_newton_residual_decrease_fraction,Newton residual decrease,0.999974,1.70816e-05,0.999973,1.66297e-05,5,<project-root>\10_results\reports\solver_in_loop_formal_main\multi_hole_14x11\arms\no_solver_loss\summary.json
No solver loss,no_solver_loss,dense_newton,1.0,1,False,1e-06,hgo_qp_true_j2,nonproportional,fem_newton_step_residual_decrease_fraction,Newton step residual decrease,0.999974,1.70816e-05,0.999973,1.66297e-05,5,<project-root>\10_results\reports\solver_in_loop_formal_main\multi_hole_14x11\arms\no_solver_loss\summary.json
No solver loss,no_solver_loss,dense_newton,1.0,1,False,1e-06,hgo_qp_true_j2,nonproportional,fem_newton_step1_residual_ratio,Newton step1 residual ratio,2.62247e-05,1.70597e-05,2.6965e-05,1.65675e-05,5,<project-root>\10_results\reports\solver_in_loop_formal_main\multi_hole_14x11\arms\no_solver_loss\summary.json
No solver loss,no_solver_loss,dense_newton,1.0,1,False,1e-06,hgo_qp_true_j2,nonproportional,fem_newton_step1_residual_decrease_fraction,Newton step1 residual decrease,0.999974,1.70816e-05,0.999973,1.66297e-05,5,<project-root>\10_results\reports\solver_in_loop_formal_main\multi_hole_14x11\arms\no_solver_loss\summary.json
No solver loss,no_solver_loss,dense_newton,1.0,1,False,1e-06,hgo_qp_true_j2,nonproportional,fem_newton_correction_relative_norm,Newton correction rel norm,1.03714,1.06168,0.621584,0.264968,5,<project-root>\10_results\reports\solver_in_loop_formal_main\multi_hole_14x11\arms\no_solver_loss\summary.json
No solver loss,no_solver_loss,dense_newton,1.0,1,False,1e-06,hgo_qp_true_j2,nonproportional,fem_newton_accepted_damping,Newton accepted damping,1,0,1,0,5,<project-root>\10_results\reports\solver_in_loop_formal_main\multi_hole_14x11\arms\no_solver_loss\summary.json
No solver loss,no_solver_loss,dense_newton,1.0,1,False,1e-06,hgo_qp_true_j2,nonproportional,fem_newton_convergence_rate,Newton convergence rate,1,0,1,0,5,<project-root>\10_results\reports\solver_in_loop_formal_main\multi_hole_14x11\arms\no_solver_loss\summary.json
No solver loss,no_solver_loss,dense_newton,1.0,1,False,1e-06,hgo_qp_true_j2,nonproportional,fem_newton_failure_rate,Newton failure rate,0,0,0,0,5,<project-root>\10_results\reports\solver_in_loop_formal_main\multi_hole_14x11\arms\no_solver_loss\summary.json
No solver loss,no_solver_loss,dense_newton,1.0,1,False,1e-06,hgo_qp_true_j2,unload_reload,displacement_relative_l2,rollout disp rel L2,63.082,42.7242,33.2242,83.8906,5,<project-root>\10_results\reports\solver_in_loop_formal_main\multi_hole_14x11\arms\no_solver_loss\summary.json
No solver loss,no_solver_loss,dense_newton,1.0,1,False,1e-06,hgo_qp_true_j2,unload_reload,final_displacement_relative_l2,final disp rel L2,79.6576,57.2711,43.3493,111.508,5,<project-root>\10_results\reports\solver_in_loop_formal_main\multi_hole_14x11\arms\no_solver_loss\summary.json
No solver loss,no_solver_loss,dense_newton,1.0,1,False,1e-06,hgo_qp_true_j2,unload_reload,qp_history_relative_l2,QP history rel L2,1.60751,0.374968,1.78005,0.482165,5,<project-root>\10_results\reports\solver_in_loop_formal_main\multi_hole_14x11\arms\no_solver_loss\summary.json
No solver loss,no_solver_loss,dense_newton,1.0,1,False,1e-06,hgo_qp_true_j2,unload_reload,qp_history_increment_relative_l2,QP history-inc rel L2,2.53074,0.862248,2.77917,0.991004,5,<project-root>\10_results\reports\solver_in_loop_formal_main\multi_hole_14x11\arms\no_solver_loss\summary.json
No solver loss,no_solver_loss,dense_newton,1.0,1,False,1e-06,hgo_qp_true_j2,unload_reload,qp_reversal_eqp_increment_relative_l2,QP reversal eqp-inc rel L2,2.63646,2.00901,1.74407,0.481278,5,<project-root>\10_results\reports\solver_in_loop_formal_main\multi_hole_14x11\arms\no_solver_loss\summary.json
No solver loss,no_solver_loss,dense_newton,1.0,1,False,1e-06,hgo_qp_true_j2,unload_reload,qp_reversal_plastic_work_increment_relative_l2,QP reversal work-inc rel L2,2.73623,2.18294,1.74067,0.45012,5,<project-root>\10_results\reports\solver_in_loop_formal_main\multi_hole_14x11\arms\no_solver_loss\summary.json
No solver loss,no_solver_loss,dense_newton,1.0,1,False,1e-06,hgo_qp_true_j2,unload_reload,qp_reversal_yield_flag_mae,QP reversal yield MAE,0.480986,0.312454,0.327465,0.373239,5,<project-root>\10_results\reports\solver_in_loop_formal_main\multi_hole_14x11\arms\no_solver_loss\summary.json
No solver loss,no_solver_loss,dense_newton,1.0,1,False,1e-06,hgo_qp_true_j2,unload_reload,fem_residual_relative_rms,FEM residual rel RMS,10.3704,6.11791,8.52948,8.83058,5,<project-root>\10_results\reports\solver_in_loop_formal_main\multi_hole_14x11\arms\no_solver_loss\summary.json
No solver loss,no_solver_loss,dense_newton,1.0,1,False,1e-06,hgo_qp_true_j2,unload_reload,fem_energy_relative_error,FEM energy rel err,30.6814,24.275,19.4992,38.7511,5,<project-root>\10_results\reports\solver_in_loop_formal_main\multi_hole_14x11\arms\no_solver_loss\summary.json
No solver loss,no_solver_loss,dense_newton,1.0,1,False,1e-06,hgo_qp_true_j2,unload_reload,fem_solver_linearized_residual_relative_rms,FEM tangent-solver rel RMS,59.3127,39.9344,30.6507,75.8558,5,<project-root>\10_results\reports\solver_in_loop_formal_main\multi_hole_14x11\arms\no_solver_loss\summary.json
No solver loss,no_solver_loss,dense_newton,1.0,1,False,1e-06,hgo_qp_true_j2,unload_reload,fem_newton_initial_residual_relative_rms,Newton initial residual rel RMS,9.89994,5.87228,8.31597,8.57868,5,<project-root>\10_results\reports\solver_in_loop_formal_main\multi_hole_14x11\arms\no_solver_loss\summary.json
No solver loss,no_solver_loss,dense_newton,1.0,1,False,1e-06,hgo_qp_true_j2,unload_reload,fem_newton_final_residual_relative_rms,Newton final residual rel RMS,0.000253386,0.000228095,0.000196293,9.42216e-05,5,<project-root>\10_results\reports\solver_in_loop_formal_main\multi_hole_14x11\arms\no_solver_loss\summary.json
No solver loss,no_solver_loss,dense_newton,1.0,1,False,1e-06,hgo_qp_true_j2,unload_reload,fem_newton_residual_ratio,Newton residual ratio,2.63113e-05,1.69616e-05,2.74919e-05,1.69459e-05,5,<project-root>\10_results\reports\solver_in_loop_formal_main\multi_hole_14x11\arms\no_solver_loss\summary.json
No solver loss,no_solver_loss,dense_newton,1.0,1,False,1e-06,hgo_qp_true_j2,unload_reload,fem_newton_residual_decrease_fraction,Newton residual decrease,0.999974,1.69427e-05,0.999973,1.69277e-05,5,<project-root>\10_results\reports\solver_in_loop_formal_main\multi_hole_14x11\arms\no_solver_loss\summary.json
No solver loss,no_solver_loss,dense_newton,1.0,1,False,1e-06,hgo_qp_true_j2,unload_reload,fem_newton_step_residual_decrease_fraction,Newton step residual decrease,0.999974,1.69427e-05,0.999973,1.69277e-05,5,<project-root>\10_results\reports\solver_in_loop_formal_main\multi_hole_14x11\arms\no_solver_loss\summary.json
No solver loss,no_solver_loss,dense_newton,1.0,1,False,1e-06,hgo_qp_true_j2,unload_reload,fem_newton_step1_residual_ratio,Newton step1 residual ratio,2.63113e-05,1.69616e-05,2.74919e-05,1.69459e-05,5,<project-root>\10_results\reports\solver_in_loop_formal_main\multi_hole_14x11\arms\no_solver_loss\summary.json
No solver loss,no_solver_loss,dense_newton,1.0,1,False,1e-06,hgo_qp_true_j2,unload_reload,fem_newton_step1_residual_decrease_fraction,Newton step1 residual decrease,0.999974,1.69427e-05,0.999973,1.69277e-05,5,<project-root>\10_results\reports\solver_in_loop_formal_main\multi_hole_14x11\arms\no_solver_loss\summary.json
No solver loss,no_solver_loss,dense_newton,1.0,1,False,1e-06,hgo_qp_true_j2,unload_reload,fem_newton_correction_relative_norm,Newton correction rel norm,1.34113,1.37738,0.806647,0.340555,5,<project-root>\10_results\reports\solver_in_loop_formal_main\multi_hole_14x11\arms\no_solver_loss\summary.json
No solver loss,no_solver_loss,dense_newton,1.0,1,False,1e-06,hgo_qp_true_j2,unload_reload,fem_newton_accepted_damping,Newton accepted damping,1,0,1,0,5,<project-root>\10_results\reports\solver_in_loop_formal_main\multi_hole_14x11\arms\no_solver_loss\summary.json
No solver loss,no_solver_loss,dense_newton,1.0,1,False,1e-06,hgo_qp_true_j2,unload_reload,fem_newton_convergence_rate,Newton convergence rate,1,0,1,0,5,<project-root>\10_results\reports\solver_in_loop_formal_main\multi_hole_14x11\arms\no_solver_loss\summary.json
No solver loss,no_solver_loss,dense_newton,1.0,1,False,1e-06,hgo_qp_true_j2,unload_reload,fem_newton_failure_rate,Newton failure rate,0,0,0,0,5,<project-root>\10_results\reports\solver_in_loop_formal_main\multi_hole_14x11\arms\no_solver_loss\summary.json
Tangent-linearized solver loss,tangent_linearized_solver_loss,linearized,1.0,1,False,1e-06,hgo_qp_true_j2,cyclic,displacement_relative_l2,rollout disp rel L2,56.1233,25.5955,48.0976,43.1994,5,<project-root>\10_results\reports\solver_in_loop_formal_main\multi_hole_14x11\arms\tangent_linearized_solver_loss\summary.json
Tangent-linearized solver loss,tangent_linearized_solver_loss,linearized,1.0,1,False,1e-06,hgo_qp_true_j2,cyclic,final_displacement_relative_l2,final disp rel L2,257.265,101.597,232.452,183.352,5,<project-root>\10_results\reports\solver_in_loop_formal_main\multi_hole_14x11\arms\tangent_linearized_solver_loss\summary.json
Tangent-linearized solver loss,tangent_linearized_solver_loss,linearized,1.0,1,False,1e-06,hgo_qp_true_j2,cyclic,qp_history_relative_l2,QP history rel L2,1.53729,0.299327,1.63817,0.216118,5,<project-root>\10_results\reports\solver_in_loop_formal_main\multi_hole_14x11\arms\tangent_linearized_solver_loss\summary.json
Tangent-linearized solver loss,tangent_linearized_solver_loss,linearized,1.0,1,False,1e-06,hgo_qp_true_j2,cyclic,qp_history_increment_relative_l2,QP history-inc rel L2,1.60816,0.335741,1.73021,0.303172,5,<project-root>\10_results\reports\solver_in_loop_formal_main\multi_hole_14x11\arms\tangent_linearized_solver_loss\summary.json
Tangent-linearized solver loss,tangent_linearized_solver_loss,linearized,1.0,1,False,1e-06,hgo_qp_true_j2,cyclic,qp_reversal_eqp_increment_relative_l2,QP reversal eqp-inc rel L2,1.2993,0.530078,1,0.263875,5,<project-root>\10_results\reports\solver_in_loop_formal_main\multi_hole_14x11\arms\tangent_linearized_solver_loss\summary.json
Tangent-linearized solver loss,tangent_linearized_solver_loss,linearized,1.0,1,False,1e-06,hgo_qp_true_j2,cyclic,qp_reversal_plastic_work_increment_relative_l2,QP reversal work-inc rel L2,1.30843,0.559008,1,0.237645,5,<project-root>\10_results\reports\solver_in_loop_formal_main\multi_hole_14x11\arms\tangent_linearized_solver_loss\summary.json
Tangent-linearized solver loss,tangent_linearized_solver_loss,linearized,1.0,1,False,1e-06,hgo_qp_true_j2,cyclic,qp_reversal_yield_flag_mae,QP reversal yield MAE,0.525157,0.215674,0.422956,0.262579,5,<project-root>\10_results\reports\solver_in_loop_formal_main\multi_hole_14x11\arms\tangent_linearized_solver_loss\summary.json
Tangent-linearized solver loss,tangent_linearized_solver_loss,linearized,1.0,1,False,1e-06,hgo_qp_true_j2,cyclic,fem_residual_relative_rms,FEM residual rel RMS,12.8537,8.56018,10.1326,8.33592,5,<project-root>\10_results\reports\solver_in_loop_formal_main\multi_hole_14x11\arms\tangent_linearized_solver_loss\summary.json
Tangent-linearized solver loss,tangent_linearized_solver_loss,linearized,1.0,1,False,1e-06,hgo_qp_true_j2,cyclic,fem_energy_relative_error,FEM energy rel err,157.812,180.03,84.9322,65.1158,5,<project-root>\10_results\reports\solver_in_loop_formal_main\multi_hole_14x11\arms\tangent_linearized_solver_loss\summary.json
Tangent-linearized solver loss,tangent_linearized_solver_loss,linearized,1.0,1,False,1e-06,hgo_qp_true_j2,cyclic,fem_solver_linearized_residual_relative_rms,FEM tangent-solver rel RMS,3.33039,1.62511,3.40337,2.64293,5,<project-root>\10_results\reports\solver_in_loop_formal_main\multi_hole_14x11\arms\tangent_linearized_solver_loss\summary.json
Tangent-linearized solver loss,tangent_linearized_solver_loss,linearized,1.0,1,False,1e-06,hgo_qp_true_j2,monotonic,displacement_relative_l2,rollout disp rel L2,60.3731,27.7356,51.6616,46.9278,5,<project-root>\10_results\reports\solver_in_loop_formal_main\multi_hole_14x11\arms\tangent_linearized_solver_loss\summary.json
Tangent-linearized solver loss,tangent_linearized_solver_loss,linearized,1.0,1,False,1e-06,hgo_qp_true_j2,monotonic,final_displacement_relative_l2,final disp rel L2,70.9849,28.4484,64.1497,51.6662,5,<project-root>\10_results\reports\solver_in_loop_formal_main\multi_hole_14x11\arms\tangent_linearized_solver_loss\summary.json
Tangent-linearized solver loss,tangent_linearized_solver_loss,linearized,1.0,1,False,1e-06,hgo_qp_true_j2,monotonic,qp_history_relative_l2,QP history rel L2,1.91283,0.5128,2.07611,0.43431,5,<project-root>\10_results\reports\solver_in_loop_formal_main\multi_hole_14x11\arms\tangent_linearized_solver_loss\summary.json
Tangent-linearized solver loss,tangent_linearized_solver_loss,linearized,1.0,1,False,1e-06,hgo_qp_true_j2,monotonic,qp_history_increment_relative_l2,QP history-inc rel L2,2.76429,0.958723,3.12253,0.862478,5,<project-root>\10_results\reports\solver_in_loop_formal_main\multi_hole_14x11\arms\tangent_linearized_solver_loss\summary.json
Tangent-linearized solver loss,tangent_linearized_solver_loss,linearized,1.0,1,False,1e-06,hgo_qp_true_j2,monotonic,qp_reversal_eqp_increment_relative_l2,QP reversal eqp-inc rel L2,0,0,0,0,5,<project-root>\10_results\reports\solver_in_loop_formal_main\multi_hole_14x11\arms\tangent_linearized_solver_loss\summary.json
Tangent-linearized solver loss,tangent_linearized_solver_loss,linearized,1.0,1,False,1e-06,hgo_qp_true_j2,monotonic,qp_reversal_plastic_work_increment_relative_l2,QP reversal work-inc rel L2,0,0,0,0,5,<project-root>\10_results\reports\solver_in_loop_formal_main\multi_hole_14x11\arms\tangent_linearized_solver_loss\summary.json
Tangent-linearized solver loss,tangent_linearized_solver_loss,linearized,1.0,1,False,1e-06,hgo_qp_true_j2,monotonic,qp_reversal_yield_flag_mae,QP reversal yield MAE,0,0,0,0,5,<project-root>\10_results\reports\solver_in_loop_formal_main\multi_hole_14x11\arms\tangent_linearized_solver_loss\summary.json
Tangent-linearized solver loss,tangent_linearized_solver_loss,linearized,1.0,1,False,1e-06,hgo_qp_true_j2,monotonic,fem_residual_relative_rms,FEM residual rel RMS,12.3846,8.27588,9.74387,8.02595,5,<project-root>\10_results\reports\solver_in_loop_formal_main\multi_hole_14x11\arms\tangent_linearized_solver_loss\summary.json
Tangent-linearized solver loss,tangent_linearized_solver_loss,linearized,1.0,1,False,1e-06,hgo_qp_true_j2,monotonic,fem_energy_relative_error,FEM energy rel err,27.5133,18.7249,16.894,37.5905,5,<project-root>\10_results\reports\solver_in_loop_formal_main\multi_hole_14x11\arms\tangent_linearized_solver_loss\summary.json
Tangent-linearized solver loss,tangent_linearized_solver_loss,linearized,1.0,1,False,1e-06,hgo_qp_true_j2,monotonic,fem_solver_linearized_residual_relative_rms,FEM tangent-solver rel RMS,3.20821,1.5421,3.22341,2.53371,5,<project-root>\10_results\reports\solver_in_loop_formal_main\multi_hole_14x11\arms\tangent_linearized_solver_loss\summary.json
Tangent-linearized solver loss,tangent_linearized_solver_loss,linearized,1.0,1,False,1e-06,hgo_qp_true_j2,nonproportional,displacement_relative_l2,rollout disp rel L2,45.1065,20.7696,38.4742,35.2346,5,<project-root>\10_results\reports\solver_in_loop_formal_main\multi_hole_14x11\arms\tangent_linearized_solver_loss\summary.json
Tangent-linearized solver loss,tangent_linearized_solver_loss,linearized,1.0,1,False,1e-06,hgo_qp_true_j2,nonproportional,final_displacement_relative_l2,final disp rel L2,57.2413,22.9872,51.6495,41.809,5,<project-root>\10_results\reports\solver_in_loop_formal_main\multi_hole_14x11\arms\tangent_linearized_solver_loss\summary.json
Tangent-linearized solver loss,tangent_linearized_solver_loss,linearized,1.0,1,False,1e-06,hgo_qp_true_j2,nonproportional,qp_history_relative_l2,QP history rel L2,1.315,0.179519,1.35451,0.138564,5,<project-root>\10_results\reports\solver_in_loop_formal_main\multi_hole_14x11\arms\tangent_linearized_solver_loss\summary.json
Tangent-linearized solver loss,tangent_linearized_solver_loss,linearized,1.0,1,False,1e-06,hgo_qp_true_j2,nonproportional,qp_history_increment_relative_l2,QP history-inc rel L2,2.84231,0.999126,3.2429,0.864635,5,<project-root>\10_results\reports\solver_in_loop_formal_main\multi_hole_14x11\arms\tangent_linearized_solver_loss\summary.json
Tangent-linearized solver loss,tangent_linearized_solver_loss,linearized,1.0,1,False,1e-06,hgo_qp_true_j2,nonproportional,qp_reversal_eqp_increment_relative_l2,QP reversal eqp-inc rel L2,0,0,0,0,5,<project-root>\10_results\reports\solver_in_loop_formal_main\multi_hole_14x11\arms\tangent_linearized_solver_loss\summary.json
Tangent-linearized solver loss,tangent_linearized_solver_loss,linearized,1.0,1,False,1e-06,hgo_qp_true_j2,nonproportional,qp_reversal_plastic_work_increment_relative_l2,QP reversal work-inc rel L2,0,0,0,0,5,<project-root>\10_results\reports\solver_in_loop_formal_main\multi_hole_14x11\arms\tangent_linearized_solver_loss\summary.json
Tangent-linearized solver loss,tangent_linearized_solver_loss,linearized,1.0,1,False,1e-06,hgo_qp_true_j2,nonproportional,qp_reversal_yield_flag_mae,QP reversal yield MAE,0,0,0,0,5,<project-root>\10_results\reports\solver_in_loop_formal_main\multi_hole_14x11\arms\tangent_linearized_solver_loss\summary.json
Tangent-linearized solver loss,tangent_linearized_solver_loss,linearized,1.0,1,False,1e-06,hgo_qp_true_j2,nonproportional,fem_residual_relative_rms,FEM residual rel RMS,9.91284,6.59512,7.82389,6.46199,5,<project-root>\10_results\reports\solver_in_loop_formal_main\multi_hole_14x11\arms\tangent_linearized_solver_loss\summary.json
Tangent-linearized solver loss,tangent_linearized_solver_loss,linearized,1.0,1,False,1e-06,hgo_qp_true_j2,nonproportional,fem_energy_relative_error,FEM energy rel err,21.0237,13.8601,12.9823,27.6376,5,<project-root>\10_results\reports\solver_in_loop_formal_main\multi_hole_14x11\arms\tangent_linearized_solver_loss\summary.json
Tangent-linearized solver loss,tangent_linearized_solver_loss,linearized,1.0,1,False,1e-06,hgo_qp_true_j2,nonproportional,fem_solver_linearized_residual_relative_rms,FEM tangent-solver rel RMS,2.64129,1.24822,2.63483,2.00325,5,<project-root>\10_results\reports\solver_in_loop_formal_main\multi_hole_14x11\arms\tangent_linearized_solver_loss\summary.json
Tangent-linearized solver loss,tangent_linearized_solver_loss,linearized,1.0,1,False,1e-06,hgo_qp_true_j2,unload_reload,displacement_relative_l2,rollout disp rel L2,58.0207,26.6122,49.6569,45.085,5,<project-root>\10_results\reports\solver_in_loop_formal_main\multi_hole_14x11\arms\tangent_linearized_solver_loss\summary.json
Tangent-linearized solver loss,tangent_linearized_solver_loss,linearized,1.0,1,False,1e-06,hgo_qp_true_j2,unload_reload,final_displacement_relative_l2,final disp rel L2,71.2439,28.4511,64.4329,51.7437,5,<project-root>\10_results\reports\solver_in_loop_formal_main\multi_hole_14x11\arms\tangent_linearized_solver_loss\summary.json
Tangent-linearized solver loss,tangent_linearized_solver_loss,linearized,1.0,1,False,1e-06,hgo_qp_true_j2,unload_reload,qp_history_relative_l2,QP history rel L2,1.6319,0.359936,1.73556,0.308742,5,<project-root>\10_results\reports\solver_in_loop_formal_main\multi_hole_14x11\arms\tangent_linearized_solver_loss\summary.json
Tangent-linearized solver loss,tangent_linearized_solver_loss,linearized,1.0,1,False,1e-06,hgo_qp_true_j2,unload_reload,qp_history_increment_relative_l2,QP history-inc rel L2,2.68093,0.911793,3.05677,0.811231,5,<project-root>\10_results\reports\solver_in_loop_formal_main\multi_hole_14x11\arms\tangent_linearized_solver_loss\summary.json
Tangent-linearized solver loss,tangent_linearized_solver_loss,linearized,1.0,1,False,1e-06,hgo_qp_true_j2,unload_reload,qp_reversal_eqp_increment_relative_l2,QP reversal eqp-inc rel L2,3.35772,2.94654,1.68705,1.90456,5,<project-root>\10_results\reports\solver_in_loop_formal_main\multi_hole_14x11\arms\tangent_linearized_solver_loss\summary.json
Tangent-linearized solver loss,tangent_linearized_solver_loss,linearized,1.0,1,False,1e-06,hgo_qp_true_j2,unload_reload,qp_reversal_plastic_work_increment_relative_l2,QP reversal work-inc rel L2,3.50654,3.21744,1.71972,1.91572,5,<project-root>\10_results\reports\solver_in_loop_formal_main\multi_hole_14x11\arms\tangent_linearized_solver_loss\summary.json
Tangent-linearized solver loss,tangent_linearized_solver_loss,linearized,1.0,1,False,1e-06,hgo_qp_true_j2,unload_reload,qp_reversal_yield_flag_mae,QP reversal yield MAE,0.456338,0.316898,0.394366,0.366197,5,<project-root>\10_results\reports\solver_in_loop_formal_main\multi_hole_14x11\arms\tangent_linearized_solver_loss\summary.json
Tangent-linearized solver loss,tangent_linearized_solver_loss,linearized,1.0,1,False,1e-06,hgo_qp_true_j2,unload_reload,fem_residual_relative_rms,FEM residual rel RMS,11.5274,7.68356,9.03168,7.59293,5,<project-root>\10_results\reports\solver_in_loop_formal_main\multi_hole_14x11\arms\tangent_linearized_solver_loss\summary.json
Tangent-linearized solver loss,tangent_linearized_solver_loss,linearized,1.0,1,False,1e-06,hgo_qp_true_j2,unload_reload,fem_energy_relative_error,FEM energy rel err,25.8689,17.6352,16.2839,36.2079,5,<project-root>\10_results\reports\solver_in_loop_formal_main\multi_hole_14x11\arms\tangent_linearized_solver_loss\summary.json
Tangent-linearized solver loss,tangent_linearized_solver_loss,linearized,1.0,1,False,1e-06,hgo_qp_true_j2,unload_reload,fem_solver_linearized_residual_relative_rms,FEM tangent-solver rel RMS,2.94081,1.55132,2.99822,2.41431,5,<project-root>\10_results\reports\solver_in_loop_formal_main\multi_hole_14x11\arms\tangent_linearized_solver_loss\summary.json
One-step dense Newton,one_step_dense_newton,dense_newton,1.0,1,False,1e-06,hgo_qp_true_j2,cyclic,displacement_relative_l2,rollout disp rel L2,91.0445,43.5511,116.038,39.6186,5,<project-root>\10_results\reports\solver_in_loop_formal_main\multi_hole_14x11\arms\one_step_dense_newton\summary.json
One-step dense Newton,one_step_dense_newton,dense_newton,1.0,1,False,1e-06,hgo_qp_true_j2,cyclic,final_displacement_relative_l2,final disp rel L2,450.407,216.621,596.857,209.215,5,<project-root>\10_results\reports\solver_in_loop_formal_main\multi_hole_14x11\arms\one_step_dense_newton\summary.json
One-step dense Newton,one_step_dense_newton,dense_newton,1.0,1,False,1e-06,hgo_qp_true_j2,cyclic,qp_history_relative_l2,QP history rel L2,1.44178,0.292392,1.5125,0.484394,5,<project-root>\10_results\reports\solver_in_loop_formal_main\multi_hole_14x11\arms\one_step_dense_newton\summary.json
One-step dense Newton,one_step_dense_newton,dense_newton,1.0,1,False,1e-06,hgo_qp_true_j2,cyclic,qp_history_increment_relative_l2,QP history-inc rel L2,1.57535,0.362447,1.71471,0.474266,5,<project-root>\10_results\reports\solver_in_loop_formal_main\multi_hole_14x11\arms\one_step_dense_newton\summary.json
One-step dense Newton,one_step_dense_newton,dense_newton,1.0,1,False,1e-06,hgo_qp_true_j2,cyclic,qp_reversal_eqp_increment_relative_l2,QP reversal eqp-inc rel L2,1.05962,0.11622,1,0.0774121,5,<project-root>\10_results\reports\solver_in_loop_formal_main\multi_hole_14x11\arms\one_step_dense_newton\summary.json
One-step dense Newton,one_step_dense_newton,dense_newton,1.0,1,False,1e-06,hgo_qp_true_j2,cyclic,qp_reversal_plastic_work_increment_relative_l2,QP reversal work-inc rel L2,1.05915,0.120138,1,0.0651276,5,<project-root>\10_results\reports\solver_in_loop_formal_main\multi_hole_14x11\arms\one_step_dense_newton\summary.json
One-step dense Newton,one_step_dense_newton,dense_newton,1.0,1,False,1e-06,hgo_qp_true_j2,cyclic,qp_reversal_yield_flag_mae,QP reversal yield MAE,0.544654,0.257755,0.437107,0.471698,5,<project-root>\10_results\reports\solver_in_loop_formal_main\multi_hole_14x11\arms\one_step_dense_newton\summary.json
One-step dense Newton,one_step_dense_newton,dense_newton,1.0,1,False,1e-06,hgo_qp_true_j2,cyclic,fem_residual_relative_rms,FEM residual rel RMS,10.078,6.41694,8.8954,9.69655,5,<project-root>\10_results\reports\solver_in_loop_formal_main\multi_hole_14x11\arms\one_step_dense_newton\summary.json
One-step dense Newton,one_step_dense_newton,dense_newton,1.0,1,False,1e-06,hgo_qp_true_j2,cyclic,fem_energy_relative_error,FEM energy rel err,71.576,55.3962,40.1559,95.087,5,<project-root>\10_results\reports\solver_in_loop_formal_main\multi_hole_14x11\arms\one_step_dense_newton\summary.json
One-step dense Newton,one_step_dense_newton,dense_newton,1.0,1,False,1e-06,hgo_qp_true_j2,cyclic,fem_solver_linearized_residual_relative_rms,FEM tangent-solver rel RMS,172.82,82.922,225.731,78.8547,5,<project-root>\10_results\reports\solver_in_loop_formal_main\multi_hole_14x11\arms\one_step_dense_newton\summary.json
One-step dense Newton,one_step_dense_newton,dense_newton,1.0,1,False,1e-06,hgo_qp_true_j2,cyclic,fem_newton_initial_residual_relative_rms,Newton initial residual rel RMS,9.82878,6.28778,8.77735,9.81969,5,<project-root>\10_results\reports\solver_in_loop_formal_main\multi_hole_14x11\arms\one_step_dense_newton\summary.json
One-step dense Newton,one_step_dense_newton,dense_newton,1.0,1,False,1e-06,hgo_qp_true_j2,cyclic,fem_newton_final_residual_relative_rms,Newton final residual rel RMS,0.000258444,0.000240004,0.000195732,9.32502e-05,5,<project-root>\10_results\reports\solver_in_loop_formal_main\multi_hole_14x11\arms\one_step_dense_newton\summary.json
One-step dense Newton,one_step_dense_newton,dense_newton,1.0,1,False,1e-06,hgo_qp_true_j2,cyclic,fem_newton_residual_ratio,Newton residual ratio,2.96191e-05,1.31985e-05,3.13765e-05,8.27074e-06,5,<project-root>\10_results\reports\solver_in_loop_formal_main\multi_hole_14x11\arms\one_step_dense_newton\summary.json
One-step dense Newton,one_step_dense_newton,dense_newton,1.0,1,False,1e-06,hgo_qp_true_j2,cyclic,fem_newton_residual_decrease_fraction,Newton residual decrease,0.99997,1.31856e-05,0.999969,8.22544e-06,5,<project-root>\10_results\reports\solver_in_loop_formal_main\multi_hole_14x11\arms\one_step_dense_newton\summary.json
One-step dense Newton,one_step_dense_newton,dense_newton,1.0,1,False,1e-06,hgo_qp_true_j2,cyclic,fem_newton_step_residual_decrease_fraction,Newton step residual decrease,0.99997,1.31856e-05,0.999969,8.22544e-06,5,<project-root>\10_results\reports\solver_in_loop_formal_main\multi_hole_14x11\arms\one_step_dense_newton\summary.json
One-step dense Newton,one_step_dense_newton,dense_newton,1.0,1,False,1e-06,hgo_qp_true_j2,cyclic,fem_newton_step1_residual_ratio,Newton step1 residual ratio,2.96191e-05,1.31985e-05,3.13765e-05,8.27074e-06,5,<project-root>\10_results\reports\solver_in_loop_formal_main\multi_hole_14x11\arms\one_step_dense_newton\summary.json
One-step dense Newton,one_step_dense_newton,dense_newton,1.0,1,False,1e-06,hgo_qp_true_j2,cyclic,fem_newton_step1_residual_decrease_fraction,Newton step1 residual decrease,0.99997,1.31856e-05,0.999969,8.22544e-06,5,<project-root>\10_results\reports\solver_in_loop_formal_main\multi_hole_14x11\arms\one_step_dense_newton\summary.json
One-step dense Newton,one_step_dense_newton,dense_newton,1.0,1,False,1e-06,hgo_qp_true_j2,cyclic,fem_newton_correction_relative_norm,Newton correction rel norm,1.29736,1.22323,1.00401,0.379547,5,<project-root>\10_results\reports\solver_in_loop_formal_main\multi_hole_14x11\arms\one_step_dense_newton\summary.json
One-step dense Newton,one_step_dense_newton,dense_newton,1.0,1,False,1e-06,hgo_qp_true_j2,cyclic,fem_newton_accepted_damping,Newton accepted damping,1,0,1,0,5,<project-root>\10_results\reports\solver_in_loop_formal_main\multi_hole_14x11\arms\one_step_dense_newton\summary.json
One-step dense Newton,one_step_dense_newton,dense_newton,1.0,1,False,1e-06,hgo_qp_true_j2,cyclic,fem_newton_convergence_rate,Newton convergence rate,1,0,1,0,5,<project-root>\10_results\reports\solver_in_loop_formal_main\multi_hole_14x11\arms\one_step_dense_newton\summary.json
One-step dense Newton,one_step_dense_newton,dense_newton,1.0,1,False,1e-06,hgo_qp_true_j2,cyclic,fem_newton_failure_rate,Newton failure rate,0,0,0,0,5,<project-root>\10_results\reports\solver_in_loop_formal_main\multi_hole_14x11\arms\one_step_dense_newton\summary.json
One-step dense Newton,one_step_dense_newton,dense_newton,1.0,1,False,1e-06,hgo_qp_true_j2,monotonic,displacement_relative_l2,rollout disp rel L2,98.0556,47.0203,124.917,43.5645,5,<project-root>\10_results\reports\solver_in_loop_formal_main\multi_hole_14x11\arms\one_step_dense_newton\summary.json
One-step dense Newton,one_step_dense_newton,dense_newton,1.0,1,False,1e-06,hgo_qp_true_j2,monotonic,final_displacement_relative_l2,final disp rel L2,124.516,60.0989,165.164,58.7527,5,<project-root>\10_results\reports\solver_in_loop_formal_main\multi_hole_14x11\arms\one_step_dense_newton\summary.json
One-step dense Newton,one_step_dense_newton,dense_newton,1.0,1,False,1e-06,hgo_qp_true_j2,monotonic,qp_history_relative_l2,QP history rel L2,1.779,0.52838,1.95768,0.915198,5,<project-root>\10_results\reports\solver_in_loop_formal_main\multi_hole_14x11\arms\one_step_dense_newton\summary.json
One-step dense Newton,one_step_dense_newton,dense_newton,1.0,1,False,1e-06,hgo_qp_true_j2,monotonic,qp_history_increment_relative_l2,QP history-inc rel L2,2.71804,1.06009,3.21378,1.35987,5,<project-root>\10_results\reports\solver_in_loop_formal_main\multi_hole_14x11\arms\one_step_dense_newton\summary.json
One-step dense Newton,one_step_dense_newton,dense_newton,1.0,1,False,1e-06,hgo_qp_true_j2,monotonic,qp_reversal_eqp_increment_relative_l2,QP reversal eqp-inc rel L2,0,0,0,0,5,<project-root>\10_results\reports\solver_in_loop_formal_main\multi_hole_14x11\arms\one_step_dense_newton\summary.json
One-step dense Newton,one_step_dense_newton,dense_newton,1.0,1,False,1e-06,hgo_qp_true_j2,monotonic,qp_reversal_plastic_work_increment_relative_l2,QP reversal work-inc rel L2,0,0,0,0,5,<project-root>\10_results\reports\solver_in_loop_formal_main\multi_hole_14x11\arms\one_step_dense_newton\summary.json
One-step dense Newton,one_step_dense_newton,dense_newton,1.0,1,False,1e-06,hgo_qp_true_j2,monotonic,qp_reversal_yield_flag_mae,QP reversal yield MAE,0,0,0,0,5,<project-root>\10_results\reports\solver_in_loop_formal_main\multi_hole_14x11\arms\one_step_dense_newton\summary.json
One-step dense Newton,one_step_dense_newton,dense_newton,1.0,1,False,1e-06,hgo_qp_true_j2,monotonic,fem_residual_relative_rms,FEM residual rel RMS,9.50713,6.05958,8.313,8.63706,5,<project-root>\10_results\reports\solver_in_loop_formal_main\multi_hole_14x11\arms\one_step_dense_newton\summary.json
One-step dense Newton,one_step_dense_newton,dense_newton,1.0,1,False,1e-06,hgo_qp_true_j2,monotonic,fem_energy_relative_error,FEM energy rel err,34.2863,25.7254,35.3643,30.119,5,<project-root>\10_results\reports\solver_in_loop_formal_main\multi_hole_14x11\arms\one_step_dense_newton\summary.json
One-step dense Newton,one_step_dense_newton,dense_newton,1.0,1,False,1e-06,hgo_qp_true_j2,monotonic,fem_solver_linearized_residual_relative_rms,FEM tangent-solver rel RMS,89.602,42.7832,111.37,37.4754,5,<project-root>\10_results\reports\solver_in_loop_formal_main\multi_hole_14x11\arms\one_step_dense_newton\summary.json
One-step dense Newton,one_step_dense_newton,dense_newton,1.0,1,False,1e-06,hgo_qp_true_j2,monotonic,fem_newton_initial_residual_relative_rms,Newton initial residual rel RMS,9.2748,5.9378,8.21274,8.7968,5,<project-root>\10_results\reports\solver_in_loop_formal_main\multi_hole_14x11\arms\one_step_dense_newton\summary.json
One-step dense Newton,one_step_dense_newton,dense_newton,1.0,1,False,1e-06,hgo_qp_true_j2,monotonic,fem_newton_final_residual_relative_rms,Newton final residual rel RMS,0.000247588,0.000231925,0.000188092,8.24915e-05,5,<project-root>\10_results\reports\solver_in_loop_formal_main\multi_hole_14x11\arms\one_step_dense_newton\summary.json
One-step dense Newton,one_step_dense_newton,dense_newton,1.0,1,False,1e-06,hgo_qp_true_j2,monotonic,fem_newton_residual_ratio,Newton residual ratio,2.99807e-05,1.37407e-05,3.14429e-05,8.52667e-06,5,<project-root>\10_results\reports\solver_in_loop_formal_main\multi_hole_14x11\arms\one_step_dense_newton\summary.json
One-step dense Newton,one_step_dense_newton,dense_newton,1.0,1,False,1e-06,hgo_qp_true_j2,monotonic,fem_newton_residual_decrease_fraction,Newton residual decrease,0.99997,1.37294e-05,0.999969,8.58307e-06,5,<project-root>\10_results\reports\solver_in_loop_formal_main\multi_hole_14x11\arms\one_step_dense_newton\summary.json
One-step dense Newton,one_step_dense_newton,dense_newton,1.0,1,False,1e-06,hgo_qp_true_j2,monotonic,fem_newton_step_residual_decrease_fraction,Newton step residual decrease,0.99997,1.37294e-05,0.999969,8.58307e-06,5,<project-root>\10_results\reports\solver_in_loop_formal_main\multi_hole_14x11\arms\one_step_dense_newton\summary.json
One-step dense Newton,one_step_dense_newton,dense_newton,1.0,1,False,1e-06,hgo_qp_true_j2,monotonic,fem_newton_step1_residual_ratio,Newton step1 residual ratio,2.99807e-05,1.37407e-05,3.14429e-05,8.52667e-06,5,<project-root>\10_results\reports\solver_in_loop_formal_main\multi_hole_14x11\arms\one_step_dense_newton\summary.json
One-step dense Newton,one_step_dense_newton,dense_newton,1.0,1,False,1e-06,hgo_qp_true_j2,monotonic,fem_newton_step1_residual_decrease_fraction,Newton step1 residual decrease,0.99997,1.37294e-05,0.999969,8.58307e-06,5,<project-root>\10_results\reports\solver_in_loop_formal_main\multi_hole_14x11\arms\one_step_dense_newton\summary.json
One-step dense Newton,one_step_dense_newton,dense_newton,1.0,1,False,1e-06,hgo_qp_true_j2,monotonic,fem_newton_correction_relative_norm,Newton correction rel norm,1.22135,1.29143,0.709283,0.290876,5,<project-root>\10_results\reports\solver_in_loop_formal_main\multi_hole_14x11\arms\one_step_dense_newton\summary.json
One-step dense Newton,one_step_dense_newton,dense_newton,1.0,1,False,1e-06,hgo_qp_true_j2,monotonic,fem_newton_accepted_damping,Newton accepted damping,1,0,1,0,5,<project-root>\10_results\reports\solver_in_loop_formal_main\multi_hole_14x11\arms\one_step_dense_newton\summary.json
One-step dense Newton,one_step_dense_newton,dense_newton,1.0,1,False,1e-06,hgo_qp_true_j2,monotonic,fem_newton_convergence_rate,Newton convergence rate,1,0,1,0,5,<project-root>\10_results\reports\solver_in_loop_formal_main\multi_hole_14x11\arms\one_step_dense_newton\summary.json
One-step dense Newton,one_step_dense_newton,dense_newton,1.0,1,False,1e-06,hgo_qp_true_j2,monotonic,fem_newton_failure_rate,Newton failure rate,0,0,0,0,5,<project-root>\10_results\reports\solver_in_loop_formal_main\multi_hole_14x11\arms\one_step_dense_newton\summary.json
One-step dense Newton,one_step_dense_newton,dense_newton,1.0,1,False,1e-06,hgo_qp_true_j2,nonproportional,displacement_relative_l2,rollout disp rel L2,73.4191,35.199,93.6367,32.3462,5,<project-root>\10_results\reports\solver_in_loop_formal_main\multi_hole_14x11\arms\one_step_dense_newton\summary.json
One-step dense Newton,one_step_dense_newton,dense_newton,1.0,1,False,1e-06,hgo_qp_true_j2,nonproportional,final_displacement_relative_l2,final disp rel L2,100.539,48.516,133.454,47.1931,5,<project-root>\10_results\reports\solver_in_loop_formal_main\multi_hole_14x11\arms\one_step_dense_newton\summary.json
One-step dense Newton,one_step_dense_newton,dense_newton,1.0,1,False,1e-06,hgo_qp_true_j2,nonproportional,qp_history_relative_l2,QP history rel L2,1.26931,0.182724,1.32062,0.309475,5,<project-root>\10_results\reports\solver_in_loop_formal_main\multi_hole_14x11\arms\one_step_dense_newton\summary.json
One-step dense Newton,one_step_dense_newton,dense_newton,1.0,1,False,1e-06,hgo_qp_true_j2,nonproportional,qp_history_increment_relative_l2,QP history-inc rel L2,2.77824,1.10641,3.26641,1.46618,5,<project-root>\10_results\reports\solver_in_loop_formal_main\multi_hole_14x11\arms\one_step_dense_newton\summary.json
One-step dense Newton,one_step_dense_newton,dense_newton,1.0,1,False,1e-06,hgo_qp_true_j2,nonproportional,qp_reversal_eqp_increment_relative_l2,QP reversal eqp-inc rel L2,0,0,0,0,5,<project-root>\10_results\reports\solver_in_loop_formal_main\multi_hole_14x11\arms\one_step_dense_newton\summary.json
One-step dense Newton,one_step_dense_newton,dense_newton,1.0,1,False,1e-06,hgo_qp_true_j2,nonproportional,qp_reversal_plastic_work_increment_relative_l2,QP reversal work-inc rel L2,0,0,0,0,5,<project-root>\10_results\reports\solver_in_loop_formal_main\multi_hole_14x11\arms\one_step_dense_newton\summary.json
One-step dense Newton,one_step_dense_newton,dense_newton,1.0,1,False,1e-06,hgo_qp_true_j2,nonproportional,qp_reversal_yield_flag_mae,QP reversal yield MAE,0,0,0,0,5,<project-root>\10_results\reports\solver_in_loop_formal_main\multi_hole_14x11\arms\one_step_dense_newton\summary.json
One-step dense Newton,one_step_dense_newton,dense_newton,1.0,1,False,1e-06,hgo_qp_true_j2,nonproportional,fem_residual_relative_rms,FEM residual rel RMS,7.75583,4.94891,6.78664,7.40226,5,<project-root>\10_results\reports\solver_in_loop_formal_main\multi_hole_14x11\arms\one_step_dense_newton\summary.json
One-step dense Newton,one_step_dense_newton,dense_newton,1.0,1,False,1e-06,hgo_qp_true_j2,nonproportional,fem_energy_relative_error,FEM energy rel err,28.2637,20.154,25.7792,22.7703,5,<project-root>\10_results\reports\solver_in_loop_formal_main\multi_hole_14x11\arms\one_step_dense_newton\summary.json
One-step dense Newton,one_step_dense_newton,dense_newton,1.0,1,False,1e-06,hgo_qp_true_j2,nonproportional,fem_solver_linearized_residual_relative_rms,FEM tangent-solver rel RMS,67.3377,32.146,84.0789,27.949,5,<project-root>\10_results\reports\solver_in_loop_formal_main\multi_hole_14x11\arms\one_step_dense_newton\summary.json
One-step dense Newton,one_step_dense_newton,dense_newton,1.0,1,False,1e-06,hgo_qp_true_j2,nonproportional,fem_newton_initial_residual_relative_rms,Newton initial residual rel RMS,7.56555,4.85144,6.70203,7.51585,5,<project-root>\10_results\reports\solver_in_loop_formal_main\multi_hole_14x11\arms\one_step_dense_newton\summary.json
One-step dense Newton,one_step_dense_newton,dense_newton,1.0,1,False,1e-06,hgo_qp_true_j2,nonproportional,fem_newton_final_residual_relative_rms,Newton final residual rel RMS,0.00019888,0.000184882,0.000151742,6.63955e-05,5,<project-root>\10_results\reports\solver_in_loop_formal_main\multi_hole_14x11\arms\one_step_dense_newton\summary.json
One-step dense Newton,one_step_dense_newton,dense_newton,1.0,1,False,1e-06,hgo_qp_true_j2,nonproportional,fem_newton_residual_ratio,Newton residual ratio,2.96378e-05,1.32198e-05,3.15159e-05,8.77803e-06,5,<project-root>\10_results\reports\solver_in_loop_formal_main\multi_hole_14x11\arms\one_step_dense_newton\summary.json
One-step dense Newton,one_step_dense_newton,dense_newton,1.0,1,False,1e-06,hgo_qp_true_j2,nonproportional,fem_newton_residual_decrease_fraction,Newton residual decrease,0.99997,1.32288e-05,0.999969,8.82149e-06,5,<project-root>\10_results\reports\solver_in_loop_formal_main\multi_hole_14x11\arms\one_step_dense_newton\summary.json
One-step dense Newton,one_step_dense_newton,dense_newton,1.0,1,False,1e-06,hgo_qp_true_j2,nonproportional,fem_newton_step_residual_decrease_fraction,Newton step residual decrease,0.99997,1.32288e-05,0.999969,8.82149e-06,5,<project-root>\10_results\reports\solver_in_loop_formal_main\multi_hole_14x11\arms\one_step_dense_newton\summary.json
One-step dense Newton,one_step_dense_newton,dense_newton,1.0,1,False,1e-06,hgo_qp_true_j2,nonproportional,fem_newton_step1_residual_ratio,Newton step1 residual ratio,2.96378e-05,1.32198e-05,3.15159e-05,8.77803e-06,5,<project-root>\10_results\reports\solver_in_loop_formal_main\multi_hole_14x11\arms\one_step_dense_newton\summary.json
One-step dense Newton,one_step_dense_newton,dense_newton,1.0,1,False,1e-06,hgo_qp_true_j2,nonproportional,fem_newton_step1_residual_decrease_fraction,Newton step1 residual decrease,0.99997,1.32288e-05,0.999969,8.82149e-06,5,<project-root>\10_results\reports\solver_in_loop_formal_main\multi_hole_14x11\arms\one_step_dense_newton\summary.json
One-step dense Newton,one_step_dense_newton,dense_newton,1.0,1,False,1e-06,hgo_qp_true_j2,nonproportional,fem_newton_correction_relative_norm,Newton correction rel norm,0.909431,0.95709,0.533756,0.210173,5,<project-root>\10_results\reports\solver_in_loop_formal_main\multi_hole_14x11\arms\one_step_dense_newton\summary.json
One-step dense Newton,one_step_dense_newton,dense_newton,1.0,1,False,1e-06,hgo_qp_true_j2,nonproportional,fem_newton_accepted_damping,Newton accepted damping,1,0,1,0,5,<project-root>\10_results\reports\solver_in_loop_formal_main\multi_hole_14x11\arms\one_step_dense_newton\summary.json
One-step dense Newton,one_step_dense_newton,dense_newton,1.0,1,False,1e-06,hgo_qp_true_j2,nonproportional,fem_newton_convergence_rate,Newton convergence rate,1,0,1,0,5,<project-root>\10_results\reports\solver_in_loop_formal_main\multi_hole_14x11\arms\one_step_dense_newton\summary.json
One-step dense Newton,one_step_dense_newton,dense_newton,1.0,1,False,1e-06,hgo_qp_true_j2,nonproportional,fem_newton_failure_rate,Newton failure rate,0,0,0,0,5,<project-root>\10_results\reports\solver_in_loop_formal_main\multi_hole_14x11\arms\one_step_dense_newton\summary.json
One-step dense Newton,one_step_dense_newton,dense_newton,1.0,1,False,1e-06,hgo_qp_true_j2,unload_reload,displacement_relative_l2,rollout disp rel L2,94.2523,45.1822,120.179,41.5847,5,<project-root>\10_results\reports\solver_in_loop_formal_main\multi_hole_14x11\arms\one_step_dense_newton\summary.json
One-step dense Newton,one_step_dense_newton,dense_newton,1.0,1,False,1e-06,hgo_qp_true_j2,unload_reload,final_displacement_relative_l2,final disp rel L2,125.01,60.3019,165.996,58.49,5,<project-root>\10_results\reports\solver_in_loop_formal_main\multi_hole_14x11\arms\one_step_dense_newton\summary.json
One-step dense Newton,one_step_dense_newton,dense_newton,1.0,1,False,1e-06,hgo_qp_true_j2,unload_reload,qp_history_relative_l2,QP history rel L2,1.53972,0.36858,1.645,0.635072,5,<project-root>\10_results\reports\solver_in_loop_formal_main\multi_hole_14x11\arms\one_step_dense_newton\summary.json
One-step dense Newton,one_step_dense_newton,dense_newton,1.0,1,False,1e-06,hgo_qp_true_j2,unload_reload,qp_history_increment_relative_l2,QP history-inc rel L2,2.62824,1.00592,3.08853,1.30049,5,<project-root>\10_results\reports\solver_in_loop_formal_main\multi_hole_14x11\arms\one_step_dense_newton\summary.json
One-step dense Newton,one_step_dense_newton,dense_newton,1.0,1,False,1e-06,hgo_qp_true_j2,unload_reload,qp_reversal_eqp_increment_relative_l2,QP reversal eqp-inc rel L2,1.71365,0.914929,1.44949,0.570458,5,<project-root>\10_results\reports\solver_in_loop_formal_main\multi_hole_14x11\arms\one_step_dense_newton\summary.json
One-step dense Newton,one_step_dense_newton,dense_newton,1.0,1,False,1e-06,hgo_qp_true_j2,unload_reload,qp_reversal_plastic_work_increment_relative_l2,QP reversal work-inc rel L2,1.75452,0.980378,1.44645,0.620305,5,<project-root>\10_results\reports\solver_in_loop_formal_main\multi_hole_14x11\arms\one_step_dense_newton\summary.json
One-step dense Newton,one_step_dense_newton,dense_newton,1.0,1,False,1e-06,hgo_qp_true_j2,unload_reload,qp_reversal_yield_flag_mae,QP reversal yield MAE,0.572535,0.297643,0.387324,0.552817,5,<project-root>\10_results\reports\solver_in_loop_formal_main\multi_hole_14x11\arms\one_step_dense_newton\summary.json
One-step dense Newton,one_step_dense_newton,dense_newton,1.0,1,False,1e-06,hgo_qp_true_j2,unload_reload,fem_residual_relative_rms,FEM residual rel RMS,9.02216,5.78094,7.81124,8.72542,5,<project-root>\10_results\reports\solver_in_loop_formal_main\multi_hole_14x11\arms\one_step_dense_newton\summary.json
One-step dense Newton,one_step_dense_newton,dense_newton,1.0,1,False,1e-06,hgo_qp_true_j2,unload_reload,fem_energy_relative_error,FEM energy rel err,33.0518,25.0683,33.137,29.3363,5,<project-root>\10_results\reports\solver_in_loop_formal_main\multi_hole_14x11\arms\one_step_dense_newton\summary.json
One-step dense Newton,one_step_dense_newton,dense_newton,1.0,1,False,1e-06,hgo_qp_true_j2,unload_reload,fem_solver_linearized_residual_relative_rms,FEM tangent-solver rel RMS,86.4706,41.2757,107.962,35.9557,5,<project-root>\10_results\reports\solver_in_loop_formal_main\multi_hole_14x11\arms\one_step_dense_newton\summary.json
One-step dense Newton,one_step_dense_newton,dense_newton,1.0,1,False,1e-06,hgo_qp_true_j2,unload_reload,fem_newton_initial_residual_relative_rms,Newton initial residual rel RMS,8.79962,5.66427,7.7167,8.83824,5,<project-root>\10_results\reports\solver_in_loop_formal_main\multi_hole_14x11\arms\one_step_dense_newton\summary.json
One-step dense Newton,one_step_dense_newton,dense_newton,1.0,1,False,1e-06,hgo_qp_true_j2,unload_reload,fem_newton_final_residual_relative_rms,Newton final residual rel RMS,0.00023162,0.000215025,0.000176365,7.85358e-05,5,<project-root>\10_results\reports\solver_in_loop_formal_main\multi_hole_14x11\arms\one_step_dense_newton\summary.json
One-step dense Newton,one_step_dense_newton,dense_newton,1.0,1,False,1e-06,hgo_qp_true_j2,unload_reload,fem_newton_residual_ratio,Newton residual ratio,2.96937e-05,1.31472e-05,3.14491e-05,8.35373e-06,5,<project-root>\10_results\reports\solver_in_loop_formal_main\multi_hole_14x11\arms\one_step_dense_newton\summary.json
One-step dense Newton,one_step_dense_newton,dense_newton,1.0,1,False,1e-06,hgo_qp_true_j2,unload_reload,fem_newton_residual_decrease_fraction,Newton residual decrease,0.99997,1.31183e-05,0.999969,8.34465e-06,5,<project-root>\10_results\reports\solver_in_loop_formal_main\multi_hole_14x11\arms\one_step_dense_newton\summary.json
One-step dense Newton,one_step_dense_newton,dense_newton,1.0,1,False,1e-06,hgo_qp_true_j2,unload_reload,fem_newton_step_residual_decrease_fraction,Newton step residual decrease,0.99997,1.31183e-05,0.999969,8.34465e-06,5,<project-root>\10_results\reports\solver_in_loop_formal_main\multi_hole_14x11\arms\one_step_dense_newton\summary.json
One-step dense Newton,one_step_dense_newton,dense_newton,1.0,1,False,1e-06,hgo_qp_true_j2,unload_reload,fem_newton_step1_residual_ratio,Newton step1 residual ratio,2.96937e-05,1.31472e-05,3.14491e-05,8.35373e-06,5,<project-root>\10_results\reports\solver_in_loop_formal_main\multi_hole_14x11\arms\one_step_dense_newton\summary.json
One-step dense Newton,one_step_dense_newton,dense_newton,1.0,1,False,1e-06,hgo_qp_true_j2,unload_reload,fem_newton_step1_residual_decrease_fraction,Newton step1 residual decrease,0.99997,1.31183e-05,0.999969,8.34465e-06,5,<project-root>\10_results\reports\solver_in_loop_formal_main\multi_hole_14x11\arms\one_step_dense_newton\summary.json
One-step dense Newton,one_step_dense_newton,dense_newton,1.0,1,False,1e-06,hgo_qp_true_j2,unload_reload,fem_newton_correction_relative_norm,Newton correction rel norm,1.17877,1.25055,0.688173,0.256832,5,<project-root>\10_results\reports\solver_in_loop_formal_main\multi_hole_14x11\arms\one_step_dense_newton\summary.json
One-step dense Newton,one_step_dense_newton,dense_newton,1.0,1,False,1e-06,hgo_qp_true_j2,unload_reload,fem_newton_accepted_damping,Newton accepted damping,1,0,1,0,5,<project-root>\10_results\reports\solver_in_loop_formal_main\multi_hole_14x11\arms\one_step_dense_newton\summary.json
One-step dense Newton,one_step_dense_newton,dense_newton,1.0,1,False,1e-06,hgo_qp_true_j2,unload_reload,fem_newton_convergence_rate,Newton convergence rate,1,0,1,0,5,<project-root>\10_results\reports\solver_in_loop_formal_main\multi_hole_14x11\arms\one_step_dense_newton\summary.json
One-step dense Newton,one_step_dense_newton,dense_newton,1.0,1,False,1e-06,hgo_qp_true_j2,unload_reload,fem_newton_failure_rate,Newton failure rate,0,0,0,0,5,<project-root>\10_results\reports\solver_in_loop_formal_main\multi_hole_14x11\arms\one_step_dense_newton\summary.json
Multi-step damped Newton,multi_step_damped_newton,dense_newton,0.5,3,False,1e-06,hgo_qp_true_j2,cyclic,displacement_relative_l2,rollout disp rel L2,66.7209,27.7261,69.3514,24.6034,5,<project-root>\10_results\reports\solver_in_loop_formal_main\multi_hole_14x11\arms\multi_step_damped_newton\summary.json
Multi-step damped Newton,multi_step_damped_newton,dense_newton,0.5,3,False,1e-06,hgo_qp_true_j2,cyclic,final_displacement_relative_l2,final disp rel L2,331.78,146.138,354.477,166.716,5,<project-root>\10_results\reports\solver_in_loop_formal_main\multi_hole_14x11\arms\multi_step_damped_newton\summary.json
Multi-step damped Newton,multi_step_damped_newton,dense_newton,0.5,3,False,1e-06,hgo_qp_true_j2,cyclic,qp_history_relative_l2,QP history rel L2,1.52939,0.284904,1.6309,0.212589,5,<project-root>\10_results\reports\solver_in_loop_formal_main\multi_hole_14x11\arms\multi_step_damped_newton\summary.json
Multi-step damped Newton,multi_step_damped_newton,dense_newton,0.5,3,False,1e-06,hgo_qp_true_j2,cyclic,qp_history_increment_relative_l2,QP history-inc rel L2,1.59832,0.329553,1.71525,0.155612,5,<project-root>\10_results\reports\solver_in_loop_formal_main\multi_hole_14x11\arms\multi_step_damped_newton\summary.json
Multi-step damped Newton,multi_step_damped_newton,dense_newton,0.5,3,False,1e-06,hgo_qp_true_j2,cyclic,qp_reversal_eqp_increment_relative_l2,QP reversal eqp-inc rel L2,1.09694,0.149926,1.04879,0.101213,5,<project-root>\10_results\reports\solver_in_loop_formal_main\multi_hole_14x11\arms\multi_step_damped_newton\summary.json
Multi-step damped Newton,multi_step_damped_newton,dense_newton,0.5,3,False,1e-06,hgo_qp_true_j2,cyclic,qp_reversal_plastic_work_increment_relative_l2,QP reversal work-inc rel L2,1.09661,0.152714,1.05647,0.0851098,5,<project-root>\10_results\reports\solver_in_loop_formal_main\multi_hole_14x11\arms\multi_step_damped_newton\summary.json
Multi-step damped Newton,multi_step_damped_newton,dense_newton,0.5,3,False,1e-06,hgo_qp_true_j2,cyclic,qp_reversal_yield_flag_mae,QP reversal yield MAE,0.466038,0.24323,0.43239,0.279874,5,<project-root>\10_results\reports\solver_in_loop_formal_main\multi_hole_14x11\arms\multi_step_damped_newton\summary.json
Multi-step damped Newton,multi_step_damped_newton,dense_newton,0.5,3,False,1e-06,hgo_qp_true_j2,cyclic,fem_residual_relative_rms,FEM residual rel RMS,12.234,7.7407,10.4435,6.23543,5,<project-root>\10_results\reports\solver_in_loop_formal_main\multi_hole_14x11\arms\multi_step_damped_newton\summary.json
Multi-step damped Newton,multi_step_damped_newton,dense_newton,0.5,3,False,1e-06,hgo_qp_true_j2,cyclic,fem_energy_relative_error,FEM energy rel err,91.9955,63.9005,68.7963,90.6263,5,<project-root>\10_results\reports\solver_in_loop_formal_main\multi_hole_14x11\arms\multi_step_damped_newton\summary.json
Multi-step damped Newton,multi_step_damped_newton,dense_newton,0.5,3,False,1e-06,hgo_qp_true_j2,cyclic,fem_solver_linearized_residual_relative_rms,FEM tangent-solver rel RMS,127.101,54.864,134.146,60.5221,5,<project-root>\10_results\reports\solver_in_loop_formal_main\multi_hole_14x11\arms\multi_step_damped_newton\summary.json
Multi-step damped Newton,multi_step_damped_newton,dense_newton,0.5,3,False,1e-06,hgo_qp_true_j2,cyclic,fem_newton_initial_residual_relative_rms,Newton initial residual rel RMS,11.8601,7.52953,9.72868,5.98916,5,<project-root>\10_results\reports\solver_in_loop_formal_main\multi_hole_14x11\arms\multi_step_damped_newton\summary.json
Multi-step damped Newton,multi_step_damped_newton,dense_newton,0.5,3,False,1e-06,hgo_qp_true_j2,cyclic,fem_newton_final_residual_relative_rms,Newton final residual rel RMS,1.48252,0.941194,1.21609,0.748648,5,<project-root>\10_results\reports\solver_in_loop_formal_main\multi_hole_14x11\arms\multi_step_damped_newton\summary.json
Multi-step damped Newton,multi_step_damped_newton,dense_newton,0.5,3,False,1e-06,hgo_qp_true_j2,cyclic,fem_newton_residual_ratio,Newton residual ratio,0.125,1.41992e-07,0.125,2.83122e-07,5,<project-root>\10_results\reports\solver_in_loop_formal_main\multi_hole_14x11\arms\multi_step_damped_newton\summary.json
Multi-step damped Newton,multi_step_damped_newton,dense_newton,0.5,3,False,1e-06,hgo_qp_true_j2,cyclic,fem_newton_residual_decrease_fraction,Newton residual decrease,0.875,1.47935e-07,0.875,2.98023e-07,5,<project-root>\10_results\reports\solver_in_loop_formal_main\multi_hole_14x11\arms\multi_step_damped_newton\summary.json
Multi-step damped Newton,multi_step_damped_newton,dense_newton,0.5,3,False,1e-06,hgo_qp_true_j2,cyclic,fem_newton_step_residual_decrease_fraction,Newton step residual decrease,0.499999,1.96243e-07,0.499999,3.8743e-07,5,<project-root>\10_results\reports\solver_in_loop_formal_main\multi_hole_14x11\arms\multi_step_damped_newton\summary.json
Multi-step damped Newton,multi_step_damped_newton,dense_newton,0.5,3,False,1e-06,hgo_qp_true_j2,cyclic,fem_newton_step1_residual_ratio,Newton step1 residual ratio,0.500001,1.83133e-07,0.500001,2.98023e-07,5,<project-root>\10_results\reports\solver_in_loop_formal_main\multi_hole_14x11\arms\multi_step_damped_newton\summary.json
Multi-step damped Newton,multi_step_damped_newton,dense_newton,0.5,3,False,1e-06,hgo_qp_true_j2,cyclic,fem_newton_step2_residual_ratio,Newton step2 residual ratio,0.250001,1.8216e-07,0.250001,3.57628e-07,5,<project-root>\10_results\reports\solver_in_loop_formal_main\multi_hole_14x11\arms\multi_step_damped_newton\summary.json
Multi-step damped Newton,multi_step_damped_newton,dense_newton,0.5,3,False,1e-06,hgo_qp_true_j2,cyclic,fem_newton_step3_residual_ratio,Newton step3 residual ratio,0.125,1.41992e-07,0.125,2.83122e-07,5,<project-root>\10_results\reports\solver_in_loop_formal_main\multi_hole_14x11\arms\multi_step_damped_newton\summary.json
Multi-step damped Newton,multi_step_damped_newton,dense_newton,0.5,3,False,1e-06,hgo_qp_true_j2,cyclic,fem_newton_step1_residual_decrease_fraction,Newton step1 residual decrease,0.499999,1.73161e-07,0.499999,2.98023e-07,5,<project-root>\10_results\reports\solver_in_loop_formal_main\multi_hole_14x11\arms\multi_step_damped_newton\summary.json
Multi-step damped Newton,multi_step_damped_newton,dense_newton,0.5,3,False,1e-06,hgo_qp_true_j2,cyclic,fem_newton_step2_residual_decrease_fraction,Newton step2 residual decrease,0.749999,1.90735e-07,0.749999,3.57628e-07,5,<project-root>\10_results\reports\solver_in_loop_formal_main\multi_hole_14x11\arms\multi_step_damped_newton\summary.json
Multi-step damped Newton,multi_step_damped_newton,dense_newton,0.5,3,False,1e-06,hgo_qp_true_j2,cyclic,fem_newton_step3_residual_decrease_fraction,Newton step3 residual decrease,0.875,1.47935e-07,0.875,2.98023e-07,5,<project-root>\10_results\reports\solver_in_loop_formal_main\multi_hole_14x11\arms\multi_step_damped_newton\summary.json
Multi-step damped Newton,multi_step_damped_newton,dense_newton,0.5,3,False,1e-06,hgo_qp_true_j2,cyclic,fem_newton_correction_relative_norm,Newton correction rel norm,1.54243,1.16246,1.24836,0.84339,5,<project-root>\10_results\reports\solver_in_loop_formal_main\multi_hole_14x11\arms\multi_step_damped_newton\summary.json
Multi-step damped Newton,multi_step_damped_newton,dense_newton,0.5,3,False,1e-06,hgo_qp_true_j2,cyclic,fem_newton_accepted_damping,Newton accepted damping,0.5,0,0.5,0,5,<project-root>\10_results\reports\solver_in_loop_formal_main\multi_hole_14x11\arms\multi_step_damped_newton\summary.json
Multi-step damped Newton,multi_step_damped_newton,dense_newton,0.5,3,False,1e-06,hgo_qp_true_j2,cyclic,fem_newton_convergence_rate,Newton convergence rate,0,0,0,0,5,<project-root>\10_results\reports\solver_in_loop_formal_main\multi_hole_14x11\arms\multi_step_damped_newton\summary.json
Multi-step damped Newton,multi_step_damped_newton,dense_newton,0.5,3,False,1e-06,hgo_qp_true_j2,cyclic,fem_newton_failure_rate,Newton failure rate,0,0,0,0,5,<project-root>\10_results\reports\solver_in_loop_formal_main\multi_hole_14x11\arms\multi_step_damped_newton\summary.json
Multi-step damped Newton,multi_step_damped_newton,dense_newton,0.5,3,False,1e-06,hgo_qp_true_j2,monotonic,displacement_relative_l2,rollout disp rel L2,71.8548,29.8622,74.3818,26.785,5,<project-root>\10_results\reports\solver_in_loop_formal_main\multi_hole_14x11\arms\multi_step_damped_newton\summary.json
Multi-step damped Newton,multi_step_damped_newton,dense_newton,0.5,3,False,1e-06,hgo_qp_true_j2,monotonic,final_displacement_relative_l2,final disp rel L2,91.7954,40.4379,97.3826,46.1802,5,<project-root>\10_results\reports\solver_in_loop_formal_main\multi_hole_14x11\arms\multi_step_damped_newton\summary.json
Multi-step damped Newton,multi_step_damped_newton,dense_newton,0.5,3,False,1e-06,hgo_qp_true_j2,monotonic,qp_history_relative_l2,QP history rel L2,1.91914,0.50206,2.05577,0.456252,5,<project-root>\10_results\reports\solver_in_loop_formal_main\multi_hole_14x11\arms\multi_step_damped_newton\summary.json
Multi-step damped Newton,multi_step_damped_newton,dense_newton,0.5,3,False,1e-06,hgo_qp_true_j2,monotonic,qp_history_increment_relative_l2,QP history-inc rel L2,2.80133,0.960277,3.21171,0.565912,5,<project-root>\10_results\reports\solver_in_loop_formal_main\multi_hole_14x11\arms\multi_step_damped_newton\summary.json
Multi-step damped Newton,multi_step_damped_newton,dense_newton,0.5,3,False,1e-06,hgo_qp_true_j2,monotonic,qp_reversal_eqp_increment_relative_l2,QP reversal eqp-inc rel L2,0,0,0,0,5,<project-root>\10_results\reports\solver_in_loop_formal_main\multi_hole_14x11\arms\multi_step_damped_newton\summary.json
Multi-step damped Newton,multi_step_damped_newton,dense_newton,0.5,3,False,1e-06,hgo_qp_true_j2,monotonic,qp_reversal_plastic_work_increment_relative_l2,QP reversal work-inc rel L2,0,0,0,0,5,<project-root>\10_results\reports\solver_in_loop_formal_main\multi_hole_14x11\arms\multi_step_damped_newton\summary.json
Multi-step damped Newton,multi_step_damped_newton,dense_newton,0.5,3,False,1e-06,hgo_qp_true_j2,monotonic,qp_reversal_yield_flag_mae,QP reversal yield MAE,0,0,0,0,5,<project-root>\10_results\reports\solver_in_loop_formal_main\multi_hole_14x11\arms\multi_step_damped_newton\summary.json
Multi-step damped Newton,multi_step_damped_newton,dense_newton,0.5,3,False,1e-06,hgo_qp_true_j2,monotonic,fem_residual_relative_rms,FEM residual rel RMS,11.7685,7.40656,10.1322,5.96976,5,<project-root>\10_results\reports\solver_in_loop_formal_main\multi_hole_14x11\arms\multi_step_damped_newton\summary.json
Multi-step damped Newton,multi_step_damped_newton,dense_newton,0.5,3,False,1e-06,hgo_qp_true_j2,monotonic,fem_energy_relative_error,FEM energy rel err,29.621,23.4482,21.5647,28.5929,5,<project-root>\10_results\reports\solver_in_loop_formal_main\multi_hole_14x11\arms\multi_step_damped_newton\summary.json
Multi-step damped Newton,multi_step_damped_newton,dense_newton,0.5,3,False,1e-06,hgo_qp_true_j2,monotonic,fem_solver_linearized_residual_relative_rms,FEM tangent-solver rel RMS,65.131,26.3006,66.8358,22.2198,5,<project-root>\10_results\reports\solver_in_loop_formal_main\multi_hole_14x11\arms\multi_step_damped_newton\summary.json
Multi-step damped Newton,multi_step_damped_newton,dense_newton,0.5,3,False,1e-06,hgo_qp_true_j2,monotonic,fem_newton_initial_residual_relative_rms,Newton initial residual rel RMS,11.3925,7.20413,9.41774,5.71566,5,<project-root>\10_results\reports\solver_in_loop_formal_main\multi_hole_14x11\arms\multi_step_damped_newton\summary.json
Multi-step damped Newton,multi_step_damped_newton,dense_newton,0.5,3,False,1e-06,hgo_qp_true_j2,monotonic,fem_newton_final_residual_relative_rms,Newton final residual rel RMS,1.42406,0.900518,1.17722,0.71446,5,<project-root>\10_results\reports\solver_in_loop_formal_main\multi_hole_14x11\arms\multi_step_damped_newton\summary.json
Multi-step damped Newton,multi_step_damped_newton,dense_newton,0.5,3,False,1e-06,hgo_qp_true_j2,monotonic,fem_newton_residual_ratio,Newton residual ratio,0.125,1.34408e-07,0.125,2.68221e-07,5,<project-root>\10_results\reports\solver_in_loop_formal_main\multi_hole_14x11\arms\multi_step_damped_newton\summary.json
Multi-step damped Newton,multi_step_damped_newton,dense_newton,0.5,3,False,1e-06,hgo_qp_true_j2,monotonic,fem_newton_residual_decrease_fraction,Newton residual decrease,0.875,1.3592e-07,0.875,2.38419e-07,5,<project-root>\10_results\reports\solver_in_loop_formal_main\multi_hole_14x11\arms\multi_step_damped_newton\summary.json
Multi-step damped Newton,multi_step_damped_newton,dense_newton,0.5,3,False,1e-06,hgo_qp_true_j2,monotonic,fem_newton_step_residual_decrease_fraction,Newton step residual decrease,0.499999,1.76212e-07,0.499999,3.27826e-07,5,<project-root>\10_results\reports\solver_in_loop_formal_main\multi_hole_14x11\arms\multi_step_damped_newton\summary.json
Multi-step damped Newton,multi_step_damped_newton,dense_newton,0.5,3,False,1e-06,hgo_qp_true_j2,monotonic,fem_newton_step1_residual_ratio,Newton step1 residual ratio,0.500001,1.6258e-07,0.500001,2.98023e-07,5,<project-root>\10_results\reports\solver_in_loop_formal_main\multi_hole_14x11\arms\multi_step_damped_newton\summary.json
Multi-step damped Newton,multi_step_damped_newton,dense_newton,0.5,3,False,1e-06,hgo_qp_true_j2,monotonic,fem_newton_step2_residual_ratio,Newton step2 residual ratio,0.250001,1.74388e-07,0.250001,3.57628e-07,5,<project-root>\10_results\reports\solver_in_loop_formal_main\multi_hole_14x11\arms\multi_step_damped_newton\summary.json
Multi-step damped Newton,multi_step_damped_newton,dense_newton,0.5,3,False,1e-06,hgo_qp_true_j2,monotonic,fem_newton_step3_residual_ratio,Newton step3 residual ratio,0.125,1.34408e-07,0.125,2.68221e-07,5,<project-root>\10_results\reports\solver_in_loop_formal_main\multi_hole_14x11\arms\multi_step_damped_newton\summary.json
Multi-step damped Newton,multi_step_damped_newton,dense_newton,0.5,3,False,1e-06,hgo_qp_true_j2,monotonic,fem_newton_step1_residual_decrease_fraction,Newton step1 residual decrease,0.499999,1.69218e-07,0.499999,3.27826e-07,5,<project-root>\10_results\reports\solver_in_loop_formal_main\multi_hole_14x11\arms\multi_step_damped_newton\summary.json
Multi-step damped Newton,multi_step_damped_newton,dense_newton,0.5,3,False,1e-06,hgo_qp_true_j2,monotonic,fem_newton_step2_residual_decrease_fraction,Newton step2 residual decrease,0.749999,1.90735e-07,0.749999,3.57628e-07,5,<project-root>\10_results\reports\solver_in_loop_formal_main\multi_hole_14x11\arms\multi_step_damped_newton\summary.json
Multi-step damped Newton,multi_step_damped_newton,dense_newton,0.5,3,False,1e-06,hgo_qp_true_j2,monotonic,fem_newton_step3_residual_decrease_fraction,Newton step3 residual decrease,0.875,1.3592e-07,0.875,2.38419e-07,5,<project-root>\10_results\reports\solver_in_loop_formal_main\multi_hole_14x11\arms\multi_step_damped_newton\summary.json
Multi-step damped Newton,multi_step_damped_newton,dense_newton,0.5,3,False,1e-06,hgo_qp_true_j2,monotonic,fem_newton_correction_relative_norm,Newton correction rel norm,1.35546,1.14364,1.0145,0.301333,5,<project-root>\10_results\reports\solver_in_loop_formal_main\multi_hole_14x11\arms\multi_step_damped_newton\summary.json
Multi-step damped Newton,multi_step_damped_newton,dense_newton,0.5,3,False,1e-06,hgo_qp_true_j2,monotonic,fem_newton_accepted_damping,Newton accepted damping,0.5,0,0.5,0,5,<project-root>\10_results\reports\solver_in_loop_formal_main\multi_hole_14x11\arms\multi_step_damped_newton\summary.json
Multi-step damped Newton,multi_step_damped_newton,dense_newton,0.5,3,False,1e-06,hgo_qp_true_j2,monotonic,fem_newton_convergence_rate,Newton convergence rate,0,0,0,0,5,<project-root>\10_results\reports\solver_in_loop_formal_main\multi_hole_14x11\arms\multi_step_damped_newton\summary.json
Multi-step damped Newton,multi_step_damped_newton,dense_newton,0.5,3,False,1e-06,hgo_qp_true_j2,monotonic,fem_newton_failure_rate,Newton failure rate,0,0,0,0,5,<project-root>\10_results\reports\solver_in_loop_formal_main\multi_hole_14x11\arms\multi_step_damped_newton\summary.json
Multi-step damped Newton,multi_step_damped_newton,dense_newton,0.5,3,False,1e-06,hgo_qp_true_j2,nonproportional,displacement_relative_l2,rollout disp rel L2,53.8515,22.357,55.6724,19.7763,5,<project-root>\10_results\reports\solver_in_loop_formal_main\multi_hole_14x11\arms\multi_step_damped_newton\summary.json
Multi-step damped Newton,multi_step_damped_newton,dense_newton,0.5,3,False,1e-06,hgo_qp_true_j2,nonproportional,final_displacement_relative_l2,final disp rel L2,74.1722,32.6454,78.6209,37.0572,5,<project-root>\10_results\reports\solver_in_loop_formal_main\multi_hole_14x11\arms\multi_step_damped_newton\summary.json
Multi-step damped Newton,multi_step_damped_newton,dense_newton,0.5,3,False,1e-06,hgo_qp_true_j2,nonproportional,qp_history_relative_l2,QP history rel L2,1.30873,0.171327,1.35133,0.151159,5,<project-root>\10_results\reports\solver_in_loop_formal_main\multi_hole_14x11\arms\multi_step_damped_newton\summary.json
Multi-step damped Newton,multi_step_damped_newton,dense_newton,0.5,3,False,1e-06,hgo_qp_true_j2,nonproportional,qp_history_increment_relative_l2,QP history-inc rel L2,2.87886,0.997011,3.35489,0.566679,5,<project-root>\10_results\reports\solver_in_loop_formal_main\multi_hole_14x11\arms\multi_step_damped_newton\summary.json
Multi-step damped Newton,multi_step_damped_newton,dense_newton,0.5,3,False,1e-06,hgo_qp_true_j2,nonproportional,qp_reversal_eqp_increment_relative_l2,QP reversal eqp-inc rel L2,0,0,0,0,5,<project-root>\10_results\reports\solver_in_loop_formal_main\multi_hole_14x11\arms\multi_step_damped_newton\summary.json
Multi-step damped Newton,multi_step_damped_newton,dense_newton,0.5,3,False,1e-06,hgo_qp_true_j2,nonproportional,qp_reversal_plastic_work_increment_relative_l2,QP reversal work-inc rel L2,0,0,0,0,5,<project-root>\10_results\reports\solver_in_loop_formal_main\multi_hole_14x11\arms\multi_step_damped_newton\summary.json
Multi-step damped Newton,multi_step_damped_newton,dense_newton,0.5,3,False,1e-06,hgo_qp_true_j2,nonproportional,qp_reversal_yield_flag_mae,QP reversal yield MAE,0,0,0,0,5,<project-root>\10_results\reports\solver_in_loop_formal_main\multi_hole_14x11\arms\multi_step_damped_newton\summary.json
Multi-step damped Newton,multi_step_damped_newton,dense_newton,0.5,3,False,1e-06,hgo_qp_true_j2,nonproportional,fem_residual_relative_rms,FEM residual rel RMS,9.45498,5.96278,8.12146,4.87271,5,<project-root>\10_results\reports\solver_in_loop_formal_main\multi_hole_14x11\arms\multi_step_damped_newton\summary.json
Multi-step damped Newton,multi_step_damped_newton,dense_newton,0.5,3,False,1e-06,hgo_qp_true_j2,nonproportional,fem_energy_relative_error,FEM energy rel err,24.9205,18.091,19.1578,16.6739,5,<project-root>\10_results\reports\solver_in_loop_formal_main\multi_hole_14x11\arms\multi_step_damped_newton\summary.json
Multi-step damped Newton,multi_step_damped_newton,dense_newton,0.5,3,False,1e-06,hgo_qp_true_j2,nonproportional,fem_solver_linearized_residual_relative_rms,FEM tangent-solver rel RMS,49.0285,19.8685,50.3666,16.9371,5,<project-root>\10_results\reports\solver_in_loop_formal_main\multi_hole_14x11\arms\multi_step_damped_newton\summary.json
Multi-step damped Newton,multi_step_damped_newton,dense_newton,0.5,3,False,1e-06,hgo_qp_true_j2,nonproportional,fem_newton_initial_residual_relative_rms,Newton initial residual rel RMS,9.15717,5.80131,7.55146,4.68473,5,<project-root>\10_results\reports\solver_in_loop_formal_main\multi_hole_14x11\arms\multi_step_damped_newton\summary.json
Multi-step damped Newton,multi_step_damped_newton,dense_newton,0.5,3,False,1e-06,hgo_qp_true_j2,nonproportional,fem_newton_final_residual_relative_rms,Newton final residual rel RMS,1.14465,0.725166,0.943935,0.585594,5,<project-root>\10_results\reports\solver_in_loop_formal_main\multi_hole_14x11\arms\multi_step_damped_newton\summary.json
Multi-step damped Newton,multi_step_damped_newton,dense_newton,0.5,3,False,1e-06,hgo_qp_true_j2,nonproportional,fem_newton_residual_ratio,Newton residual ratio,0.125,1.41804e-07,0.125,2.98023e-07,5,<project-root>\10_results\reports\solver_in_loop_formal_main\multi_hole_14x11\arms\multi_step_damped_newton\summary.json
Multi-step damped Newton,multi_step_damped_newton,dense_newton,0.5,3,False,1e-06,hgo_qp_true_j2,nonproportional,fem_newton_residual_decrease_fraction,Newton residual decrease,0.875,1.61703e-07,0.875,3.57628e-07,5,<project-root>\10_results\reports\solver_in_loop_formal_main\multi_hole_14x11\arms\multi_step_damped_newton\summary.json
Multi-step damped Newton,multi_step_damped_newton,dense_newton,0.5,3,False,1e-06,hgo_qp_true_j2,nonproportional,fem_newton_step_residual_decrease_fraction,Newton step residual decrease,0.499999,1.95518e-07,0.499999,3.8743e-07,5,<project-root>\10_results\reports\solver_in_loop_formal_main\multi_hole_14x11\arms\multi_step_damped_newton\summary.json
Multi-step damped Newton,multi_step_damped_newton,dense_newton,0.5,3,False,1e-06,hgo_qp_true_j2,nonproportional,fem_newton_step1_residual_ratio,Newton step1 residual ratio,0.500001,2.13248e-07,0.500001,4.76837e-07,5,<project-root>\10_results\reports\solver_in_loop_formal_main\multi_hole_14x11\arms\multi_step_damped_newton\summary.json
Multi-step damped Newton,multi_step_damped_newton,dense_newton,0.5,3,False,1e-06,hgo_qp_true_j2,nonproportional,fem_newton_step2_residual_ratio,Newton step2 residual ratio,0.250001,2.0819e-07,0.250001,4.17233e-07,5,<project-root>\10_results\reports\solver_in_loop_formal_main\multi_hole_14x11\arms\multi_step_damped_newton\summary.json
Multi-step damped Newton,multi_step_damped_newton,dense_newton,0.5,3,False,1e-06,hgo_qp_true_j2,nonproportional,fem_newton_step3_residual_ratio,Newton step3 residual ratio,0.125,1.41804e-07,0.125,2.98023e-07,5,<project-root>\10_results\reports\solver_in_loop_formal_main\multi_hole_14x11\arms\multi_step_damped_newton\summary.json
Multi-step damped Newton,multi_step_damped_newton,dense_newton,0.5,3,False,1e-06,hgo_qp_true_j2,nonproportional,fem_newton_step1_residual_decrease_fraction,Newton step1 residual decrease,0.499999,2.15238e-07,0.499999,4.17233e-07,5,<project-root>\10_results\reports\solver_in_loop_formal_main\multi_hole_14x11\arms\multi_step_damped_newton\summary.json
Multi-step damped Newton,multi_step_damped_newton,dense_newton,0.5,3,False,1e-06,hgo_qp_true_j2,nonproportional,fem_newton_step2_residual_decrease_fraction,Newton step2 residual decrease,0.749999,1.86972e-07,0.749999,4.17233e-07,5,<project-root>\10_results\reports\solver_in_loop_formal_main\multi_hole_14x11\arms\multi_step_damped_newton\summary.json
Multi-step damped Newton,multi_step_damped_newton,dense_newton,0.5,3,False,1e-06,hgo_qp_true_j2,nonproportional,fem_newton_step3_residual_decrease_fraction,Newton step3 residual decrease,0.875,1.61703e-07,0.875,3.57628e-07,5,<project-root>\10_results\reports\solver_in_loop_formal_main\multi_hole_14x11\arms\multi_step_damped_newton\summary.json
Multi-step damped Newton,multi_step_damped_newton,dense_newton,0.5,3,False,1e-06,hgo_qp_true_j2,nonproportional,fem_newton_correction_relative_norm,Newton correction rel norm,1.01602,0.853976,0.752159,0.226604,5,<project-root>\10_results\reports\solver_in_loop_formal_main\multi_hole_14x11\arms\multi_step_damped_newton\summary.json
Multi-step damped Newton,multi_step_damped_newton,dense_newton,0.5,3,False,1e-06,hgo_qp_true_j2,nonproportional,fem_newton_accepted_damping,Newton accepted damping,0.5,0,0.5,0,5,<project-root>\10_results\reports\solver_in_loop_formal_main\multi_hole_14x11\arms\multi_step_damped_newton\summary.json
Multi-step damped Newton,multi_step_damped_newton,dense_newton,0.5,3,False,1e-06,hgo_qp_true_j2,nonproportional,fem_newton_convergence_rate,Newton convergence rate,0,0,0,0,5,<project-root>\10_results\reports\solver_in_loop_formal_main\multi_hole_14x11\arms\multi_step_damped_newton\summary.json
Multi-step damped Newton,multi_step_damped_newton,dense_newton,0.5,3,False,1e-06,hgo_qp_true_j2,nonproportional,fem_newton_failure_rate,Newton failure rate,0,0,0,0,5,<project-root>\10_results\reports\solver_in_loop_formal_main\multi_hole_14x11\arms\multi_step_damped_newton\summary.json
Multi-step damped Newton,multi_step_damped_newton,dense_newton,0.5,3,False,1e-06,hgo_qp_true_j2,unload_reload,displacement_relative_l2,rollout disp rel L2,69.1118,28.7311,71.581,25.5602,5,<project-root>\10_results\reports\solver_in_loop_formal_main\multi_hole_14x11\arms\multi_step_damped_newton\summary.json
Multi-step damped Newton,multi_step_damped_newton,dense_newton,0.5,3,False,1e-06,hgo_qp_true_j2,unload_reload,final_displacement_relative_l2,final disp rel L2,92.2232,40.6385,97.939,46.1119,5,<project-root>\10_results\reports\solver_in_loop_formal_main\multi_hole_14x11\arms\multi_step_damped_newton\summary.json
Multi-step damped Newton,multi_step_damped_newton,dense_newton,0.5,3,False,1e-06,hgo_qp_true_j2,unload_reload,qp_history_relative_l2,QP history rel L2,1.63464,0.352325,1.72474,0.349275,5,<project-root>\10_results\reports\solver_in_loop_formal_main\multi_hole_14x11\arms\multi_step_damped_newton\summary.json
Multi-step damped Newton,multi_step_damped_newton,dense_newton,0.5,3,False,1e-06,hgo_qp_true_j2,unload_reload,qp_history_increment_relative_l2,QP history-inc rel L2,2.70818,0.912605,3.1313,0.597958,5,<project-root>\10_results\reports\solver_in_loop_formal_main\multi_hole_14x11\arms\multi_step_damped_newton\summary.json
Multi-step damped Newton,multi_step_damped_newton,dense_newton,0.5,3,False,1e-06,hgo_qp_true_j2,unload_reload,qp_reversal_eqp_increment_relative_l2,QP reversal eqp-inc rel L2,2.26536,1.30249,1.73256,1.13882,5,<project-root>\10_results\reports\solver_in_loop_formal_main\multi_hole_14x11\arms\multi_step_damped_newton\summary.json
Multi-step damped Newton,multi_step_damped_newton,dense_newton,0.5,3,False,1e-06,hgo_qp_true_j2,unload_reload,qp_reversal_plastic_work_increment_relative_l2,QP reversal work-inc rel L2,2.31813,1.39022,1.72718,1.09081,5,<project-root>\10_results\reports\solver_in_loop_formal_main\multi_hole_14x11\arms\multi_step_damped_newton\summary.json
Multi-step damped Newton,multi_step_damped_newton,dense_newton,0.5,3,False,1e-06,hgo_qp_true_j2,unload_reload,qp_reversal_yield_flag_mae,QP reversal yield MAE,0.440141,0.292063,0.320423,0.147887,5,<project-root>\10_results\reports\solver_in_loop_formal_main\multi_hole_14x11\arms\multi_step_damped_newton\summary.json
Multi-step damped Newton,multi_step_damped_newton,dense_newton,0.5,3,False,1e-06,hgo_qp_true_j2,unload_reload,fem_residual_relative_rms,FEM residual rel RMS,10.9827,6.94589,9.41977,5.54829,5,<project-root>\10_results\reports\solver_in_loop_formal_main\multi_hole_14x11\arms\multi_step_damped_newton\summary.json
Multi-step damped Newton,multi_step_damped_newton,dense_newton,0.5,3,False,1e-06,hgo_qp_true_j2,unload_reload,fem_energy_relative_error,FEM energy rel err,28.7921,22.8967,21.0786,26.2627,5,<project-root>\10_results\reports\solver_in_loop_formal_main\multi_hole_14x11\arms\multi_step_damped_newton\summary.json
Multi-step damped Newton,multi_step_damped_newton,dense_newton,0.5,3,False,1e-06,hgo_qp_true_j2,unload_reload,fem_solver_linearized_residual_relative_rms,FEM tangent-solver rel RMS,62.976,25.5892,64.8108,21.934,5,<project-root>\10_results\reports\solver_in_loop_formal_main\multi_hole_14x11\arms\multi_step_damped_newton\summary.json
Multi-step damped Newton,multi_step_damped_newton,dense_newton,0.5,3,False,1e-06,hgo_qp_true_j2,unload_reload,fem_newton_initial_residual_relative_rms,Newton initial residual rel RMS,10.638,6.75567,8.76533,5.31928,5,<project-root>\10_results\reports\solver_in_loop_formal_main\multi_hole_14x11\arms\multi_step_damped_newton\summary.json
Multi-step damped Newton,multi_step_damped_newton,dense_newton,0.5,3,False,1e-06,hgo_qp_true_j2,unload_reload,fem_newton_final_residual_relative_rms,Newton final residual rel RMS,1.32976,0.84446,1.09567,0.664912,5,<project-root>\10_results\reports\solver_in_loop_formal_main\multi_hole_14x11\arms\multi_step_damped_newton\summary.json
Multi-step damped Newton,multi_step_damped_newton,dense_newton,0.5,3,False,1e-06,hgo_qp_true_j2,unload_reload,fem_newton_residual_ratio,Newton residual ratio,0.125,1.40293e-07,0.125,2.98023e-07,5,<project-root>\10_results\reports\solver_in_loop_formal_main\multi_hole_14x11\arms\multi_step_damped_newton\summary.json
Multi-step damped Newton,multi_step_damped_newton,dense_newton,0.5,3,False,1e-06,hgo_qp_true_j2,unload_reload,fem_newton_residual_decrease_fraction,Newton residual decrease,0.875,1.61703e-07,0.875,3.57628e-07,5,<project-root>\10_results\reports\solver_in_loop_formal_main\multi_hole_14x11\arms\multi_step_damped_newton\summary.json
Multi-step damped Newton,multi_step_damped_newton,dense_newton,0.5,3,False,1e-06,hgo_qp_true_j2,unload_reload,fem_newton_step_residual_decrease_fraction,Newton step residual decrease,0.499999,1.87162e-07,0.499999,3.8743e-07,5,<project-root>\10_results\reports\solver_in_loop_formal_main\multi_hole_14x11\arms\multi_step_damped_newton\summary.json
Multi-step damped Newton,multi_step_damped_newton,dense_newton,0.5,3,False,1e-06,hgo_qp_true_j2,unload_reload,fem_newton_step1_residual_ratio,Newton step1 residual ratio,0.500001,1.74388e-07,0.500001,3.57628e-07,5,<project-root>\10_results\reports\solver_in_loop_formal_main\multi_hole_14x11\arms\multi_step_damped_newton\summary.json
Multi-step damped Newton,multi_step_damped_newton,dense_newton,0.5,3,False,1e-06,hgo_qp_true_j2,unload_reload,fem_newton_step2_residual_ratio,Newton step2 residual ratio,0.250001,1.73367e-07,0.250001,3.8743e-07,5,<project-root>\10_results\reports\solver_in_loop_formal_main\multi_hole_14x11\arms\multi_step_damped_newton\summary.json
Multi-step damped Newton,multi_step_damped_newton,dense_newton,0.5,3,False,1e-06,hgo_qp_true_j2,unload_reload,fem_newton_step3_residual_ratio,Newton step3 residual ratio,0.125,1.40293e-07,0.125,2.98023e-07,5,<project-root>\10_results\reports\solver_in_loop_formal_main\multi_hole_14x11\arms\multi_step_damped_newton\summary.json
Multi-step damped Newton,multi_step_damped_newton,dense_newton,0.5,3,False,1e-06,hgo_qp_true_j2,unload_reload,fem_newton_step1_residual_decrease_fraction,Newton step1 residual decrease,0.499999,1.80199e-07,0.499999,3.8743e-07,5,<project-root>\10_results\reports\solver_in_loop_formal_main\multi_hole_14x11\arms\multi_step_damped_newton\summary.json
Multi-step damped Newton,multi_step_damped_newton,dense_newton,0.5,3,False,1e-06,hgo_qp_true_j2,unload_reload,fem_newton_step2_residual_decrease_fraction,Newton step2 residual decrease,0.749999,1.61703e-07,0.749999,3.57628e-07,5,<project-root>\10_results\reports\solver_in_loop_formal_main\multi_hole_14x11\arms\multi_step_damped_newton\summary.json
Multi-step damped Newton,multi_step_damped_newton,dense_newton,0.5,3,False,1e-06,hgo_qp_true_j2,unload_reload,fem_newton_step3_residual_decrease_fraction,Newton step3 residual decrease,0.875,1.61703e-07,0.875,3.57628e-07,5,<project-root>\10_results\reports\solver_in_loop_formal_main\multi_hole_14x11\arms\multi_step_damped_newton\summary.json
Multi-step damped Newton,multi_step_damped_newton,dense_newton,0.5,3,False,1e-06,hgo_qp_true_j2,unload_reload,fem_newton_correction_relative_norm,Newton correction rel norm,1.31564,1.11085,0.965591,0.301998,5,<project-root>\10_results\reports\solver_in_loop_formal_main\multi_hole_14x11\arms\multi_step_damped_newton\summary.json
Multi-step damped Newton,multi_step_damped_newton,dense_newton,0.5,3,False,1e-06,hgo_qp_true_j2,unload_reload,fem_newton_accepted_damping,Newton accepted damping,0.5,0,0.5,0,5,<project-root>\10_results\reports\solver_in_loop_formal_main\multi_hole_14x11\arms\multi_step_damped_newton\summary.json
Multi-step damped Newton,multi_step_damped_newton,dense_newton,0.5,3,False,1e-06,hgo_qp_true_j2,unload_reload,fem_newton_convergence_rate,Newton convergence rate,0,0,0,0,5,<project-root>\10_results\reports\solver_in_loop_formal_main\multi_hole_14x11\arms\multi_step_damped_newton\summary.json
Multi-step damped Newton,multi_step_damped_newton,dense_newton,0.5,3,False,1e-06,hgo_qp_true_j2,unload_reload,fem_newton_failure_rate,Newton failure rate,0,0,0,0,5,<project-root>\10_results\reports\solver_in_loop_formal_main\multi_hole_14x11\arms\multi_step_damped_newton\summary.json
Multi-step line-search Newton,multi_step_line_search_newton,dense_newton,1.0,3,True,1e-06,hgo_qp_true_j2,cyclic,displacement_relative_l2,rollout disp rel L2,47.7202,17.5515,52.4479,24.3842,5,<project-root>\10_results\reports\solver_in_loop_formal_main\multi_hole_14x11\arms\multi_step_line_search_newton\summary.json
Multi-step line-search Newton,multi_step_line_search_newton,dense_newton,1.0,3,True,1e-06,hgo_qp_true_j2,cyclic,final_displacement_relative_l2,final disp rel L2,238.362,80.7669,264.384,130.451,5,<project-root>\10_results\reports\solver_in_loop_formal_main\multi_hole_14x11\arms\multi_step_line_search_newton\summary.json
Multi-step line-search Newton,multi_step_line_search_newton,dense_newton,1.0,3,True,1e-06,hgo_qp_true_j2,cyclic,qp_history_relative_l2,QP history rel L2,1.49385,0.337818,1.61973,0.550107,5,<project-root>\10_results\reports\solver_in_loop_formal_main\multi_hole_14x11\arms\multi_step_line_search_newton\summary.json
Multi-step line-search Newton,multi_step_line_search_newton,dense_newton,1.0,3,True,1e-06,hgo_qp_true_j2,cyclic,qp_history_increment_relative_l2,QP history-inc rel L2,1.53713,0.337254,1.61578,0.352368,5,<project-root>\10_results\reports\solver_in_loop_formal_main\multi_hole_14x11\arms\multi_step_line_search_newton\summary.json
Multi-step line-search Newton,multi_step_line_search_newton,dense_newton,1.0,3,True,1e-06,hgo_qp_true_j2,cyclic,qp_reversal_eqp_increment_relative_l2,QP reversal eqp-inc rel L2,1.25137,0.429347,1.04198,0.134645,5,<project-root>\10_results\reports\solver_in_loop_formal_main\multi_hole_14x11\arms\multi_step_line_search_newton\summary.json
Multi-step line-search Newton,multi_step_line_search_newton,dense_newton,1.0,3,True,1e-06,hgo_qp_true_j2,cyclic,qp_reversal_plastic_work_increment_relative_l2,QP reversal work-inc rel L2,1.25834,0.448471,1.04719,0.119197,5,<project-root>\10_results\reports\solver_in_loop_formal_main\multi_hole_14x11\arms\multi_step_line_search_newton\summary.json
Multi-step line-search Newton,multi_step_line_search_newton,dense_newton,1.0,3,True,1e-06,hgo_qp_true_j2,cyclic,qp_reversal_yield_flag_mae,QP reversal yield MAE,0.535849,0.252139,0.422956,0.460692,5,<project-root>\10_results\reports\solver_in_loop_formal_main\multi_hole_14x11\arms\multi_step_line_search_newton\summary.json
Multi-step line-search Newton,multi_step_line_search_newton,dense_newton,1.0,3,True,1e-06,hgo_qp_true_j2,cyclic,fem_residual_relative_rms,FEM residual rel RMS,13.7545,10.1053,10.2539,17.6747,5,<project-root>\10_results\reports\solver_in_loop_formal_main\multi_hole_14x11\arms\multi_step_line_search_newton\summary.json
Multi-step line-search Newton,multi_step_line_search_newton,dense_newton,1.0,3,True,1e-06,hgo_qp_true_j2,cyclic,fem_energy_relative_error,FEM energy rel err,159.846,185.174,51.7578,164.343,5,<project-root>\10_results\reports\solver_in_loop_formal_main\multi_hole_14x11\arms\multi_step_line_search_newton\summary.json
Multi-step line-search Newton,multi_step_line_search_newton,dense_newton,1.0,3,True,1e-06,hgo_qp_true_j2,cyclic,fem_solver_linearized_residual_relative_rms,FEM tangent-solver rel RMS,91.9518,32.2225,100.329,51.1259,5,<project-root>\10_results\reports\solver_in_loop_formal_main\multi_hole_14x11\arms\multi_step_line_search_newton\summary.json
Multi-step line-search Newton,multi_step_line_search_newton,dense_newton,1.0,3,True,1e-06,hgo_qp_true_j2,cyclic,fem_newton_initial_residual_relative_rms,Newton initial residual rel RMS,13.0195,9.41516,10.14,17.3597,5,<project-root>\10_results\reports\solver_in_loop_formal_main\multi_hole_14x11\arms\multi_step_line_search_newton\summary.json
Multi-step line-search Newton,multi_step_line_search_newton,dense_newton,1.0,3,True,1e-06,hgo_qp_true_j2,cyclic,fem_newton_final_residual_relative_rms,Newton final residual rel RMS,9.69885e-09,1.11239e-08,4.60547e-09,3.64419e-09,5,<project-root>\10_results\reports\solver_in_loop_formal_main\multi_hole_14x11\arms\multi_step_line_search_newton\summary.json
Multi-step line-search Newton,multi_step_line_search_newton,dense_newton,1.0,3,True,1e-06,hgo_qp_true_j2,cyclic,fem_newton_residual_ratio,Newton residual ratio,9.85968e-10,7.95158e-10,6.99121e-10,7.62966e-11,5,<project-root>\10_results\reports\solver_in_loop_formal_main\multi_hole_14x11\arms\multi_step_line_search_newton\summary.json
Multi-step line-search Newton,multi_step_line_search_newton,dense_newton,1.0,3,True,1e-06,hgo_qp_true_j2,cyclic,fem_newton_residual_decrease_fraction,Newton residual decrease,1,0,1,0,5,<project-root>\10_results\reports\solver_in_loop_formal_main\multi_hole_14x11\arms\multi_step_line_search_newton\summary.json
Multi-step line-search Newton,multi_step_line_search_newton,dense_newton,1.0,3,True,1e-06,hgo_qp_true_j2,cyclic,fem_newton_step_residual_decrease_fraction,Newton step residual decrease,0.99443,0.00431673,0.996776,0.00124907,5,<project-root>\10_results\reports\solver_in_loop_formal_main\multi_hole_14x11\arms\multi_step_line_search_newton\summary.json
Multi-step line-search Newton,multi_step_line_search_newton,dense_newton,1.0,3,True,1e-06,hgo_qp_true_j2,cyclic,fem_newton_step1_residual_ratio,Newton step1 residual ratio,2.385e-05,1.22203e-05,2.80554e-05,2.57122e-05,5,<project-root>\10_results\reports\solver_in_loop_formal_main\multi_hole_14x11\arms\multi_step_line_search_newton\summary.json
Multi-step line-search Newton,multi_step_line_search_newton,dense_newton,1.0,3,True,1e-06,hgo_qp_true_j2,cyclic,fem_newton_step2_residual_ratio,Newton step2 residual ratio,1.29565e-07,9.6256e-08,1.3749e-07,1.10246e-07,5,<project-root>\10_results\reports\solver_in_loop_formal_main\multi_hole_14x11\arms\multi_step_line_search_newton\summary.json
Multi-step line-search Newton,multi_step_line_search_newton,dense_newton,1.0,3,True,1e-06,hgo_qp_true_j2,cyclic,fem_newton_step3_residual_ratio,Newton step3 residual ratio,9.85968e-10,7.95158e-10,6.99121e-10,7.62966e-11,5,<project-root>\10_results\reports\solver_in_loop_formal_main\multi_hole_14x11\arms\multi_step_line_search_newton\summary.json
Multi-step line-search Newton,multi_step_line_search_newton,dense_newton,1.0,3,True,1e-06,hgo_qp_true_j2,cyclic,fem_newton_step1_residual_decrease_fraction,Newton step1 residual decrease,0.999976,1.22418e-05,0.999972,2.57492e-05,5,<project-root>\10_results\reports\solver_in_loop_formal_main\multi_hole_14x11\arms\multi_step_line_search_newton\summary.json
Multi-step line-search Newton,multi_step_line_search_newton,dense_newton,1.0,3,True,1e-06,hgo_qp_true_j2,cyclic,fem_newton_step2_residual_decrease_fraction,Newton step2 residual decrease,1,8.92081e-08,1,1.19209e-07,5,<project-root>\10_results\reports\solver_in_loop_formal_main\multi_hole_14x11\arms\multi_step_line_search_newton\summary.json
Multi-step line-search Newton,multi_step_line_search_newton,dense_newton,1.0,3,True,1e-06,hgo_qp_true_j2,cyclic,fem_newton_step3_residual_decrease_fraction,Newton step3 residual decrease,1,0,1,0,5,<project-root>\10_results\reports\solver_in_loop_formal_main\multi_hole_14x11\arms\multi_step_line_search_newton\summary.json
Multi-step line-search Newton,multi_step_line_search_newton,dense_newton,1.0,3,True,1e-06,hgo_qp_true_j2,cyclic,fem_newton_correction_relative_norm,Newton correction rel norm,1.38534,1.05167,1.05175,0.78603,5,<project-root>\10_results\reports\solver_in_loop_formal_main\multi_hole_14x11\arms\multi_step_line_search_newton\summary.json
Multi-step line-search Newton,multi_step_line_search_newton,dense_newton,1.0,3,True,1e-06,hgo_qp_true_j2,cyclic,fem_newton_accepted_damping,Newton accepted damping,1,0,1,0,5,<project-root>\10_results\reports\solver_in_loop_formal_main\multi_hole_14x11\arms\multi_step_line_search_newton\summary.json
Multi-step line-search Newton,multi_step_line_search_newton,dense_newton,1.0,3,True,1e-06,hgo_qp_true_j2,cyclic,fem_newton_convergence_rate,Newton convergence rate,1,0,1,0,5,<project-root>\10_results\reports\solver_in_loop_formal_main\multi_hole_14x11\arms\multi_step_line_search_newton\summary.json
Multi-step line-search Newton,multi_step_line_search_newton,dense_newton,1.0,3,True,1e-06,hgo_qp_true_j2,cyclic,fem_newton_failure_rate,Newton failure rate,0,0,0,0,5,<project-root>\10_results\reports\solver_in_loop_formal_main\multi_hole_14x11\arms\multi_step_line_search_newton\summary.json
Multi-step line-search Newton,multi_step_line_search_newton,dense_newton,1.0,3,True,1e-06,hgo_qp_true_j2,monotonic,displacement_relative_l2,rollout disp rel L2,51.3842,18.9938,56.1345,27.2449,5,<project-root>\10_results\reports\solver_in_loop_formal_main\multi_hole_14x11\arms\multi_step_line_search_newton\summary.json
Multi-step line-search Newton,multi_step_line_search_newton,dense_newton,1.0,3,True,1e-06,hgo_qp_true_j2,monotonic,final_displacement_relative_l2,final disp rel L2,65.8313,22.6984,72.5798,38.0954,5,<project-root>\10_results\reports\solver_in_loop_formal_main\multi_hole_14x11\arms\multi_step_line_search_newton\summary.json
Multi-step line-search Newton,multi_step_line_search_newton,dense_newton,1.0,3,True,1e-06,hgo_qp_true_j2,monotonic,qp_history_relative_l2,QP history rel L2,1.83287,0.591478,2.04972,1.03323,5,<project-root>\10_results\reports\solver_in_loop_formal_main\multi_hole_14x11\arms\multi_step_line_search_newton\summary.json
Multi-step line-search Newton,multi_step_line_search_newton,dense_newton,1.0,3,True,1e-06,hgo_qp_true_j2,monotonic,qp_history_increment_relative_l2,QP history-inc rel L2,2.58788,0.987707,2.83697,1.21869,5,<project-root>\10_results\reports\solver_in_loop_formal_main\multi_hole_14x11\arms\multi_step_line_search_newton\summary.json
Multi-step line-search Newton,multi_step_line_search_newton,dense_newton,1.0,3,True,1e-06,hgo_qp_true_j2,monotonic,qp_reversal_eqp_increment_relative_l2,QP reversal eqp-inc rel L2,0,0,0,0,5,<project-root>\10_results\reports\solver_in_loop_formal_main\multi_hole_14x11\arms\multi_step_line_search_newton\summary.json
Multi-step line-search Newton,multi_step_line_search_newton,dense_newton,1.0,3,True,1e-06,hgo_qp_true_j2,monotonic,qp_reversal_plastic_work_increment_relative_l2,QP reversal work-inc rel L2,0,0,0,0,5,<project-root>\10_results\reports\solver_in_loop_formal_main\multi_hole_14x11\arms\multi_step_line_search_newton\summary.json
Multi-step line-search Newton,multi_step_line_search_newton,dense_newton,1.0,3,True,1e-06,hgo_qp_true_j2,monotonic,qp_reversal_yield_flag_mae,QP reversal yield MAE,0,0,0,0,5,<project-root>\10_results\reports\solver_in_loop_formal_main\multi_hole_14x11\arms\multi_step_line_search_newton\summary.json
Multi-step line-search Newton,multi_step_line_search_newton,dense_newton,1.0,3,True,1e-06,hgo_qp_true_j2,monotonic,fem_residual_relative_rms,FEM residual rel RMS,13.2916,9.85598,9.67218,16.9996,5,<project-root>\10_results\reports\solver_in_loop_formal_main\multi_hole_14x11\arms\multi_step_line_search_newton\summary.json
Multi-step line-search Newton,multi_step_line_search_newton,dense_newton,1.0,3,True,1e-06,hgo_qp_true_j2,monotonic,fem_energy_relative_error,FEM energy rel err,17.2775,12.0975,9.641,13.5108,5,<project-root>\10_results\reports\solver_in_loop_formal_main\multi_hole_14x11\arms\multi_step_line_search_newton\summary.json
Multi-step line-search Newton,multi_step_line_search_newton,dense_newton,1.0,3,True,1e-06,hgo_qp_true_j2,monotonic,fem_solver_linearized_residual_relative_rms,FEM tangent-solver rel RMS,47.5021,18.2725,51.3544,25.1825,5,<project-root>\10_results\reports\solver_in_loop_formal_main\multi_hole_14x11\arms\multi_step_line_search_newton\summary.json
Multi-step line-search Newton,multi_step_line_search_newton,dense_newton,1.0,3,True,1e-06,hgo_qp_true_j2,monotonic,fem_newton_initial_residual_relative_rms,Newton initial residual rel RMS,12.5682,9.16078,9.57745,16.7001,5,<project-root>\10_results\reports\solver_in_loop_formal_main\multi_hole_14x11\arms\multi_step_line_search_newton\summary.json
Multi-step line-search Newton,multi_step_line_search_newton,dense_newton,1.0,3,True,1e-06,hgo_qp_true_j2,monotonic,fem_newton_final_residual_relative_rms,Newton final residual rel RMS,9.2886e-09,1.07787e-08,4.3542e-09,3.26706e-09,5,<project-root>\10_results\reports\solver_in_loop_formal_main\multi_hole_14x11\arms\multi_step_line_search_newton\summary.json
Multi-step line-search Newton,multi_step_line_search_newton,dense_newton,1.0,3,True,1e-06,hgo_qp_true_j2,monotonic,fem_newton_residual_ratio,Newton residual ratio,9.81106e-10,8.01111e-10,6.94617e-10,6.29903e-11,5,<project-root>\10_results\reports\solver_in_loop_formal_main\multi_hole_14x11\arms\multi_step_line_search_newton\summary.json
Multi-step line-search Newton,multi_step_line_search_newton,dense_newton,1.0,3,True,1e-06,hgo_qp_true_j2,monotonic,fem_newton_residual_decrease_fraction,Newton residual decrease,1,0,1,0,5,<project-root>\10_results\reports\solver_in_loop_formal_main\multi_hole_14x11\arms\multi_step_line_search_newton\summary.json
Multi-step line-search Newton,multi_step_line_search_newton,dense_newton,1.0,3,True,1e-06,hgo_qp_true_j2,monotonic,fem_newton_step_residual_decrease_fraction,Newton step residual decrease,0.994376,0.0044279,0.996807,0.00126886,5,<project-root>\10_results\reports\solver_in_loop_formal_main\multi_hole_14x11\arms\multi_step_line_search_newton\summary.json
Multi-step line-search Newton,multi_step_line_search_newton,dense_newton,1.0,3,True,1e-06,hgo_qp_true_j2,monotonic,fem_newton_step1_residual_ratio,Newton step1 residual ratio,2.37661e-05,1.21956e-05,2.81496e-05,2.56747e-05,5,<project-root>\10_results\reports\solver_in_loop_formal_main\multi_hole_14x11\arms\multi_step_line_search_newton\summary.json
Multi-step line-search Newton,multi_step_line_search_newton,dense_newton,1.0,3,True,1e-06,hgo_qp_true_j2,monotonic,fem_newton_step2_residual_ratio,Newton step2 residual ratio,1.2857e-07,9.58893e-08,1.35553e-07,1.095e-07,5,<project-root>\10_results\reports\solver_in_loop_formal_main\multi_hole_14x11\arms\multi_step_line_search_newton\summary.json
Multi-step line-search Newton,multi_step_line_search_newton,dense_newton,1.0,3,True,1e-06,hgo_qp_true_j2,monotonic,fem_newton_step3_residual_ratio,Newton step3 residual ratio,9.81106e-10,8.01111e-10,6.94617e-10,6.29903e-11,5,<project-root>\10_results\reports\solver_in_loop_formal_main\multi_hole_14x11\arms\multi_step_line_search_newton\summary.json
Multi-step line-search Newton,multi_step_line_search_newton,dense_newton,1.0,3,True,1e-06,hgo_qp_true_j2,monotonic,fem_newton_step1_residual_decrease_fraction,Newton step1 residual decrease,0.999976,1.21777e-05,0.999972,2.563e-05,5,<project-root>\10_results\reports\solver_in_loop_formal_main\multi_hole_14x11\arms\multi_step_line_search_newton\summary.json
Multi-step line-search Newton,multi_step_line_search_newton,dense_newton,1.0,3,True,1e-06,hgo_qp_true_j2,monotonic,fem_newton_step2_residual_decrease_fraction,Newton step2 residual decrease,1,8.92081e-08,1,1.19209e-07,5,<project-root>\10_results\reports\solver_in_loop_formal_main\multi_hole_14x11\arms\multi_step_line_search_newton\summary.json
Multi-step line-search Newton,multi_step_line_search_newton,dense_newton,1.0,3,True,1e-06,hgo_qp_true_j2,monotonic,fem_newton_step3_residual_decrease_fraction,Newton step3 residual decrease,1,0,1,0,5,<project-root>\10_results\reports\solver_in_loop_formal_main\multi_hole_14x11\arms\multi_step_line_search_newton\summary.json
Multi-step line-search Newton,multi_step_line_search_newton,dense_newton,1.0,3,True,1e-06,hgo_qp_true_j2,monotonic,fem_newton_correction_relative_norm,Newton correction rel norm,1.18847,1.03535,0.883034,0.377282,5,<project-root>\10_results\reports\solver_in_loop_formal_main\multi_hole_14x11\arms\multi_step_line_search_newton\summary.json
Multi-step line-search Newton,multi_step_line_search_newton,dense_newton,1.0,3,True,1e-06,hgo_qp_true_j2,monotonic,fem_newton_accepted_damping,Newton accepted damping,1,0,1,0,5,<project-root>\10_results\reports\solver_in_loop_formal_main\multi_hole_14x11\arms\multi_step_line_search_newton\summary.json
Multi-step line-search Newton,multi_step_line_search_newton,dense_newton,1.0,3,True,1e-06,hgo_qp_true_j2,monotonic,fem_newton_convergence_rate,Newton convergence rate,1,0,1,0,5,<project-root>\10_results\reports\solver_in_loop_formal_main\multi_hole_14x11\arms\multi_step_line_search_newton\summary.json
Multi-step line-search Newton,multi_step_line_search_newton,dense_newton,1.0,3,True,1e-06,hgo_qp_true_j2,monotonic,fem_newton_failure_rate,Newton failure rate,0,0,0,0,5,<project-root>\10_results\reports\solver_in_loop_formal_main\multi_hole_14x11\arms\multi_step_line_search_newton\summary.json
Multi-step line-search Newton,multi_step_line_search_newton,dense_newton,1.0,3,True,1e-06,hgo_qp_true_j2,nonproportional,displacement_relative_l2,rollout disp rel L2,38.467,14.3517,42.1165,20.7516,5,<project-root>\10_results\reports\solver_in_loop_formal_main\multi_hole_14x11\arms\multi_step_line_search_newton\summary.json
Multi-step line-search Newton,multi_step_line_search_newton,dense_newton,1.0,3,True,1e-06,hgo_qp_true_j2,nonproportional,final_displacement_relative_l2,final disp rel L2,53.1582,18.4564,58.6842,31.0501,5,<project-root>\10_results\reports\solver_in_loop_formal_main\multi_hole_14x11\arms\multi_step_line_search_newton\summary.json
Multi-step line-search Newton,multi_step_line_search_newton,dense_newton,1.0,3,True,1e-06,hgo_qp_true_j2,nonproportional,qp_history_relative_l2,QP history rel L2,1.29308,0.212243,1.35552,0.368122,5,<project-root>\10_results\reports\solver_in_loop_formal_main\multi_hole_14x11\arms\multi_step_line_search_newton\summary.json
Multi-step line-search Newton,multi_step_line_search_newton,dense_newton,1.0,3,True,1e-06,hgo_qp_true_j2,nonproportional,qp_history_increment_relative_l2,QP history-inc rel L2,2.66416,1.01455,2.97372,1.20735,5,<project-root>\10_results\reports\solver_in_loop_formal_main\multi_hole_14x11\arms\multi_step_line_search_newton\summary.json
Multi-step line-search Newton,multi_step_line_search_newton,dense_newton,1.0,3,True,1e-06,hgo_qp_true_j2,nonproportional,qp_reversal_eqp_increment_relative_l2,QP reversal eqp-inc rel L2,0,0,0,0,5,<project-root>\10_results\reports\solver_in_loop_formal_main\multi_hole_14x11\arms\multi_step_line_search_newton\summary.json
Multi-step line-search Newton,multi_step_line_search_newton,dense_newton,1.0,3,True,1e-06,hgo_qp_true_j2,nonproportional,qp_reversal_plastic_work_increment_relative_l2,QP reversal work-inc rel L2,0,0,0,0,5,<project-root>\10_results\reports\solver_in_loop_formal_main\multi_hole_14x11\arms\multi_step_line_search_newton\summary.json
Multi-step line-search Newton,multi_step_line_search_newton,dense_newton,1.0,3,True,1e-06,hgo_qp_true_j2,nonproportional,qp_reversal_yield_flag_mae,QP reversal yield MAE,0,0,0,0,5,<project-root>\10_results\reports\solver_in_loop_formal_main\multi_hole_14x11\arms\multi_step_line_search_newton\summary.json
Multi-step line-search Newton,multi_step_line_search_newton,dense_newton,1.0,3,True,1e-06,hgo_qp_true_j2,nonproportional,fem_residual_relative_rms,FEM residual rel RMS,10.5869,7.79446,7.78838,13.6453,5,<project-root>\10_results\reports\solver_in_loop_formal_main\multi_hole_14x11\arms\multi_step_line_search_newton\summary.json
Multi-step line-search Newton,multi_step_line_search_newton,dense_newton,1.0,3,True,1e-06,hgo_qp_true_j2,nonproportional,fem_energy_relative_error,FEM energy rel err,13.7194,9.72087,7.49385,11.228,5,<project-root>\10_results\reports\solver_in_loop_formal_main\multi_hole_14x11\arms\multi_step_line_search_newton\summary.json
Multi-step line-search Newton,multi_step_line_search_newton,dense_newton,1.0,3,True,1e-06,hgo_qp_true_j2,nonproportional,fem_solver_linearized_residual_relative_rms,FEM tangent-solver rel RMS,35.7221,13.7832,38.8255,19.472,5,<project-root>\10_results\reports\solver_in_loop_formal_main\multi_hole_14x11\arms\multi_step_line_search_newton\summary.json
Multi-step line-search Newton,multi_step_line_search_newton,dense_newton,1.0,3,True,1e-06,hgo_qp_true_j2,nonproportional,fem_newton_initial_residual_relative_rms,Newton initial residual rel RMS,10.0257,7.26791,7.71158,13.4059,5,<project-root>\10_results\reports\solver_in_loop_formal_main\multi_hole_14x11\arms\multi_step_line_search_newton\summary.json
Multi-step line-search Newton,multi_step_line_search_newton,dense_newton,1.0,3,True,1e-06,hgo_qp_true_j2,nonproportional,fem_newton_final_residual_relative_rms,Newton final residual rel RMS,7.43968e-09,8.60711e-09,3.42866e-09,2.61209e-09,5,<project-root>\10_results\reports\solver_in_loop_formal_main\multi_hole_14x11\arms\multi_step_line_search_newton\summary.json
Multi-step line-search Newton,multi_step_line_search_newton,dense_newton,1.0,3,True,1e-06,hgo_qp_true_j2,nonproportional,fem_newton_residual_ratio,Newton residual ratio,9.782e-10,7.94139e-10,6.99982e-10,8.11713e-11,5,<project-root>\10_results\reports\solver_in_loop_formal_main\multi_hole_14x11\arms\multi_step_line_search_newton\summary.json
Multi-step line-search Newton,multi_step_line_search_newton,dense_newton,1.0,3,True,1e-06,hgo_qp_true_j2,nonproportional,fem_newton_residual_decrease_fraction,Newton residual decrease,1,0,1,0,5,<project-root>\10_results\reports\solver_in_loop_formal_main\multi_hole_14x11\arms\multi_step_line_search_newton\summary.json
Multi-step line-search Newton,multi_step_line_search_newton,dense_newton,1.0,3,True,1e-06,hgo_qp_true_j2,nonproportional,fem_newton_step_residual_decrease_fraction,Newton step residual decrease,0.994405,0.00437401,0.996823,0.00125653,5,<project-root>\10_results\reports\solver_in_loop_formal_main\multi_hole_14x11\arms\multi_step_line_search_newton\summary.json
Multi-step line-search Newton,multi_step_line_search_newton,dense_newton,1.0,3,True,1e-06,hgo_qp_true_j2,nonproportional,fem_newton_step1_residual_ratio,Newton step1 residual ratio,2.38021e-05,1.21568e-05,2.83132e-05,2.53922e-05,5,<project-root>\10_results\reports\solver_in_loop_formal_main\multi_hole_14x11\arms\multi_step_line_search_newton\summary.json
Multi-step line-search Newton,multi_step_line_search_newton,dense_newton,1.0,3,True,1e-06,hgo_qp_true_j2,nonproportional,fem_newton_step2_residual_ratio,Newton step2 residual ratio,1.28629e-07,9.57053e-08,1.36756e-07,1.07135e-07,5,<project-root>\10_results\reports\solver_in_loop_formal_main\multi_hole_14x11\arms\multi_step_line_search_newton\summary.json
Multi-step line-search Newton,multi_step_line_search_newton,dense_newton,1.0,3,True,1e-06,hgo_qp_true_j2,nonproportional,fem_newton_step3_residual_ratio,Newton step3 residual ratio,9.782e-10,7.94139e-10,6.99982e-10,8.11713e-11,5,<project-root>\10_results\reports\solver_in_loop_formal_main\multi_hole_14x11\arms\multi_step_line_search_newton\summary.json
Multi-step line-search Newton,multi_step_line_search_newton,dense_newton,1.0,3,True,1e-06,hgo_qp_true_j2,nonproportional,fem_newton_step1_residual_decrease_fraction,Newton step1 residual decrease,0.999976,1.2164e-05,0.999972,2.54512e-05,5,<project-root>\10_results\reports\solver_in_loop_formal_main\multi_hole_14x11\arms\multi_step_line_search_newton\summary.json
Multi-step line-search Newton,multi_step_line_search_newton,dense_newton,1.0,3,True,1e-06,hgo_qp_true_j2,nonproportional,fem_newton_step2_residual_decrease_fraction,Newton step2 residual decrease,1,8.92081e-08,1,1.19209e-07,5,<project-root>\10_results\reports\solver_in_loop_formal_main\multi_hole_14x11\arms\multi_step_line_search_newton\summary.json
Multi-step line-search Newton,multi_step_line_search_newton,dense_newton,1.0,3,True,1e-06,hgo_qp_true_j2,nonproportional,fem_newton_step3_residual_decrease_fraction,Newton step3 residual decrease,1,0,1,0,5,<project-root>\10_results\reports\solver_in_loop_formal_main\multi_hole_14x11\arms\multi_step_line_search_newton\summary.json
Multi-step line-search Newton,multi_step_line_search_newton,dense_newton,1.0,3,True,1e-06,hgo_qp_true_j2,nonproportional,fem_newton_correction_relative_norm,Newton correction rel norm,0.894158,0.776463,0.667193,0.299065,5,<project-root>\10_results\reports\solver_in_loop_formal_main\multi_hole_14x11\arms\multi_step_line_search_newton\summary.json
Multi-step line-search Newton,multi_step_line_search_newton,dense_newton,1.0,3,True,1e-06,hgo_qp_true_j2,nonproportional,fem_newton_accepted_damping,Newton accepted damping,1,0,1,0,5,<project-root>\10_results\reports\solver_in_loop_formal_main\multi_hole_14x11\arms\multi_step_line_search_newton\summary.json
Multi-step line-search Newton,multi_step_line_search_newton,dense_newton,1.0,3,True,1e-06,hgo_qp_true_j2,nonproportional,fem_newton_convergence_rate,Newton convergence rate,1,0,1,0,5,<project-root>\10_results\reports\solver_in_loop_formal_main\multi_hole_14x11\arms\multi_step_line_search_newton\summary.json
Multi-step line-search Newton,multi_step_line_search_newton,dense_newton,1.0,3,True,1e-06,hgo_qp_true_j2,nonproportional,fem_newton_failure_rate,Newton failure rate,0,0,0,0,5,<project-root>\10_results\reports\solver_in_loop_formal_main\multi_hole_14x11\arms\multi_step_line_search_newton\summary.json
Multi-step line-search Newton,multi_step_line_search_newton,dense_newton,1.0,3,True,1e-06,hgo_qp_true_j2,unload_reload,displacement_relative_l2,rollout disp rel L2,49.3716,18.2933,54.0866,26.0511,5,<project-root>\10_results\reports\solver_in_loop_formal_main\multi_hole_14x11\arms\multi_step_line_search_newton\summary.json
Multi-step line-search Newton,multi_step_line_search_newton,dense_newton,1.0,3,True,1e-06,hgo_qp_true_j2,unload_reload,final_displacement_relative_l2,final disp rel L2,66.067,22.808,73.111,37.8635,5,<project-root>\10_results\reports\solver_in_loop_formal_main\multi_hole_14x11\arms\multi_step_line_search_newton\summary.json
Multi-step line-search Newton,multi_step_line_search_newton,dense_newton,1.0,3,True,1e-06,hgo_qp_true_j2,unload_reload,qp_history_relative_l2,QP history rel L2,1.58629,0.417616,1.72482,0.729173,5,<project-root>\10_results\reports\solver_in_loop_formal_main\multi_hole_14x11\arms\multi_step_line_search_newton\summary.json
Multi-step line-search Newton,multi_step_line_search_newton,dense_newton,1.0,3,True,1e-06,hgo_qp_true_j2,unload_reload,qp_history_increment_relative_l2,QP history-inc rel L2,2.52683,0.928444,2.83059,1.06667,5,<project-root>\10_results\reports\solver_in_loop_formal_main\multi_hole_14x11\arms\multi_step_line_search_newton\summary.json
Multi-step line-search Newton,multi_step_line_search_newton,dense_newton,1.0,3,True,1e-06,hgo_qp_true_j2,unload_reload,qp_reversal_eqp_increment_relative_l2,QP reversal eqp-inc rel L2,2.56421,2.48743,1.56484,0.672869,5,<project-root>\10_results\reports\solver_in_loop_formal_main\multi_hole_14x11\arms\multi_step_line_search_newton\summary.json
Multi-step line-search Newton,multi_step_line_search_newton,dense_newton,1.0,3,True,1e-06,hgo_qp_true_j2,unload_reload,qp_reversal_plastic_work_increment_relative_l2,QP reversal work-inc rel L2,2.66149,2.66146,1.61701,0.681508,5,<project-root>\10_results\reports\solver_in_loop_formal_main\multi_hole_14x11\arms\multi_step_line_search_newton\summary.json
Multi-step line-search Newton,multi_step_line_search_newton,dense_newton,1.0,3,True,1e-06,hgo_qp_true_j2,unload_reload,qp_reversal_yield_flag_mae,QP reversal yield MAE,0.524648,0.32643,0.380282,0.475352,5,<project-root>\10_results\reports\solver_in_loop_formal_main\multi_hole_14x11\arms\multi_step_line_search_newton\summary.json
Multi-step line-search Newton,multi_step_line_search_newton,dense_newton,1.0,3,True,1e-06,hgo_qp_true_j2,unload_reload,fem_residual_relative_rms,FEM residual rel RMS,12.342,9.11366,9.04789,15.9329,5,<project-root>\10_results\reports\solver_in_loop_formal_main\multi_hole_14x11\arms\multi_step_line_search_newton\summary.json
Multi-step line-search Newton,multi_step_line_search_newton,dense_newton,1.0,3,True,1e-06,hgo_qp_true_j2,unload_reload,fem_energy_relative_error,FEM energy rel err,16.6611,11.8093,9.34928,12.534,5,<project-root>\10_results\reports\solver_in_loop_formal_main\multi_hole_14x11\arms\multi_step_line_search_newton\summary.json
Multi-step line-search Newton,multi_step_line_search_newton,dense_newton,1.0,3,True,1e-06,hgo_qp_true_j2,unload_reload,fem_solver_linearized_residual_relative_rms,FEM tangent-solver rel RMS,45.8744,17.5984,49.9074,24.493,5,<project-root>\10_results\reports\solver_in_loop_formal_main\multi_hole_14x11\arms\multi_step_line_search_newton\summary.json
Multi-step line-search Newton,multi_step_line_search_newton,dense_newton,1.0,3,True,1e-06,hgo_qp_true_j2,unload_reload,fem_newton_initial_residual_relative_rms,Newton initial residual rel RMS,11.685,8.49115,8.95895,15.6434,5,<project-root>\10_results\reports\solver_in_loop_formal_main\multi_hole_14x11\arms\multi_step_line_search_newton\summary.json
Multi-step line-search Newton,multi_step_line_search_newton,dense_newton,1.0,3,True,1e-06,hgo_qp_true_j2,unload_reload,fem_newton_final_residual_relative_rms,Newton final residual rel RMS,8.75434e-09,1.00611e-08,4.20052e-09,3.34851e-09,5,<project-root>\10_results\reports\solver_in_loop_formal_main\multi_hole_14x11\arms\multi_step_line_search_newton\summary.json
Multi-step line-search Newton,multi_step_line_search_newton,dense_newton,1.0,3,True,1e-06,hgo_qp_true_j2,unload_reload,fem_newton_residual_ratio,Newton residual ratio,9.91068e-10,7.98662e-10,7.05687e-10,8.95236e-11,5,<project-root>\10_results\reports\solver_in_loop_formal_main\multi_hole_14x11\arms\multi_step_line_search_newton\summary.json
Multi-step line-search Newton,multi_step_line_search_newton,dense_newton,1.0,3,True,1e-06,hgo_qp_true_j2,unload_reload,fem_newton_residual_decrease_fraction,Newton residual decrease,1,0,1,0,5,<project-root>\10_results\reports\solver_in_loop_formal_main\multi_hole_14x11\arms\multi_step_line_search_newton\summary.json
Multi-step line-search Newton,multi_step_line_search_newton,dense_newton,1.0,3,True,1e-06,hgo_qp_true_j2,unload_reload,fem_newton_step_residual_decrease_fraction,Newton step residual decrease,0.994401,0.00436577,0.996789,0.00128382,5,<project-root>\10_results\reports\solver_in_loop_formal_main\multi_hole_14x11\arms\multi_step_line_search_newton\summary.json
Multi-step line-search Newton,multi_step_line_search_newton,dense_newton,1.0,3,True,1e-06,hgo_qp_true_j2,unload_reload,fem_newton_step1_residual_ratio,Newton step1 residual ratio,2.39315e-05,1.2278e-05,2.84831e-05,2.59394e-05,5,<project-root>\10_results\reports\solver_in_loop_formal_main\multi_hole_14x11\arms\multi_step_line_search_newton\summary.json
Multi-step line-search Newton,multi_step_line_search_newton,dense_newton,1.0,3,True,1e-06,hgo_qp_true_j2,unload_reload,fem_newton_step2_residual_ratio,Newton step2 residual ratio,1.29987e-07,9.64461e-08,1.39297e-07,1.11786e-07,5,<project-root>\10_results\reports\solver_in_loop_formal_main\multi_hole_14x11\arms\multi_step_line_search_newton\summary.json
Multi-step line-search Newton,multi_step_line_search_newton,dense_newton,1.0,3,True,1e-06,hgo_qp_true_j2,unload_reload,fem_newton_step3_residual_ratio,Newton step3 residual ratio,9.91068e-10,7.98662e-10,7.05687e-10,8.95236e-11,5,<project-root>\10_results\reports\solver_in_loop_formal_main\multi_hole_14x11\arms\multi_step_line_search_newton\summary.json
Multi-step line-search Newton,multi_step_line_search_newton,dense_newton,1.0,3,True,1e-06,hgo_qp_true_j2,unload_reload,fem_newton_step1_residual_decrease_fraction,Newton step1 residual decrease,0.999976,1.22567e-05,0.999972,2.5928e-05,5,<project-root>\10_results\reports\solver_in_loop_formal_main\multi_hole_14x11\arms\multi_step_line_search_newton\summary.json
Multi-step line-search Newton,multi_step_line_search_newton,dense_newton,1.0,3,True,1e-06,hgo_qp_true_j2,unload_reload,fem_newton_step2_residual_decrease_fraction,Newton step2 residual decrease,1,8.92081e-08,1,1.19209e-07,5,<project-root>\10_results\reports\solver_in_loop_formal_main\multi_hole_14x11\arms\multi_step_line_search_newton\summary.json
Multi-step line-search Newton,multi_step_line_search_newton,dense_newton,1.0,3,True,1e-06,hgo_qp_true_j2,unload_reload,fem_newton_step3_residual_decrease_fraction,Newton step3 residual decrease,1,0,1,0,5,<project-root>\10_results\reports\solver_in_loop_formal_main\multi_hole_14x11\arms\multi_step_line_search_newton\summary.json
Multi-step line-search Newton,multi_step_line_search_newton,dense_newton,1.0,3,True,1e-06,hgo_qp_true_j2,unload_reload,fem_newton_correction_relative_norm,Newton correction rel norm,1.15878,1.01224,0.858287,0.371905,5,<project-root>\10_results\reports\solver_in_loop_formal_main\multi_hole_14x11\arms\multi_step_line_search_newton\summary.json
Multi-step line-search Newton,multi_step_line_search_newton,dense_newton,1.0,3,True,1e-06,hgo_qp_true_j2,unload_reload,fem_newton_accepted_damping,Newton accepted damping,1,0,1,0,5,<project-root>\10_results\reports\solver_in_loop_formal_main\multi_hole_14x11\arms\multi_step_line_search_newton\summary.json
Multi-step line-search Newton,multi_step_line_search_newton,dense_newton,1.0,3,True,1e-06,hgo_qp_true_j2,unload_reload,fem_newton_convergence_rate,Newton convergence rate,1,0,1,0,5,<project-root>\10_results\reports\solver_in_loop_formal_main\multi_hole_14x11\arms\multi_step_line_search_newton\summary.json
Multi-step line-search Newton,multi_step_line_search_newton,dense_newton,1.0,3,True,1e-06,hgo_qp_true_j2,unload_reload,fem_newton_failure_rate,Newton failure rate,0,0,0,0,5,<project-root>\10_results\reports\solver_in_loop_formal_main\multi_hole_14x11\arms\multi_step_line_search_newton\summary.json
