Case,Family,Mesh,Nodes,Elements,Protocol,Train paths,Eval path,Model,Seeds,Source,Disp. rel. L2,Disp. rel. L2 mean,History rel. L2,History rel. L2 mean,QP hist. rel. L2,QP hist. rel. L2 mean,QP hist-inc. rel. L2,QP hist-inc. rel. L2 mean,Reversal hist-inc. rel. L2,Reversal hist-inc. rel. L2 mean,Reversal yield MAE,Reversal yield MAE mean,Yield RMS,Yield RMS mean,Plastic-work viol. target-norm.,Plastic-work viol. target-norm. mean,FEM residual rel. RMS,FEM residual rel. RMS mean,FEM energy rel. err.,FEM energy rel. err. mean
curved_hole_14x11,curved_hole,14x11,532--533,236--237,curriculum,"monotonic,unload_reload",cyclic,hgo_qp_thermo_hard,5,10_results\reports\level4_multigeometry_multipath_qp_hgo\curved_hole_14x11\curriculum\summary.json,"63.95 +/- 15.6; med 64.11, IQR 26.9",63.94894104,"1.07 +/- 0.00932; med 1.075, IQR 0.00494",1.07011027336,"1.759 +/- 0.0132; med 1.766, IQR 0.00905",1.75850923061,"0.9993 +/- 0.0014; med 0.9999, IQR 0.000411",0.999317789078,"1.002 +/- 0.00218; med 1.001, IQR 0.00097",1.00158911943,"0.4106 +/- 0.00163; med 0.4097, IQR 0.000853",0.410552865267,"1.781e-05 +/- 1.65e-05; med 1.017e-05, IQR 1.45e-05",1.78064741931e-05,"0 +/- 0; med 0, IQR 0",0,"123.1 +/- 91.9; med 123.3, IQR 58.9",123.126762199,"7508 +/- 9.8e+03; med 2923, IQR 4.01e+03",7508.37738342
curved_hole_14x11,curved_hole,14x11,532--533,236--237,curriculum,"monotonic,unload_reload",monotonic,hgo_qp_thermo_hard,5,10_results\reports\level4_multigeometry_multipath_qp_hgo\curved_hole_14x11\curriculum\summary.json,"74.83 +/- 18.3; med 74.89, IQR 31.5",74.829347229,"1.434 +/- 0.00954; med 1.438, IQR 0.00492",1.43366699219,"2.248 +/- 0.0155; med 2.257, IQR 0.0108",2.24846615791,"1.003 +/- 0.00459; med 1.001, IQR 0.000531",1.00271377563,"0 +/- 0; med 0, IQR 0",0,"0 +/- 0; med 0, IQR 0",0,"1.781e-05 +/- 1.65e-05; med 1.017e-05, IQR 1.45e-05",1.78066981562e-05,"0 +/- 0; med 0, IQR 0",0,"118.2 +/- 88.3; med 118.3, IQR 56.6",118.211534882,"142.3 +/- 147; med 116.5, IQR 85.8",142.335953331
curved_hole_14x11,curved_hole,14x11,532--533,236--237,curriculum,"monotonic,unload_reload",nonproportional,hgo_qp_thermo_hard,5,10_results\reports\level4_multigeometry_multipath_qp_hgo\curved_hole_14x11\curriculum\summary.json,"60.19 +/- 14.7; med 60.12, IQR 25.3",60.1921974182,"0.907 +/- 0.00603; med 0.9097, IQR 0.00314",0.907007193565,"1.592 +/- 0.0102; med 1.598, IQR 0.00857",1.59243586063,"1.003 +/- 0.00479; med 1.001, IQR 0.00179",1.00315650702,"0 +/- 0; med 0, IQR 0",0,"0 +/- 0; med 0, IQR 0",0,"1.781e-05 +/- 1.65e-05; med 1.017e-05, IQR 1.45e-05",1.78065558714e-05,"0 +/- 0; med 0, IQR 0",0,"95.09 +/- 70.9; med 95.27, IQR 45.5",95.0910934448,"186.8 +/- 217; med 113.7, IQR 129",186.830594635
curved_hole_14x11,curved_hole,14x11,532--533,236--237,curriculum,"monotonic,unload_reload",unload_reload,hgo_qp_thermo_hard,5,10_results\reports\level4_multigeometry_multipath_qp_hgo\curved_hole_14x11\curriculum\summary.json,"67.47 +/- 16.5; med 67.47, IQR 28.4",67.4682136536,"1.177 +/- 0.008; med 1.181, IQR 0.00414",1.17700695992,"1.914 +/- 0.0132; med 1.921, IQR 0.00964",1.91405067444,"1.002 +/- 0.00402; med 1.001, IQR 0.000882",1.00248328447,"1.004 +/- 0.00544; med 1.001, IQR 0.00328",1.00374305248,"0.5332 +/- 0.000669; med 0.5336, IQR 0.000328",0.53323251009,"1.781e-05 +/- 1.65e-05; med 1.017e-05, IQR 1.45e-05",1.78063815213e-05,"0 +/- 0; med 0, IQR 0",0,"110.6 +/- 82.6; med 110.8, IQR 52.9",110.622403336,"167.3 +/- 186; med 122.2, IQR 115",167.254968071
curved_hole_14x11,curved_hole,14x11,532--533,236--237,strict,monotonic,cyclic,hgo_qp_thermo_hard,5,10_results\reports\level4_multigeometry_multipath_qp_hgo\curved_hole_14x11\strict\summary.json,"64.23 +/- 15.9; med 63.85, IQR 26.9",64.2322914124,"1.07 +/- 0.00701; med 1.07, IQR 0.015",1.06997914314,"1.758 +/- 0.00994; med 1.756, IQR 0.0213",1.75812482834,"0.9988 +/- 0.00162; med 0.9999, IQR 0.0028",0.998794949055,"1.001 +/- 0.00141; med 1.001, IQR 0.00281",1.00142765045,"0.4106 +/- 0.00113; med 0.4106, IQR 0.00248",0.410565918684,"2.014e-05 +/- 1.66e-05; med 2.462e-05, IQR 3.54e-05",2.01382102205e-05,"0 +/- 0; med 0, IQR 0",0,"123.4 +/- 92.2; med 123.1, IQR 59.3",123.362738037,"7540 +/- 9.86e+03; med 2948, IQR 3.99e+03",7540.31414642
curved_hole_14x11,curved_hole,14x11,532--533,236--237,strict,monotonic,monotonic,hgo_qp_thermo_hard,5,10_results\reports\level4_multigeometry_multipath_qp_hgo\curved_hole_14x11\strict\summary.json,"75.16 +/- 18.6; med 74.59, IQR 31.5",75.1612838745,"1.434 +/- 0.00703; med 1.433, IQR 0.0147",1.43373372555,"2.248 +/- 0.0115; med 2.245, IQR 0.0244",2.24816913605,"1.003 +/- 0.00316; med 1.001, IQR 0.00618",1.00275548697,"0 +/- 0; med 0, IQR 0",0,"0 +/- 0; med 0, IQR 0",0,"2.014e-05 +/- 1.66e-05; med 2.462e-05, IQR 3.54e-05",2.01384549015e-05,"0 +/- 0; med 0, IQR 0",0,"118.4 +/- 88.6; med 118.3, IQR 56.8",118.440330887,"142.9 +/- 149; med 116.8, IQR 85.7",142.902255058
curved_hole_14x11,curved_hole,14x11,532--533,236--237,strict,monotonic,nonproportional,hgo_qp_thermo_hard,5,10_results\reports\level4_multigeometry_multipath_qp_hgo\curved_hole_14x11\strict\summary.json,"60.46 +/- 15; med 59.88, IQR 25.3",60.4594711304,"0.907 +/- 0.00454; med 0.9068, IQR 0.00942",0.907044732571,"1.592 +/- 0.00776; med 1.589, IQR 0.0162",1.5921569109,"1.003 +/- 0.00278; med 1.002, IQR 0.0057",1.00295760632,"0 +/- 0; med 0, IQR 0",0,"0 +/- 0; med 0, IQR 0",0,"2.014e-05 +/- 1.66e-05; med 2.461e-05, IQR 3.54e-05",2.01381966818e-05,"0 +/- 0; med 0, IQR 0",0,"95.28 +/- 71.1; med 95.28, IQR 45.6",95.2750762939,"187.6 +/- 219; med 114.2, IQR 129",187.570222092
curved_hole_14x11,curved_hole,14x11,532--533,236--237,strict,monotonic,unload_reload,hgo_qp_thermo_hard,5,10_results\reports\level4_multigeometry_multipath_qp_hgo\curved_hole_14x11\strict\summary.json,"67.77 +/- 16.8; med 67.2, IQR 28.4",67.767514801,"1.177 +/- 0.00593; med 1.177, IQR 0.0124",1.17705070972,"1.914 +/- 0.0098; med 1.911, IQR 0.0208",1.91374526024,"1.002 +/- 0.00268; med 1.001, IQR 0.00554",1.00244147778,"1.004 +/- 0.00386; med 1.003, IQR 0.00745",1.00412232876,"0.5332 +/- 0.000438; med 0.5332, IQR 0.000951",0.533246040344,"2.014e-05 +/- 1.66e-05; med 2.462e-05, IQR 3.54e-05",2.01383373422e-05,"0 +/- 0; med 0, IQR 0",0,"110.8 +/- 82.8; med 110.7, IQR 53.2",110.835073662,"168 +/- 188; med 122.7, IQR 114",167.954579735
curved_hole_14x11,curved_hole,14x11,532--533,236--237,upper_bound,"monotonic,unload_reload,cyclic,nonproportional",cyclic,hgo_qp_thermo_hard,5,10_results\reports\level4_multigeometry_multipath_qp_hgo\curved_hole_14x11\upper_bound\summary.json,"15.43 +/- 7.17; med 11.46, IQR 12.4",15.4301020622,"1.075 +/- 0.00306; med 1.077, IQR 0.00278",1.07491598129,"1.765 +/- 0.00535; med 1.768, IQR 0.00427",1.76513915062,"0.9999 +/- 0.000165; med 0.9999, IQR 0.00027",0.999947798252,"1 +/- 0.000685; med 1, IQR 0.000646",1.00040971041,"0.4097 +/- 0.000523; med 0.4094, IQR 0.000525",0.409702062607,"8.771e-06 +/- 9.26e-06; med 3.858e-06, IQR 1.17e-05",8.77092900282e-06,"0 +/- 0; med 0, IQR 0",0,"47.52 +/- 28.7; med 29.28, IQR 27.2",47.5164932251,"987.6 +/- 1.02e+03; med 536.8, IQR 782",987.583435059
curved_hole_14x11,curved_hole,14x11,532--533,236--237,upper_bound,"monotonic,unload_reload,cyclic,nonproportional",monotonic,hgo_qp_thermo_hard,5,10_results\reports\level4_multigeometry_multipath_qp_hgo\curved_hole_14x11\upper_bound\summary.json,"18.03 +/- 8.41; med 13.34, IQR 14.5",18.0304478645,"1.439 +/- 0.00321; med 1.44, IQR 0.00298",1.43862822056,"2.256 +/- 0.00637; med 2.26, IQR 0.0051",2.25625343323,"1 +/- 0.000442; med 1, IQR 0.000795",1.00031601191,"0 +/- 0; med 0, IQR 0",0,"0 +/- 0; med 0, IQR 0",0,"8.771e-06 +/- 9.26e-06; med 3.859e-06, IQR 1.17e-05",8.77125030456e-06,"0 +/- 0; med 0, IQR 0",0,"45.45 +/- 27.6; med 27.62, IQR 26.2",45.4484268188,"20.35 +/- 16.4; med 15.08, IQR 14.5",20.3475930214
curved_hole_14x11,curved_hole,14x11,532--533,236--237,upper_bound,"monotonic,unload_reload,cyclic,nonproportional",nonproportional,hgo_qp_thermo_hard,5,10_results\reports\level4_multigeometry_multipath_qp_hgo\curved_hole_14x11\upper_bound\summary.json,"14.49 +/- 6.77; med 10.72, IQR 11.7",14.4933916092,"0.9101 +/- 0.00206; med 0.9113, IQR 0.00189",0.910139799118,"1.598 +/- 0.00488; med 1.6, IQR 0.00341",1.59750006199,"1.001 +/- 0.000924; med 1, IQR 0.000843",1.00067564249,"0 +/- 0; med 0, IQR 0",0,"0 +/- 0; med 0, IQR 0",0,"8.771e-06 +/- 9.26e-06; med 3.859e-06, IQR 1.17e-05",8.77127259855e-06,"0 +/- 0; med 0, IQR 0",0,"36.86 +/- 22; med 23.49, IQR 21",36.8589588165,"26.48 +/- 26.2; med 11.94, IQR 19.8",26.4843320847
curved_hole_14x11,curved_hole,14x11,532--533,236--237,upper_bound,"monotonic,unload_reload,cyclic,nonproportional",unload_reload,hgo_qp_thermo_hard,5,10_results\reports\level4_multigeometry_multipath_qp_hgo\curved_hole_14x11\upper_bound\summary.json,"16.24 +/- 7.57; med 12, IQR 13",16.239600563,"1.181 +/- 0.0027; med 1.183, IQR 0.0025",1.18116297722,"1.921 +/- 0.00563; med 1.924, IQR 0.00435",1.92061185837,"1 +/- 0.000508; med 1, IQR 0.00062",1.0003562212,"1.001 +/- 0.00126; med 1, IQR 0.00109",1.00102624893,"0.5336 +/- 0.00022; med 0.5337, IQR 0.000231",0.533579087257,"8.771e-06 +/- 9.26e-06; med 3.859e-06, IQR 1.17e-05",8.77089881897e-06,"0 +/- 0; med 0, IQR 0",0,"42.71 +/- 25.7; med 26.55, IQR 24.4",42.7148609161,"23.2 +/- 21.3; med 10.83, IQR 15.5",23.1956804276
curved_hole_16x12,curved_hole,16x12,665--668,299--300,curriculum,"monotonic,unload_reload",cyclic,hgo_qp_thermo_hard,5,10_results\reports\level4_multigeometry_multipath_qp_hgo\curved_hole_16x12\curriculum\summary.json,"173.6 +/- 21.4; med 168.1, IQR 24.4",173.60539856,"0.9738 +/- 0.126; med 1.075, IQR 0.22",0.973822498322,"1.777 +/- 0.156; med 1.882, IQR 0.127",1.77685446739,"1.059 +/- 0.119; med 1, IQR 1.79e-05",1.05940139294,"1 +/- 8.54e-05; med 0.9999, IQR 1.88e-05",0.999981927872,"0.444 +/- 0.0249; med 0.4237, IQR 0.0509",0.444003021717,"0.06634 +/- 0.0835; med 6.042e-07, IQR 0.135",0.066339255838,"0 +/- 0; med 0, IQR 0",0,"162 +/- 145; med 79.12, IQR 136",162.039019012,"1.783e+04 +/- 2.76e+04; med 2506, IQR 1.08e+04",17832.8722839
curved_hole_16x12,curved_hole,16x12,665--668,299--300,curriculum,"monotonic,unload_reload",monotonic,hgo_qp_thermo_hard,5,10_results\reports\level4_multigeometry_multipath_qp_hgo\curved_hole_16x12\curriculum\summary.json,"200 +/- 24.7; med 193.6, IQR 27.9",200.041809082,"1.303 +/- 0.192; med 1.458, IQR 0.342",1.30338571072,"2.297 +/- 0.202; med 2.446, IQR 0.244",2.29658117294,"1.135 +/- 0.269; med 1, IQR 7.47e-05",1.13457659483,"0 +/- 0; med 0, IQR 0",0,"0 +/- 0; med 0, IQR 0",0,"0.06634 +/- 0.0835; med 6.04e-07, IQR 0.135",0.0663392558343,"0 +/- 0; med 0, IQR 0",0,"155.7 +/- 139; med 75.9, IQR 130",155.673822784,"242.7 +/- 238; med 105.5, IQR 209",242.704295349
curved_hole_16x12,curved_hole,16x12,665--668,299--300,curriculum,"monotonic,unload_reload",nonproportional,hgo_qp_thermo_hard,5,10_results\reports\level4_multigeometry_multipath_qp_hgo\curved_hole_16x12\curriculum\summary.json,"160.4 +/- 19.8; med 155.1, IQR 22.3",160.356628418,"0.848 +/- 0.1; med 0.9287, IQR 0.177",0.847982513905,"1.621 +/- 0.145; med 1.709, IQR 0.0695",1.62061669827,"1.174 +/- 0.348; med 1, IQR 6.18e-05",1.17381404638,"0 +/- 0; med 0, IQR 0",0,"0 +/- 0; med 0, IQR 0",0,"0.06634 +/- 0.0835; med 6.041e-07, IQR 0.135",0.0663392556043,"0 +/- 0; med 0, IQR 0",0,"125.1 +/- 112; med 61.05, IQR 105",125.14442749,"387.8 +/- 498; med 107.3, IQR 271",387.759165955
curved_hole_16x12,curved_hole,16x12,665--668,299--300,curriculum,"monotonic,unload_reload",unload_reload,hgo_qp_thermo_hard,5,10_results\reports\level4_multigeometry_multipath_qp_hgo\curved_hole_16x12\curriculum\summary.json,"177.2 +/- 21.9; med 171.4, IQR 24.6",177.211383057,"0.9983 +/- 0.131; med 1.103, IQR 0.228",0.998291254044,"1.845 +/- 0.164; med 1.958, IQR 0.141",1.84503142834,"1.136 +/- 0.273; med 1, IQR 6.81e-05",1.1364479661,"1 +/- 2.64e-05; med 1, IQR 9.6e-06",1.00001182556,"0.4779 +/- 0.00983; med 0.4699, IQR 0.0201",0.477929449081,"0.06634 +/- 0.0835; med 6.044e-07, IQR 0.135",0.0663392559013,"0 +/- 0; med 0, IQR 0",0,"145.6 +/- 130; med 71.05, IQR 122",145.61221962,"292.7 +/- 334; med 96.33, IQR 235",292.690880585
curved_hole_16x12,curved_hole,16x12,665--668,299--300,strict,monotonic,cyclic,hgo_qp_thermo_hard,5,10_results\reports\level4_multigeometry_multipath_qp_hgo\curved_hole_16x12\strict\summary.json,"169.1 +/- 37.1; med 173.5, IQR 24.9",169.089752197,"1.011 +/- 0.128; med 1.075, IQR 0.000103",1.01107904911,"1.812 +/- 0.141; med 1.883, IQR 9.18e-05",1.81203210354,"1 +/- 3.76e-05; med 1, IQR 2.56e-05",1.00008420944,"0.9999 +/- 2.55e-05; med 0.9999, IQR 5.6e-06",0.999940526485,"0.444 +/- 0.0407; med 0.4236, IQR 7.87e-06",0.444000345469,"0.03411 +/- 0.0682; med 5.31e-08, IQR 2.21e-07",0.034106717989,"0 +/- 0; med 0, IQR 0",0,"167.8 +/- 147; med 79.71, IQR 143",167.829880142,"1.87e+04 +/- 2.84e+04; med 2520, IQR 1.27e+04",18695.755426
curved_hole_16x12,curved_hole,16x12,665--668,299--300,strict,monotonic,monotonic,hgo_qp_thermo_hard,5,10_results\reports\level4_multigeometry_multipath_qp_hgo\curved_hole_16x12\strict\summary.json,"194.8 +/- 42.7; med 199.8, IQR 28.5",194.829592896,"1.331 +/- 0.254; med 1.458, IQR 0.000105",1.33113268614,"2.316 +/- 0.262; med 2.447, IQR 8.92e-05",2.31565415859,"1 +/- 0.000153; med 0.9999, IQR 2.69e-05",0.999996256828,"0 +/- 0; med 0, IQR 0",0,"0 +/- 0; med 0, IQR 0",0,"0.03411 +/- 0.0682; med 5.295e-08, IQR 2.21e-07",0.0341067178403,"0 +/- 0; med 0, IQR 0",0,"161.2 +/- 141; med 76.46, IQR 137",161.226458359,"246.1 +/- 249; med 111.8, IQR 243",246.095990753
curved_hole_16x12,curved_hole,16x12,665--668,299--300,strict,monotonic,nonproportional,hgo_qp_thermo_hard,5,10_results\reports\level4_multigeometry_multipath_qp_hgo\curved_hole_16x12\strict\summary.json,"156.2 +/- 34.3; med 160.1, IQR 22.8",156.168032837,"0.8897 +/- 0.0783; med 0.9289, IQR 8.15e-05",0.889733171463,"1.659 +/- 0.1; med 1.709, IQR 5.85e-05",1.65936629772,"1 +/- 0.000117; med 1, IQR 1.23e-05",1.00003693104,"0 +/- 0; med 0, IQR 0",0,"0 +/- 0; med 0, IQR 0",0,"0.03411 +/- 0.0682; med 5.295e-08, IQR 2.21e-07",0.0341067179683,"0 +/- 0; med 0, IQR 0",0,"129.6 +/- 113; med 61.5, IQR 110",129.600127029,"399.3 +/- 517; med 109.6, IQR 340",399.317018127
curved_hole_16x12,curved_hole,16x12,665--668,299--300,strict,monotonic,unload_reload,hgo_qp_thermo_hard,5,10_results\reports\level4_multigeometry_multipath_qp_hgo\curved_hole_16x12\strict\summary.json,"172.6 +/- 37.9; med 176.9, IQR 25.2",172.58927002,"1.035 +/- 0.138; med 1.103, IQR 8.77e-05",1.03464524746,"1.881 +/- 0.155; med 1.958, IQR 6.4e-05",1.88064947128,"1 +/- 0.000132; med 0.9999, IQR 9.54e-06",1.00001040697,"1 +/- 1.17e-05; med 1, IQR 7.03e-06",1.00000721216,"0.4779 +/- 0.0161; med 0.4699, IQR 5.36e-06",0.477927678823,"0.03411 +/- 0.0682; med 5.317e-08, IQR 2.2e-07",0.0341067179299,"0 +/- 0; med 0, IQR 0",0,"150.8 +/- 132; med 71.59, IQR 128",150.803495789,"298.4 +/- 347; med 100.2, IQR 284",298.42101593
curved_hole_16x12,curved_hole,16x12,665--668,299--300,upper_bound,"monotonic,unload_reload,cyclic,nonproportional",cyclic,hgo_qp_thermo_hard,5,10_results\reports\level4_multigeometry_multipath_qp_hgo\curved_hole_16x12\upper_bound\summary.json,"111.4 +/- 66.5; med 72.26, IQR 93.9",111.401042175,"0.9712 +/- 0.129; med 1.072, IQR 0.213",0.971239948273,"1.771 +/- 0.14; med 1.879, IQR 0.218",1.77127299309,"1.025 +/- 0.0505; med 1, IQR 0.000123",1.02483186722,"1.01 +/- 0.0207; med 0.9999, IQR 0.000448",1.01033775806,"0.4449 +/- 0.0259; med 0.4241, IQR 0.0499",0.444868969917,"0.04472 +/- 0.0699; med 6.748e-06, IQR 0.0431",0.0447238894537,"0 +/- 0; med 0, IQR 0",0,"80.31 +/- 39.9; med 91.03, IQR 56.6",80.3148958206,"2346 +/- 1.58e+03; med 2259, IQR 341",2345.57292938
curved_hole_16x12,curved_hole,16x12,665--668,299--300,upper_bound,"monotonic,unload_reload,cyclic,nonproportional",monotonic,hgo_qp_thermo_hard,5,10_results\reports\level4_multigeometry_multipath_qp_hgo\curved_hole_16x12\upper_bound\summary.json,"128.3 +/- 76.7; med 83.18, IQR 108",128.34261322,"1.305 +/- 0.192; med 1.455, IQR 0.314",1.30479886532,"2.288 +/- 0.193; med 2.442, IQR 0.364",2.28849477768,"1.07 +/- 0.133; med 1.001, IQR 0.0151",1.0703581214,"0 +/- 0; med 0, IQR 0",0,"0 +/- 0; med 0, IQR 0",0,"0.04472 +/- 0.0699; med 6.748e-06, IQR 0.0431",0.044723887728,"0 +/- 0; med 0, IQR 0",0,"77.15 +/- 38.3; med 87.4, IQR 54.4",77.1469642639,"89.33 +/- 66.8; med 58.74, IQR 105",89.325107193
curved_hole_16x12,curved_hole,16x12,665--668,299--300,upper_bound,"monotonic,unload_reload,cyclic,nonproportional",nonproportional,hgo_qp_thermo_hard,5,10_results\reports\level4_multigeometry_multipath_qp_hgo\curved_hole_16x12\upper_bound\summary.json,"102.9 +/- 61.5; med 66.55, IQR 87.1",102.851604462,"0.8497 +/- 0.0983; med 0.9269, IQR 0.164",0.849728906155,"1.611 +/- 0.126; med 1.706, IQR 0.181",1.61089098454,"1.096 +/- 0.182; med 1.001, IQR 0.0175",1.09565440416,"0 +/- 0; med 0, IQR 0",0,"0 +/- 0; med 0, IQR 0",0,"0.04472 +/- 0.0699; med 6.748e-06, IQR 0.0431",0.0447238854592,"0 +/- 0; med 0, IQR 0",0,"62.05 +/- 30.7; med 70.3, IQR 43.6",62.0496807098,"82.41 +/- 52.3; med 91.72, IQR 113",82.4079441071
curved_hole_16x12,curved_hole,16x12,665--668,299--300,upper_bound,"monotonic,unload_reload,cyclic,nonproportional",unload_reload,hgo_qp_thermo_hard,5,10_results\reports\level4_multigeometry_multipath_qp_hgo\curved_hole_16x12\upper_bound\summary.json,"113.7 +/- 68; med 73.62, IQR 96.2",113.679689789,"1 +/- 0.129; med 1.101, IQR 0.208",1.00045591593,"1.841 +/- 0.147; med 1.954, IQR 0.229",1.84117968082,"1.075 +/- 0.143; med 1.001, IQR 0.0145",1.07508790493,"1.003 +/- 0.0054; med 1, IQR 0.00101",1.00304481983,"0.4786 +/- 0.0106; med 0.4701, IQR 0.02",0.47859210372,"0.04472 +/- 0.0699; med 6.748e-06, IQR 0.0431",0.0447238876876,"0 +/- 0; med 0, IQR 0",0,"72.18 +/- 35.8; med 81.78, IQR 50.8",72.1835723877,"84.09 +/- 53.6; med 81.57, IQR 109",84.0859111786
curved_hole_18x14,curved_hole,18x14,880--881,400--401,curriculum,"monotonic,unload_reload",cyclic,hgo_qp_thermo_hard,5,10_results\reports\level4_multigeometry_multipath_qp_hgo\curved_hole_18x14\curriculum\summary.json,"55.46 +/- 22.4; med 56.33, IQR 5.98",55.458757019,"1.238 +/- 0.166; med 1.366, IQR 0.254",1.23823353052,"1.947 +/- 0.168; med 2.078, IQR 0.281",1.94658641815,"1.021 +/- 0.0416; med 1, IQR 0.000331",1.02098686695,"1.014 +/- 0.0274; med 1, IQR 0.000417",1.01377215385,"0.5425 +/- 0.0159; med 0.5553, IQR 0.0269",0.542522215843,"0.03753 +/- 0.0645; med 8.049e-06, IQR 0.0224",0.0375314164785,"0 +/- 0; med 0, IQR 0",0,"100.1 +/- 76.3; med 83.67, IQR 35.4",100.106154251,"2517 +/- 3.05e+03; med 865.3, IQR 1.77e+03",2516.95169067
curved_hole_18x14,curved_hole,18x14,880--881,400--401,curriculum,"monotonic,unload_reload",monotonic,hgo_qp_thermo_hard,5,10_results\reports\level4_multigeometry_multipath_qp_hgo\curved_hole_18x14\curriculum\summary.json,"72.9 +/- 29.5; med 74.04, IQR 7.88",72.8991798401,"1.713 +/- 0.245; med 1.902, IQR 0.361",1.71346678734,"2.825 +/- 0.254; med 3.024, IQR 0.425",2.82543811798,"1.083 +/- 0.165; med 1, IQR 0.00139",1.0827190876,"0 +/- 0; med 0, IQR 0",0,"0 +/- 0; med 0, IQR 0",0,"0.03753 +/- 0.0645; med 8.048e-06, IQR 0.0224",0.037531411369,"0 +/- 0; med 0, IQR 0",0,"96.17 +/- 73.3; med 80.56, IQR 33.9",96.1675605774,"77.85 +/- 97; med 33.39, IQR 30.6",77.8485967636
curved_hole_18x14,curved_hole,18x14,880--881,400--401,curriculum,"monotonic,unload_reload",nonproportional,hgo_qp_thermo_hard,5,10_results\reports\level4_multigeometry_multipath_qp_hgo\curved_hole_18x14\curriculum\summary.json,"60.64 +/- 24.5; med 61.64, IQR 6.69",60.6390449524,"1.201 +/- 0.158; med 1.323, IQR 0.238",1.20062868595,"2.005 +/- 0.188; med 2.153, IQR 0.315",2.00527248383,"1.106 +/- 0.211; med 1.001, IQR 0.00154",1.10588612556,"0 +/- 0; med 0, IQR 0",0,"0 +/- 0; med 0, IQR 0",0,"0.03753 +/- 0.0645; med 8.049e-06, IQR 0.0224",0.0375314099613,"0 +/- 0; med 0, IQR 0",0,"77.32 +/- 58.9; med 64.77, IQR 27.1",77.3243301392,"112.5 +/- 150; med 43.68, IQR 67.6",112.461922455
curved_hole_18x14,curved_hole,18x14,880--881,400--401,curriculum,"monotonic,unload_reload",unload_reload,hgo_qp_thermo_hard,5,10_results\reports\level4_multigeometry_multipath_qp_hgo\curved_hole_18x14\curriculum\summary.json,"65.38 +/- 26.4; med 66.46, IQR 7.17",65.383158493,"1.409 +/- 0.194; med 1.559, IQR 0.289",1.4092654705,"2.34 +/- 0.214; med 2.508, IQR 0.358",2.34026451111,"1.095 +/- 0.188; med 1, IQR 0.00159",1.09459757805,"1.003 +/- 0.00542; med 1, IQR 0.000708",1.00307166576,"0.628 +/- 0.0552; med 0.6725, IQR 0.11",0.627960920334,"0.03753 +/- 0.0645; med 8.049e-06, IQR 0.0224",0.0375314116171,"0 +/- 0; med 0, IQR 0",0,"90 +/- 68.6; med 75.38, IQR 31.6",89.9987216949,"89.48 +/- 118; med 39.57, IQR 21",89.4826917648
curved_hole_18x14,curved_hole,18x14,880--881,400--401,strict,monotonic,cyclic,hgo_qp_thermo_hard,5,10_results\reports\level4_multigeometry_multipath_qp_hgo\curved_hole_18x14\strict\summary.json,"56.61 +/- 22.4; med 60.6, IQR 5.46",56.6053825378,"1.289 +/- 0.159; med 1.369, IQR 0.00118",1.28927469254,"2.003 +/- 0.157; med 2.082, IQR 0.00163",2.00318319798,"1 +/- 0.000145; med 1, IQR 6.79e-05",1.00016012192,"1 +/- 5.51e-05; med 0.9999, IQR 1.81e-05",0.999970936775,"0.5479 +/- 0.0147; med 0.5553, IQR 0",0.547909080982,"0.03317 +/- 0.0663; med 5.01e-08, IQR 3.27e-06",0.0331661873891,"0 +/- 0; med 0, IQR 0",0,"99.5 +/- 76.9; med 66.53, IQR 45.9",99.5029766083,"2383 +/- 3.07e+03; med 860.1, IQR 853",2383.35089417
curved_hole_18x14,curved_hole,18x14,880--881,400--401,strict,monotonic,monotonic,hgo_qp_thermo_hard,5,10_results\reports\level4_multigeometry_multipath_qp_hgo\curved_hole_18x14\strict\summary.json,"74.4 +/- 29.4; med 79.63, IQR 7.17",74.4033149719,"1.786 +/- 0.237; med 1.905, IQR 0.00139",1.78601443768,"2.911 +/- 0.236; med 3.029, IQR 0.00227",2.91109595299,"1 +/- 0.000499; med 0.9999, IQR 0.000259",1.00016577244,"0 +/- 0; med 0, IQR 0",0,"0 +/- 0; med 0, IQR 0",0,"0.03317 +/- 0.0663; med 5.038e-08, IQR 3.27e-06",0.0331661815343,"0 +/- 0; med 0, IQR 0",0,"95.57 +/- 73.8; med 63.97, IQR 44",95.5664512634,"77.45 +/- 97.8; med 33.58, IQR 39.8",77.4460022926
curved_hole_18x14,curved_hole,18x14,880--881,400--401,strict,monotonic,nonproportional,hgo_qp_thermo_hard,5,10_results\reports\level4_multigeometry_multipath_qp_hgo\curved_hole_18x14\strict\summary.json,"61.89 +/- 24.5; med 66.16, IQR 5.99",61.8873157501,"1.249 +/- 0.153; med 1.325, IQR 0.00102",1.2485763669,"2.069 +/- 0.175; med 2.157, IQR 0.00155",2.06879601479,"1 +/- 0.000561; med 1, IQR 0.000137",1.00035927296,"0 +/- 0; med 0, IQR 0",0,"0 +/- 0; med 0, IQR 0",0,"0.03317 +/- 0.0663; med 5.023e-08, IQR 3.27e-06",0.0331661874051,"0 +/- 0; med 0, IQR 0",0,"76.83 +/- 59.4; med 51.38, IQR 35.3",76.8310115814,"107.4 +/- 152; med 48.06, IQR 35.5",107.372542381
curved_hole_18x14,curved_hole,18x14,880--881,400--401,strict,monotonic,unload_reload,hgo_qp_thermo_hard,5,10_results\reports\level4_multigeometry_multipath_qp_hgo\curved_hole_18x14\strict\summary.json,"66.73 +/- 26.4; med 71.37, IQR 6.43",66.7320552826,"1.467 +/- 0.188; med 1.561, IQR 0.00118",1.46737260818,"2.412 +/- 0.199; med 2.512, IQR 0.00187",2.41240010262,"1 +/- 0.000575; med 1, IQR 0.000167",1.00026898384,"1 +/- 0.000157; med 1, IQR 0.000253",1.00024273396,"0.6502 +/- 0.0462; med 0.6733, IQR 0.000262",0.650155293941,"0.03317 +/- 0.0663; med 5.046e-08, IQR 3.27e-06",0.0331661813909,"0 +/- 0; med 0, IQR 0",0,"89.43 +/- 69.1; med 59.83, IQR 41.1",89.4314792633,"88 +/- 120; med 29.34, IQR 32.5",87.9973431587
curved_hole_18x14,curved_hole,18x14,880--881,400--401,upper_bound,"monotonic,unload_reload,cyclic,nonproportional",cyclic,hgo_qp_thermo_hard,5,10_results\reports\level4_multigeometry_multipath_qp_hgo\curved_hole_18x14\upper_bound\summary.json,"14.37 +/- 4.43; med 12.72, IQR 0.801",14.37178936,"1.361 +/- 0.017; med 1.369, IQR 0.00011",1.36067485809,"2.071 +/- 0.0214; med 2.082, IQR 0.000243",2.07129716873,"1 +/- 0.000259; med 1, IQR 8.34e-07",1.00000475645,"1.002 +/- 0.00403; med 0.9999, IQR 7.39e-06",1.00195485353,"0.5552 +/- 9.79e-05; med 0.5553, IQR 0",0.555229568481,"9.559e-06 +/- 1.9e-05; med 5.123e-08, IQR 2.72e-08",9.55927425537e-06,"0 +/- 0; med 0, IQR 0",0,"52.16 +/- 30.2; med 45.54, IQR 10.3",52.1584163666,"605.6 +/- 553; med 410.7, IQR 356",605.647088623
curved_hole_18x14,curved_hole,18x14,880--881,400--401,upper_bound,"monotonic,unload_reload,cyclic,nonproportional",monotonic,hgo_qp_thermo_hard,5,10_results\reports\level4_multigeometry_multipath_qp_hgo\curved_hole_18x14\upper_bound\summary.json,"18.86 +/- 5.82; med 16.68, IQR 1",18.8604076385,"1.894 +/- 0.0212; med 1.905, IQR 0.000128",1.89433438778,"3.015 +/- 0.0294; med 3.029, IQR 0.000366",3.01497454643,"1.005 +/- 0.00987; med 0.9999, IQR 4.4e-05",1.0048088789,"0 +/- 0; med 0, IQR 0",0,"0 +/- 0; med 0, IQR 0",0,"9.559e-06 +/- 1.9e-05; med 5.122e-08, IQR 2.71e-08",9.5593468437e-06,"0 +/- 0; med 0, IQR 0",0,"49.98 +/- 29.1; med 43.61, IQR 10.1",49.9771320343,"24.09 +/- 8.6; med 26.19, IQR 12.5",24.0901866913
curved_hole_18x14,curved_hole,18x14,880--881,400--401,upper_bound,"monotonic,unload_reload,cyclic,nonproportional",nonproportional,hgo_qp_thermo_hard,5,10_results\reports\level4_multigeometry_multipath_qp_hgo\curved_hole_18x14\upper_bound\summary.json,"15.7 +/- 4.78; med 13.92, IQR 0.719",15.7021009445,"1.318 +/- 0.0151; med 1.325, IQR 9.5e-05",1.3176418066,"2.147 +/- 0.0204; med 2.157, IQR 0.00028",2.14654231071,"1.005 +/- 0.00962; med 1, IQR 0.000168",1.00486700535,"0 +/- 0; med 0, IQR 0",0,"0 +/- 0; med 0, IQR 0",0,"9.559e-06 +/- 1.9e-05; med 5.129e-08, IQR 2.64e-08",9.55943282932e-06,"0 +/- 0; med 0, IQR 0",0,"40.19 +/- 23.2; med 35.1, IQR 8.1",40.186132431,"28.63 +/- 20.4; med 20.34, IQR 16.8",28.6318901539
curved_hole_18x14,curved_hole,18x14,880--881,400--401,upper_bound,"monotonic,unload_reload,cyclic,nonproportional",unload_reload,hgo_qp_thermo_hard,5,10_results\reports\level4_multigeometry_multipath_qp_hgo\curved_hole_18x14\upper_bound\summary.json,"16.93 +/- 5.19; med 15.02, IQR 0.848",16.9279064178,"1.553 +/- 0.0178; med 1.561, IQR 0.000109",1.55262508392,"2.5 +/- 0.0243; med 2.512, IQR 0.000314",2.50004243851,"1.004 +/- 0.00782; med 1, IQR 8.94e-05",1.0038684845,"1.006 +/- 0.0121; med 1, IQR 0.000355",1.0062792778,"0.6698 +/- 0.00698; med 0.6733, IQR 1.37e-06",0.669825160503,"9.559e-06 +/- 1.9e-05; med 5.114e-08, IQR 2.76e-08",9.55938036782e-06,"0 +/- 0; med 0, IQR 0",0,"46.76 +/- 27.1; med 40.84, IQR 9.48",46.7610565186,"23.67 +/- 17; med 18.85, IQR 11.5",23.6746414661
curved_hole_20x15,curved_hole,20x15,1055--1059,483--485,curriculum,"monotonic,unload_reload",cyclic,hgo_qp_thermo_hard,5,10_results\reports\level4_multigeometry_multipath_qp_hgo\curved_hole_20x15\curriculum\summary.json,"50.75 +/- 24.9; med 47.26, IQR 51.5",50.7454166412,"0.9571 +/- 0.123; med 1.056, IQR 0.22",0.957094943523,"1.706 +/- 0.146; med 1.813, IQR 0.182",1.70572891235,"1.047 +/- 0.0932; med 1, IQR 5.17e-05",1.046699512,"1 +/- 0.00037; med 1, IQR 0.000142",1.00014606714,"0.4555 +/- 0.0198; med 0.4395, IQR 0.0405",0.455463021994,"0.0591 +/- 0.076; med 6.386e-06, IQR 0.111",0.0591028641888,"0 +/- 0; med 0, IQR 0",0,"54.75 +/- 26.1; med 48.9, IQR 12.7",54.7471088409,"2425 +/- 1.79e+03; med 1944, IQR 1.85e+03",2424.62480469
curved_hole_20x15,curved_hole,20x15,1055--1059,483--485,curriculum,"monotonic,unload_reload",monotonic,hgo_qp_thermo_hard,5,10_results\reports\level4_multigeometry_multipath_qp_hgo\curved_hole_20x15\curriculum\summary.json,"61.69 +/- 30.2; med 57.33, IQR 62.4",61.6925994873,"1.579 +/- 0.243; med 1.773, IQR 0.434",1.57852840424,"2.652 +/- 0.231; med 2.831, IQR 0.357",2.65188479424,"1.129 +/- 0.258; med 1, IQR 0.000507",1.12895724773,"0 +/- 0; med 0, IQR 0",0,"0 +/- 0; med 0, IQR 0",0,"0.0591 +/- 0.076; med 6.386e-06, IQR 0.111",0.0591028641218,"0 +/- 0; med 0, IQR 0",0,"52.58 +/- 25; med 47, IQR 12.1",52.5806274414,"31.61 +/- 17.4; med 25.45, IQR 3.76",31.6097736359
curved_hole_20x15,curved_hole,20x15,1055--1059,483--485,curriculum,"monotonic,unload_reload",nonproportional,hgo_qp_thermo_hard,5,10_results\reports\level4_multigeometry_multipath_qp_hgo\curved_hole_20x15\curriculum\summary.json,"45.03 +/- 22; med 41.71, IQR 45.4",45.0322856903,"0.9785 +/- 0.125; med 1.078, IQR 0.213",0.978536164761,"1.71 +/- 0.14; med 1.812, IQR 0.163",1.71036114693,"1.128 +/- 0.256; med 1, IQR 0.000313",1.1282040596,"0 +/- 0; med 0, IQR 0",0,"0 +/- 0; med 0, IQR 0",0,"0.0591 +/- 0.076; med 6.387e-06, IQR 0.111",0.0591028642855,"0 +/- 0; med 0, IQR 0",0,"42.27 +/- 20.1; med 37.79, IQR 9.8",42.2676139832,"31.92 +/- 19.9; med 25.54, IQR 3.5",31.9161518097
curved_hole_20x15,curved_hole,20x15,1055--1059,483--485,curriculum,"monotonic,unload_reload",unload_reload,hgo_qp_thermo_hard,5,10_results\reports\level4_multigeometry_multipath_qp_hgo\curved_hole_20x15\curriculum\summary.json,"50.46 +/- 24.7; med 46.81, IQR 50.9",50.4616699219,"1.109 +/- 0.156; med 1.235, IQR 0.285",1.10924614668,"1.944 +/- 0.166; med 2.069, IQR 0.219",1.94407172203,"1.193 +/- 0.386; med 1, IQR 0.000254",1.19319945574,"1 +/- 0.000232; med 1, IQR 3.34e-05",1.00011981726,"0.5499 +/- 0.0222; med 0.5678, IQR 0.0454",0.549851894379,"0.0591 +/- 0.076; med 6.386e-06, IQR 0.111",0.0591028671955,"0 +/- 0; med 0, IQR 0",0,"49.2 +/- 23.4; med 44, IQR 11.4",49.2034793854,"29.82 +/- 18.3; med 22.29, IQR 5.25",29.8160715103
curved_hole_20x15,curved_hole,20x15,1055--1059,483--485,strict,monotonic,cyclic,hgo_qp_thermo_hard,5,10_results\reports\level4_multigeometry_multipath_qp_hgo\curved_hole_20x15\strict\summary.json,"49.87 +/- 22.9; med 46.65, IQR 47",49.8719047546,"0.9571 +/- 0.123; med 1.056, IQR 0.22",0.957149660587,"1.706 +/- 0.146; med 1.813, IQR 0.182",1.70573227406,"1.046 +/- 0.0923; med 1, IQR 5.95e-05",1.04623106718,"1 +/- 0.000442; med 1, IQR 0.000155",1.00018450022,"0.4555 +/- 0.0198; med 0.4395, IQR 0.0406",0.455467349291,"0.059 +/- 0.0759; med 6.753e-06, IQR 0.111",0.0590017469394,"0 +/- 0; med 0, IQR 0",0,"53.78 +/- 26.3; med 46.69, IQR 9.08",53.7842830658,"2308 +/- 1.77e+03; med 1619, IQR 1.84e+03",2307.86905518
curved_hole_20x15,curved_hole,20x15,1055--1059,483--485,strict,monotonic,monotonic,hgo_qp_thermo_hard,5,10_results\reports\level4_multigeometry_multipath_qp_hgo\curved_hole_20x15\strict\summary.json,"60.6 +/- 27.8; med 56.6, IQR 57.2",60.5973655701,"1.579 +/- 0.243; med 1.773, IQR 0.434",1.57864444256,"2.652 +/- 0.231; med 2.831, IQR 0.357",2.65192160606,"1.128 +/- 0.256; med 1, IQR 0.00056",1.12782193422,"0 +/- 0; med 0, IQR 0",0,"0 +/- 0; med 0, IQR 0",0,"0.059 +/- 0.0759; med 6.754e-06, IQR 0.111",0.0590017468739,"0 +/- 0; med 0, IQR 0",0,"51.66 +/- 25.2; med 44.88, IQR 8.63",51.6568447113,"29.68 +/- 18; med 25.12, IQR 7.02",29.6844493866
curved_hole_20x15,curved_hole,20x15,1055--1059,483--485,strict,monotonic,nonproportional,hgo_qp_thermo_hard,5,10_results\reports\level4_multigeometry_multipath_qp_hgo\curved_hole_20x15\strict\summary.json,"44.21 +/- 20.2; med 41.19, IQR 41.7",44.2071800232,"0.9786 +/- 0.125; med 1.078, IQR 0.213",0.978591883183,"1.71 +/- 0.14; med 1.812, IQR 0.163",1.71035985947,"1.127 +/- 0.254; med 1, IQR 0.000322",1.12715529203,"0 +/- 0; med 0, IQR 0",0,"0 +/- 0; med 0, IQR 0",0,"0.059 +/- 0.0759; med 6.753e-06, IQR 0.111",0.0590017438482,"0 +/- 0; med 0, IQR 0",0,"41.52 +/- 20.3; med 36.02, IQR 7.07",41.5229694366,"29.29 +/- 20; med 23.03, IQR 4.49",29.2920255661
curved_hole_20x15,curved_hole,20x15,1055--1059,483--485,strict,monotonic,unload_reload,hgo_qp_thermo_hard,5,10_results\reports\level4_multigeometry_multipath_qp_hgo\curved_hole_20x15\strict\summary.json,"49.55 +/- 22.7; med 46.21, IQR 46.8",49.5510940552,"1.109 +/- 0.156; med 1.235, IQR 0.285",1.1093123436,"1.944 +/- 0.166; med 2.068, IQR 0.219",1.94407625198,"1.192 +/- 0.383; med 1, IQR 0.000274",1.19160228968,"1 +/- 0.00026; med 1, IQR 4.23e-05",1.00013543367,"0.5498 +/- 0.0222; med 0.5678, IQR 0.0454",0.549849796295,"0.059 +/- 0.0759; med 6.754e-06, IQR 0.111",0.0590017454652,"0 +/- 0; med 0, IQR 0",0,"48.34 +/- 23.6; med 41.95, IQR 8.21",48.3376270294,"27.47 +/- 19.1; med 22.2, IQR 9.52",27.4747045517
curved_hole_20x15,curved_hole,20x15,1055--1059,483--485,upper_bound,"monotonic,unload_reload,cyclic,nonproportional",cyclic,hgo_qp_thermo_hard,5,10_results\reports\level4_multigeometry_multipath_qp_hgo\curved_hole_20x15\upper_bound\summary.json,"14.31 +/- 5.7; med 13.9, IQR 9.14",14.3062459946,"1.057 +/- 0.000299; med 1.057, IQR 0.000126",1.05708303452,"1.815 +/- 0.000321; med 1.815, IQR 0.000135",1.81547503471,"1 +/- 3.74e-05; med 1, IQR 2.86e-05",1.00015361309,"1 +/- 4.24e-05; med 1, IQR 2.48e-05",1.00014176369,"0.4392 +/- 1.5e-06; med 0.4392, IQR 1.28e-06",0.439176803827,"7.853e-08 +/- 3.85e-08; med 7.008e-08, IQR 2.21e-08",7.85298354344e-08,"0 +/- 0; med 0, IQR 0",0,"36.57 +/- 17.5; med 35.98, IQR 20.9",36.567640686,"1308 +/- 1.09e+03; med 1229, IQR 1.06e+03",1308.07919312
curved_hole_20x15,curved_hole,20x15,1055--1059,483--485,upper_bound,"monotonic,unload_reload,cyclic,nonproportional",monotonic,hgo_qp_thermo_hard,5,10_results\reports\level4_multigeometry_multipath_qp_hgo\curved_hole_20x15\upper_bound\summary.json,"17.44 +/- 7.01; med 16.83, IQR 11.2",17.4378572464,"1.775 +/- 0.000357; med 1.775, IQR 0.000151",1.77516996861,"2.834 +/- 0.00044; med 2.834, IQR 0.000182",2.83441843987,"0.9998 +/- 3.58e-05; med 0.9998, IQR 2.43e-05",0.999798488617,"0 +/- 0; med 0, IQR 0",0,"0 +/- 0; med 0, IQR 0",0,"7.853e-08 +/- 3.86e-08; med 7.047e-08, IQR 2.21e-08",7.85342471943e-08,"0 +/- 0; med 0, IQR 0",0,"35.14 +/- 16.8; med 34.74, IQR 20.2",35.1362812042,"15.53 +/- 7.85; med 11.28, IQR 2.4",15.5290390015
curved_hole_20x15,curved_hole,20x15,1055--1059,483--485,upper_bound,"monotonic,unload_reload,cyclic,nonproportional",nonproportional,hgo_qp_thermo_hard,5,10_results\reports\level4_multigeometry_multipath_qp_hgo\curved_hole_20x15\upper_bound\summary.json,"12.76 +/- 5.19; med 12.34, IQR 8.3",12.7572400093,"1.079 +/- 0.000248; med 1.079, IQR 0.000103",1.078815341,"1.814 +/- 0.000258; med 1.814, IQR 0.000106",1.81390032768,"0.9999 +/- 1.88e-05; med 0.9999, IQR 9e-06",0.999875485897,"0 +/- 0; med 0, IQR 0",0,"0 +/- 0; med 0, IQR 0",0,"7.835e-08 +/- 3.85e-08; med 7.011e-08, IQR 2.22e-08",7.83538723681e-08,"0 +/- 0; med 0, IQR 0",0,"28.43 +/- 13.5; med 27.78, IQR 16.1",28.4260608673,"17.77 +/- 12.1; med 13.15, IQR 2.52",17.7746977806
curved_hole_20x15,curved_hole,20x15,1055--1059,483--485,upper_bound,"monotonic,unload_reload,cyclic,nonproportional",unload_reload,hgo_qp_thermo_hard,5,10_results\reports\level4_multigeometry_multipath_qp_hgo\curved_hole_20x15\upper_bound\summary.json,"14.26 +/- 5.78; med 13.81, IQR 9.24",14.2635449409,"1.236 +/- 0.000275; med 1.236, IQR 0.000116",1.23632760048,"2.071 +/- 0.000306; med 2.071, IQR 0.000128",2.0710545063,"1 +/- 3.26e-05; med 1, IQR 1.39e-05",0.999990308285,"1 +/- 1.77e-05; med 1, IQR 4.89e-06",1.0000135541,"0.568 +/- 1.08e-06; med 0.568, IQR 8.94e-07",0.568040204048,"7.843e-08 +/- 3.84e-08; med 7.006e-08, IQR 2.21e-08",7.84252947028e-08,"0 +/- 0; med 0, IQR 0",0,"32.97 +/- 15.7; med 32.39, IQR 18.8",32.9683259964,"15.94 +/- 9.31; med 12.84, IQR 1.43",15.9429195404
multi_hole_14x11,multi_hole,14x11,530--532,231--233,curriculum,"monotonic,unload_reload",cyclic,hgo_qp_thermo_hard,5,10_results\reports\level4_multigeometry_multipath_qp_hgo\multi_hole_14x11\curriculum\summary.json,"78.3 +/- 14.6; med 70.9, IQR 21.3",78.2967201233,"1.172 +/- 0.00687; med 1.174, IQR 0.00261",1.17207996845,"1.946 +/- 0.0105; med 1.95, IQR 0.0042",1.94630761147,"0.9998 +/- 0.00066; med 1, IQR 0.00018",0.999785780907,"1 +/- 0.000238; med 0.9999, IQR 0.000446",1.00011634827,"0.4563 +/- 0.000452; med 0.4561, IQR 0.000169",0.456294447184,"1.137e-05 +/- 1.36e-05; med 9.588e-06, IQR 9.34e-06",1.13654941075e-05,"0 +/- 0; med 0, IQR 0",0,"75.14 +/- 54.1; med 54.78, IQR 71.6",75.1435810089,"4357 +/- 5.91e+03; med 1510, IQR 1.59e+03",4356.61027832
multi_hole_14x11,multi_hole,14x11,530--532,231--233,curriculum,"monotonic,unload_reload",monotonic,hgo_qp_thermo_hard,5,10_results\reports\level4_multigeometry_multipath_qp_hgo\multi_hole_14x11\curriculum\summary.json,"84.34 +/- 15.8; med 76.44, IQR 23.2",84.3379272461,"1.739 +/- 0.00862; med 1.742, IQR 0.00349",1.73900518417,"2.636 +/- 0.0131; med 2.639, IQR 0.00513",2.63555545807,"1.002 +/- 0.00376; med 1, IQR 0.00056",1.00201433897,"0 +/- 0; med 0, IQR 0",0,"0 +/- 0; med 0, IQR 0",0,"1.137e-05 +/- 1.36e-05; med 9.589e-06, IQR 9.34e-06",1.13653696246e-05,"0 +/- 0; med 0, IQR 0",0,"72.2 +/- 52; med 52.59, IQR 68.6",72.2005012512,"66.59 +/- 39.6; med 50.15, IQR 80.9",66.5868320465
multi_hole_14x11,multi_hole,14x11,530--532,231--233,curriculum,"monotonic,unload_reload",nonproportional,hgo_qp_thermo_hard,5,10_results\reports\level4_multigeometry_multipath_qp_hgo\multi_hole_14x11\curriculum\summary.json,"63.14 +/- 11.9; med 57.25, IQR 17.4",63.1370429993,"0.9234 +/- 0.00442; med 0.925, IQR 0.00189",0.923366332054,"1.59 +/- 0.00797; med 1.593, IQR 0.00346",1.58992817402,"1.002 +/- 0.00318; med 1.001, IQR 0.000728",1.00185070038,"0 +/- 0; med 0, IQR 0",0,"0 +/- 0; med 0, IQR 0",0,"1.137e-05 +/- 1.36e-05; med 9.589e-06, IQR 9.34e-06",1.13653295728e-05,"0 +/- 0; med 0, IQR 0",0,"58.03 +/- 41.7; med 42.27, IQR 55",58.0340909958,"82.1 +/- 71.7; med 54.18, IQR 64",82.1013105392
multi_hole_14x11,multi_hole,14x11,530--532,231--233,curriculum,"monotonic,unload_reload",unload_reload,hgo_qp_thermo_hard,5,10_results\reports\level4_multigeometry_multipath_qp_hgo\multi_hole_14x11\curriculum\summary.json,"81.06 +/- 15.2; med 73.49, IQR 22.3",81.0632362366,"1.368 +/- 0.00674; med 1.37, IQR 0.00272",1.36781129837,"2.162 +/- 0.0107; med 2.165, IQR 0.00438",2.16205883026,"1.001 +/- 0.00246; med 1, IQR 0.000701",1.00135806799,"1.002 +/- 0.00352; med 1, IQR 0.00109",1.00210460424,"0.592 +/- 0.00166; med 0.5926, IQR 0.000544",0.591993844509,"1.137e-05 +/- 1.36e-05; med 9.59e-06, IQR 9.34e-06",1.13654488231e-05,"0 +/- 0; med 0, IQR 0",0,"67.54 +/- 48.6; med 49.2, IQR 64.1",67.5352645874,"75.96 +/- 53.6; med 53.54, IQR 81.2",75.959482193
multi_hole_14x11,multi_hole,14x11,530--532,231--233,strict,monotonic,cyclic,hgo_qp_thermo_hard,5,10_results\reports\level4_multigeometry_multipath_qp_hgo\multi_hole_14x11\strict\summary.json,"75.09 +/- 20.2; med 71.13, IQR 21.7",75.089730835,"1.171 +/- 0.00707; med 1.174, IQR 0.0106",1.17057433128,"1.943 +/- 0.0127; med 1.949, IQR 0.016",1.94290533066,"0.9998 +/- 0.000503; med 1, IQR 0.00048",0.999784708023,"1.001 +/- 0.00116; med 0.9999, IQR 0.000455",1.0005643487,"0.4564 +/- 0.000497; med 0.4562, IQR 0.000652",0.456429898739,"1.514e-05 +/- 1.41e-05; med 1.109e-05, IQR 2.5e-05",1.51404572421e-05,"0 +/- 0; med 0, IQR 0",0,"82.11 +/- 66.3; med 55.14, IQR 71.4",82.1117599487,"5233 +/- 7.66e+03; med 1507, IQR 1.6e+03",5233.47981873
multi_hole_14x11,multi_hole,14x11,530--532,231--233,strict,monotonic,monotonic,hgo_qp_thermo_hard,5,10_results\reports\level4_multigeometry_multipath_qp_hgo\multi_hole_14x11\strict\summary.json,"80.88 +/- 21.9; med 76.48, IQR 23.4",80.8781860352,"1.737 +/- 0.00905; med 1.741, IQR 0.013",1.73703958988,"2.632 +/- 0.0154; med 2.638, IQR 0.0198",2.63158378601,"1.002 +/- 0.00231; med 1.001, IQR 0.00474",1.00213465691,"0 +/- 0; med 0, IQR 0",0,"0 +/- 0; med 0, IQR 0",0,"1.514e-05 +/- 1.41e-05; med 1.109e-05, IQR 2.5e-05",1.51403781288e-05,"0 +/- 0; med 0, IQR 0",0,"78.89 +/- 63.7; med 52.94, IQR 68.4",78.8927272797,"79.86 +/- 58.7; med 51.5, IQR 81.7",79.859810257
multi_hole_14x11,multi_hole,14x11,530--532,231--233,strict,monotonic,nonproportional,hgo_qp_thermo_hard,5,10_results\reports\level4_multigeometry_multipath_qp_hgo\multi_hole_14x11\strict\summary.json,"60.53 +/- 16.5; med 57.18, IQR 17.5",60.5296592712,"0.9224 +/- 0.00468; med 0.9243, IQR 0.0068",0.922386312485,"1.587 +/- 0.0103; med 1.592, IQR 0.012",1.58696680069,"1.002 +/- 0.00245; med 1.001, IQR 0.00405",1.00221304893,"0 +/- 0; med 0, IQR 0",0,"0 +/- 0; med 0, IQR 0",0,"1.514e-05 +/- 1.41e-05; med 1.109e-05, IQR 2.5e-05",1.51404665644e-05,"0 +/- 0; med 0, IQR 0",0,"63.43 +/- 51.2; med 42.54, IQR 54.9",63.4330158234,"97.9 +/- 101; med 54.97, IQR 64.5",97.8966745377
multi_hole_14x11,multi_hole,14x11,530--532,231--233,strict,monotonic,unload_reload,hgo_qp_thermo_hard,5,10_results\reports\level4_multigeometry_multipath_qp_hgo\multi_hole_14x11\strict\summary.json,"77.73 +/- 21.1; med 73.48, IQR 22.5",77.7338386536,"1.366 +/- 0.00706; med 1.369, IQR 0.0102",1.3662886858,"2.158 +/- 0.0132; med 2.164, IQR 0.0161",2.15847220421,"1.001 +/- 0.00157; med 1.001, IQR 0.00289",1.00142809153,"1.002 +/- 0.00257; med 1.001, IQR 0.00502",1.00245304108,"0.5917 +/- 0.00151; med 0.5924, IQR 0.00239",0.591662478447,"1.514e-05 +/- 1.41e-05; med 1.109e-05, IQR 2.5e-05",1.51404977544e-05,"0 +/- 0; med 0, IQR 0",0,"73.81 +/- 59.6; med 49.52, IQR 64",73.8078819275,"93.18 +/- 82.9; med 54.68, IQR 81.8",93.1769237518
multi_hole_14x11,multi_hole,14x11,530--532,231--233,upper_bound,"monotonic,unload_reload,cyclic,nonproportional",cyclic,hgo_qp_thermo_hard,5,10_results\reports\level4_multigeometry_multipath_qp_hgo\multi_hole_14x11\upper_bound\summary.json,"73.14 +/- 35.7; med 63.14, IQR 50.4",73.1373046875,"1.077 +/- 0.121; med 1.174, IQR 0.246",1.07650984526,"1.845 +/- 0.138; med 1.948, IQR 0.201",1.84472692013,"1.112 +/- 0.14; med 1, IQR 0.238",1.11245634556,"1.005 +/- 0.00911; med 1, IQR 0.000692",1.00470664501,"0.4678 +/- 0.0143; med 0.4562, IQR 0.0292",0.467773735523,"0.03359 +/- 0.0439; med 1.15e-05, IQR 0.0599",0.0335890783453,"0 +/- 0; med 0, IQR 0",0,"43.54 +/- 24.2; med 39.94, IQR 47.6",43.5398967743,"1407 +/- 1.14e+03; med 1426, IQR 1.39e+03",1406.92970886
multi_hole_14x11,multi_hole,14x11,530--532,231--233,upper_bound,"monotonic,unload_reload,cyclic,nonproportional",monotonic,hgo_qp_thermo_hard,5,10_results\reports\level4_multigeometry_multipath_qp_hgo\multi_hole_14x11\upper_bound\summary.json,"78.72 +/- 38.4; med 67.87, IQR 54.6",78.7195533752,"1.567 +/- 0.216; med 1.741, IQR 0.436",1.56743798256,"2.489 +/- 0.19; med 2.638, IQR 0.341",2.48898024559,"1.334 +/- 0.41; med 1.001, IQR 0.788",1.33437134027,"0 +/- 0; med 0, IQR 0",0,"0 +/- 0; med 0, IQR 0",0,"0.03359 +/- 0.0439; med 1.15e-05, IQR 0.0599",0.0335890752945,"0 +/- 0; med 0, IQR 0",0,"41.81 +/- 23.2; med 38.36, IQR 45.7",41.8083763123,"41.03 +/- 25.8; med 30.76, IQR 31.7",41.0296403885
multi_hole_14x11,multi_hole,14x11,530--532,231--233,upper_bound,"monotonic,unload_reload,cyclic,nonproportional",nonproportional,hgo_qp_thermo_hard,5,10_results\reports\level4_multigeometry_multipath_qp_hgo\multi_hole_14x11\upper_bound\summary.json,"58.89 +/- 28.7; med 50.72, IQR 41",58.885300827,"0.8529 +/- 0.0893; med 0.9245, IQR 0.181",0.852854251862,"1.511 +/- 0.108; med 1.591, IQR 0.148",1.51147444248,"1.353 +/- 0.432; med 1.001, IQR 0.833",1.35250767469,"0 +/- 0; med 0, IQR 0",0,"0 +/- 0; med 0, IQR 0",0,"0.03359 +/- 0.0439; med 1.15e-05, IQR 0.0599",0.0335890747676,"0 +/- 0; med 0, IQR 0",0,"33.63 +/- 18.7; med 30.86, IQR 36.8",33.6272312164,"32.94 +/- 21.9; med 23.99, IQR 15.2",32.9366924286
multi_hole_14x11,multi_hole,14x11,530--532,231--233,upper_bound,"monotonic,unload_reload,cyclic,nonproportional",unload_reload,hgo_qp_thermo_hard,5,10_results\reports\level4_multigeometry_multipath_qp_hgo\multi_hole_14x11\upper_bound\summary.json,"75.65 +/- 36.9; med 65.2, IQR 52.5",75.6546928406,"1.243 +/- 0.157; med 1.37, IQR 0.317",1.24342961311,"2.047 +/- 0.152; med 2.164, IQR 0.245",2.04671108723,"1.315 +/- 0.387; med 1, IQR 0.741",1.31501828432,"1 +/- 0.000507; med 1, IQR 0.000613",1.00042047501,"0.568 +/- 0.0304; med 0.5924, IQR 0.0619",0.568040657043,"0.03359 +/- 0.0439; med 1.15e-05, IQR 0.0599",0.0335890746881,"0 +/- 0; med 0, IQR 0",0,"39.12 +/- 21.8; med 35.91, IQR 42.8",39.122520256,"38.9 +/- 26.2; med 29.42, IQR 22.4",38.9000226974
multi_hole_16x12,multi_hole,16x12,672--674,299--299,curriculum,"monotonic,unload_reload",cyclic,hgo_qp_thermo_hard,5,10_results\reports\level4_multigeometry_multipath_qp_hgo\multi_hole_16x12\curriculum\summary.json,"40.01 +/- 12.4; med 41.93, IQR 17.1",40.0121856689,"0.9499 +/- 0.00015; med 0.95, IQR 0.000181",0.94990375042,"1.648 +/- 0.000164; med 1.648, IQR 0.000191",1.64842915535,"1 +/- 2.66e-05; med 1, IQR 5.16e-05",1.00015223026,"1 +/- 5.12e-05; med 1, IQR 6.03e-05",1.00019283295,"0.3579 +/- 2.37e-05; med 0.3579, IQR 2.38e-06",0.357871985435,"2.364e-07 +/- 3.65e-07; med 4.653e-08, IQR 3.17e-08",2.36368032347e-07,"0 +/- 0; med 0, IQR 0",0,"55.9 +/- 22; med 58.28, IQR 26.2",55.9019054413,"2221 +/- 1.76e+03; med 1539, IQR 606",2220.83383789
multi_hole_16x12,multi_hole,16x12,672--674,299--299,curriculum,"monotonic,unload_reload",monotonic,hgo_qp_thermo_hard,5,10_results\reports\level4_multigeometry_multipath_qp_hgo\multi_hole_16x12\curriculum\summary.json,"33.55 +/- 10.5; med 35.28, IQR 13.9",33.5502628326,"1.141 +/- 0.000136; med 1.141, IQR 0.000166",1.14122929573,"1.783 +/- 0.000149; med 1.783, IQR 0.000161",1.78324551582,"1 +/- 2.12e-05; med 1, IQR 1.66e-05",0.99997907877,"0 +/- 0; med 0, IQR 0",0,"0 +/- 0; med 0, IQR 0",0,"2.363e-07 +/- 3.65e-07; med 4.663e-08, IQR 3.07e-08",2.36331069203e-07,"0 +/- 0; med 0, IQR 0",0,"53.64 +/- 21.2; med 55.95, IQR 25.2",53.6399421692,"32.26 +/- 20.9; med 16.03, IQR 36.3",32.2556285858
multi_hole_16x12,multi_hole,16x12,672--674,299--299,curriculum,"monotonic,unload_reload",nonproportional,hgo_qp_thermo_hard,5,10_results\reports\level4_multigeometry_multipath_qp_hgo\multi_hole_16x12\curriculum\summary.json,"29.04 +/- 9.1; med 30.61, IQR 12",29.0430028915,"0.6399 +/- 0.000102; med 0.6399, IQR 0.000139",0.639884138107,"1.243 +/- 9.15e-05; med 1.243, IQR 9.62e-05",1.24327876568,"1 +/- 2.11e-05; med 1, IQR 2.04e-05",1.00000559092,"0 +/- 0; med 0, IQR 0",0,"0 +/- 0; med 0, IQR 0",0,"2.365e-07 +/- 3.65e-07; med 4.697e-08, IQR 3.12e-08",2.36455880298e-07,"0 +/- 0; med 0, IQR 0",0,"43.18 +/- 16.9; med 45.01, IQR 19.9",43.1760501862,"31.83 +/- 22.3; med 17.67, IQR 28.5",31.8309282303
multi_hole_16x12,multi_hole,16x12,672--674,299--299,curriculum,"monotonic,unload_reload",unload_reload,hgo_qp_thermo_hard,5,10_results\reports\level4_multigeometry_multipath_qp_hgo\multi_hole_16x12\curriculum\summary.json,"39.42 +/- 12.3; med 41.41, IQR 16.5",39.4152984619,"1.09 +/- 0.000135; med 1.09, IQR 0.000166",1.08966145515,"1.815 +/- 0.00015; med 1.815, IQR 0.000161",1.81495537758,"1 +/- 1.9e-05; med 1, IQR 2.45e-05",1.00000118017,"1 +/- 1.34e-05; med 1, IQR 1.66e-05",1.00001736879,"0.49 +/- 2.3e-06; med 0.49, IQR 4.17e-07",0.489967793226,"2.364e-07 +/- 3.65e-07; med 4.71e-08, IQR 3.12e-08",2.36385232455e-07,"0 +/- 0; med 0, IQR 0",0,"50.23 +/- 19.7; med 52.34, IQR 23.5",50.2326442719,"39.47 +/- 30.8; med 17.66, IQR 44.1",39.4723619461
multi_hole_16x12,multi_hole,16x12,672--674,299--299,strict,monotonic,cyclic,hgo_qp_thermo_hard,5,10_results\reports\level4_multigeometry_multipath_qp_hgo\multi_hole_16x12\strict\summary.json,"40.29 +/- 12.2; med 42.39, IQR 16",40.2936038971,"0.9499 +/- 0.000125; med 0.9499, IQR 0.000217",0.94990824461,"1.648 +/- 0.000118; med 1.648, IQR 0.000148",1.64844536781,"1 +/- 2.74e-05; med 1, IQR 3.71e-05",1.00014834404,"1 +/- 3.61e-05; med 1, IQR 4.05e-05",1.00019614697,"0.3579 +/- 8.47e-06; med 0.3579, IQR 2.03e-06",0.357864946127,"1.314e-07 +/- 1.39e-07; med 5.904e-08, IQR 4.74e-08",1.31430483208e-07,"0 +/- 0; med 0, IQR 0",0,"55.85 +/- 21.8; med 58.28, IQR 26.4",55.8510765076,"2208 +/- 1.72e+03; med 1555, IQR 592",2207.80581665
multi_hole_16x12,multi_hole,16x12,672--674,299--299,strict,monotonic,monotonic,hgo_qp_thermo_hard,5,10_results\reports\level4_multigeometry_multipath_qp_hgo\multi_hole_16x12\strict\summary.json,"33.79 +/- 10.3; med 35.65, IQR 13",33.7876346588,"1.141 +/- 0.000111; med 1.141, IQR 0.000201",1.1412375927,"1.783 +/- 0.000102; med 1.783, IQR 0.000127",1.78326430321,"1 +/- 1.81e-05; med 1, IQR 2.31e-05",0.999974954128,"0 +/- 0; med 0, IQR 0",0,"0 +/- 0; med 0, IQR 0",0,"1.313e-07 +/- 1.39e-07; med 5.882e-08, IQR 4.82e-08",1.3130929517e-07,"0 +/- 0; med 0, IQR 0",0,"53.59 +/- 21; med 55.95, IQR 25.4",53.590171814,"32.3 +/- 20.4; med 16.54, IQR 35.2",32.2979728699
multi_hole_16x12,multi_hole,16x12,672--674,299--299,strict,monotonic,nonproportional,hgo_qp_thermo_hard,5,10_results\reports\level4_multigeometry_multipath_qp_hgo\multi_hole_16x12\strict\summary.json,"29.25 +/- 8.94; med 30.93, IQR 11.2",29.2487953186,"0.6399 +/- 9.04e-05; med 0.6399, IQR 0.000154",0.639886260033,"1.243 +/- 6e-05; med 1.243, IQR 5.26e-05",1.24329211712,"1 +/- 2.54e-05; med 1, IQR 1.92e-05",1.0000013113,"0 +/- 0; med 0, IQR 0",0,"0 +/- 0; med 0, IQR 0",0,"1.312e-07 +/- 1.39e-07; med 5.848e-08, IQR 4.71e-08",1.31198840592e-07,"0 +/- 0; med 0, IQR 0",0,"43.14 +/- 16.7; med 45.01, IQR 20.1",43.1359920502,"31.77 +/- 21.7; med 17.92, IQR 27.4",31.7714813232
multi_hole_16x12,multi_hole,16x12,672--674,299--299,strict,monotonic,unload_reload,hgo_qp_thermo_hard,5,10_results\reports\level4_multigeometry_multipath_qp_hgo\multi_hole_16x12\strict\summary.json,"39.69 +/- 12.1; med 41.86, IQR 15.5",39.6938354492,"1.09 +/- 0.00011; med 1.09, IQR 0.000199",1.08966915607,"1.815 +/- 0.000101; med 1.815, IQR 0.000118",1.81497476101,"1 +/- 2.27e-05; med 1, IQR 1.29e-05",0.999998140335,"1 +/- 1.05e-05; med 1, IQR 7.87e-06",1.00001269579,"0.49 +/- 8.68e-07; med 0.49, IQR 4.17e-07",0.48996719718,"1.312e-07 +/- 1.39e-07; med 5.879e-08, IQR 4.77e-08",1.31156810568e-07,"0 +/- 0; med 0, IQR 0",0,"50.19 +/- 19.6; med 52.34, IQR 23.7",50.1871315002,"39.47 +/- 30.2; med 19.01, IQR 43.5",39.4687879562
multi_hole_16x12,multi_hole,16x12,672--674,299--299,upper_bound,"monotonic,unload_reload,cyclic,nonproportional",cyclic,hgo_qp_thermo_hard,5,10_results\reports\level4_multigeometry_multipath_qp_hgo\multi_hole_16x12\upper_bound\summary.json,"14.91 +/- 5.45; med 14.84, IQR 4.06",14.9070512772,"0.8762 +/- 0.0686; med 0.8846, IQR 0.134",0.87620126009,"1.55 +/- 0.109; med 1.586, IQR 0.137",1.54980018139,"1.043 +/- 0.0542; med 1.001, IQR 0.0879",1.04346609116,"1.04 +/- 0.0557; med 1, IQR 0.0915",1.03956593275,"0.3995 +/- 0.04; med 0.3888, IQR 0.0822",0.399458807707,"0.01395 +/- 0.0202; med 0.0001381, IQR 0.0177",0.0139450746616,"0 +/- 0; med 0, IQR 0",0,"38.94 +/- 6.14; med 37.91, IQR 9.1",38.9359298706,"1035 +/- 331; med 1068, IQR 264",1035.42383423
multi_hole_16x12,multi_hole,16x12,672--674,299--299,upper_bound,"monotonic,unload_reload,cyclic,nonproportional",monotonic,hgo_qp_thermo_hard,5,10_results\reports\level4_multigeometry_multipath_qp_hgo\multi_hole_16x12\upper_bound\summary.json,"12.48 +/- 4.52; med 12.12, IQR 2.96",12.4817964554,"1.049 +/- 0.0936; med 1.081, IQR 0.167",1.04867814779,"1.685 +/- 0.106; med 1.72, IQR 0.147",1.68488798141,"1.163 +/- 0.172; med 1.081, IQR 0.313",1.16298427582,"0 +/- 0; med 0, IQR 0",0,"0 +/- 0; med 0, IQR 0",0,"0.01395 +/- 0.0202; med 0.0001381, IQR 0.0177",0.0139450599188,"0 +/- 0; med 0, IQR 0",0,"37.31 +/- 5.88; med 36.42, IQR 8.71",37.3121181488,"11.1 +/- 7.01; med 8.809, IQR 5.95",11.1041244507
multi_hole_16x12,multi_hole,16x12,672--674,299--299,upper_bound,"monotonic,unload_reload,cyclic,nonproportional",nonproportional,hgo_qp_thermo_hard,5,10_results\reports\level4_multigeometry_multipath_qp_hgo\multi_hole_16x12\upper_bound\summary.json,"10.79 +/- 3.89; med 10.38, IQR 2.43",10.7905567169,"0.6091 +/- 0.0287; med 0.6124, IQR 0.054",0.609144580364,"1.186 +/- 0.0779; med 1.222, IQR 0.0574",1.18563079834,"1.18 +/- 0.194; med 1.081, IQR 0.344",1.17997761965,"0 +/- 0; med 0, IQR 0",0,"0 +/- 0; med 0, IQR 0",0,"0.01395 +/- 0.0202; med 0.0001381, IQR 0.0177",0.0139450591699,"0 +/- 0; med 0, IQR 0",0,"30.12 +/- 4.51; med 29.29, IQR 6.69",30.117881012,"12.13 +/- 6.9; med 7.785, IQR 8.09",12.1345499992
multi_hole_16x12,multi_hole,16x12,672--674,299--299,upper_bound,"monotonic,unload_reload,cyclic,nonproportional",unload_reload,hgo_qp_thermo_hard,5,10_results\reports\level4_multigeometry_multipath_qp_hgo\multi_hole_16x12\upper_bound\summary.json,"14.66 +/- 5.32; med 14.34, IQR 3.65",14.6576125145,"1.003 +/- 0.0869; med 1.031, IQR 0.157",1.00286886692,"1.709 +/- 0.118; med 1.754, IQR 0.153",1.70926032066,"1.18 +/- 0.193; med 1.082, IQR 0.356",1.18046156168,"1.017 +/- 0.023; med 1, IQR 0.0233",1.01659162045,"0.4934 +/- 0.00296; med 0.4941, IQR 0.00646",0.493426430225,"0.01395 +/- 0.0202; med 0.0001381, IQR 0.0177",0.0139450605076,"0 +/- 0; med 0, IQR 0",0,"35 +/- 5.43; med 34.06, IQR 8.02",34.9961277008,"13.39 +/- 9.73; med 9.782, IQR 8.74",13.3930813313
multi_hole_18x14,multi_hole,18x14,885--887,400--400,curriculum,"monotonic,unload_reload",cyclic,hgo_qp_thermo_hard,5,10_results\reports\level4_multigeometry_multipath_qp_hgo\multi_hole_18x14\curriculum\summary.json,"74.76 +/- 34.7; med 72.81, IQR 65",74.7645133972,"1.07 +/- 0.123; med 1.133, IQR 0.0115",1.06981133223,"1.795 +/- 0.153; med 1.875, IQR 0.0168",1.79461455345,"0.9996 +/- 0.00169; med 1, IQR 7.45e-05",0.999594783783,"0.9997 +/- 0.00099; med 1, IQR 0.000107",0.999696826935,"0.4672 +/- 0.0101; med 0.4617, IQR 0.00189",0.467161297798,"0.03308 +/- 0.0662; med 7.069e-07, IQR 2.9e-05",0.0330837123971,"0 +/- 0; med 0, IQR 0",0,"61.9 +/- 52.1; med 38.09, IQR 7.09",61.9030986786,"6085 +/- 8.93e+03; med 1754, IQR 1.92e+03",6085.16915283
multi_hole_18x14,multi_hole,18x14,885--887,400--400,curriculum,"monotonic,unload_reload",monotonic,hgo_qp_thermo_hard,5,10_results\reports\level4_multigeometry_multipath_qp_hgo\multi_hole_18x14\curriculum\summary.json,"87.08 +/- 40.3; med 84.84, IQR 75.4",87.0816062927,"1.816 +/- 0.241; med 1.94, IQR 0.0144",1.81597280502,"2.858 +/- 0.228; med 2.977, IQR 0.0232",2.85802545547,"1.002 +/- 0.00287; med 0.9998, IQR 0.00374",1.00192626715,"0 +/- 0; med 0, IQR 0",0,"0 +/- 0; med 0, IQR 0",0,"0.03308 +/- 0.0662; med 7.064e-07, IQR 2.9e-05",0.0330837121719,"0 +/- 0; med 0, IQR 0",0,"59.35 +/- 50; med 36.4, IQR 6.9",59.3459922791,"63.46 +/- 68.7; med 42.47, IQR 23.5",63.4632835388
multi_hole_18x14,multi_hole,18x14,885--887,400--400,curriculum,"monotonic,unload_reload",nonproportional,hgo_qp_thermo_hard,5,10_results\reports\level4_multigeometry_multipath_qp_hgo\multi_hole_18x14\curriculum\summary.json,"65.07 +/- 30.1; med 63.42, IQR 56",65.0717697144,"1.174 +/- 0.14; med 1.246, IQR 0.00905",1.17402322292,"1.904 +/- 0.155; med 1.985, IQR 0.0153",1.90403702259,"1.001 +/- 0.00171; med 0.9998, IQR 0.00341",1.00120481253,"0 +/- 0; med 0, IQR 0",0,"0 +/- 0; med 0, IQR 0",0,"0.03308 +/- 0.0662; med 7.068e-07, IQR 2.9e-05",0.033083712605,"0 +/- 0; med 0, IQR 0",0,"47.78 +/- 40.3; med 29.35, IQR 5.58",47.7844993591,"73.56 +/- 102; med 27.15, IQR 11.1",73.5591184616
multi_hole_18x14,multi_hole,18x14,885--887,400--400,curriculum,"monotonic,unload_reload",unload_reload,hgo_qp_thermo_hard,5,10_results\reports\level4_multigeometry_multipath_qp_hgo\multi_hole_18x14\curriculum\summary.json,"73.77 +/- 34.1; med 71.88, IQR 63.7",73.7708114624,"1.291 +/- 0.159; med 1.373, IQR 0.0108",1.29122130871,"2.118 +/- 0.176; med 2.209, IQR 0.0176",2.11754016876,"1.002 +/- 0.00277; med 1, IQR 0.00445",1.00219913721,"1.002 +/- 0.00308; med 1, IQR 6.65e-05",1.00155223608,"0.598 +/- 0.0301; med 0.6137, IQR 0.00273",0.598028826714,"0.03308 +/- 0.0662; med 7.066e-07, IQR 2.9e-05",0.0330837123405,"0 +/- 0; med 0, IQR 0",0,"55.6 +/- 46.8; med 34.14, IQR 6.45",55.6044120789,"66.94 +/- 85.1; med 33.98, IQR 25.4",66.9376192093
multi_hole_18x14,multi_hole,18x14,885--887,400--400,strict,monotonic,cyclic,hgo_qp_thermo_hard,5,10_results\reports\level4_multigeometry_multipath_qp_hgo\multi_hole_18x14\strict\summary.json,"76.11 +/- 34.7; med 72.67, IQR 62.6",76.114894104,"1.071 +/- 0.123; med 1.134, IQR 0.00512",1.071111238,"1.797 +/- 0.154; med 1.875, IQR 0.00743",1.79656693935,"0.9998 +/- 0.00104; med 1, IQR 7.31e-05",0.999841678143,"1 +/- 0.000336; med 1, IQR 0.000136",1.0000440836,"0.4669 +/- 0.0102; med 0.4617, IQR 0.000738",0.466931450367,"0.03342 +/- 0.0668; med 4.679e-07, IQR 1.64e-05",0.0334213799745,"0 +/- 0; med 0, IQR 0",0,"61.36 +/- 50.7; med 38.52, IQR 7.38",61.3552135468,"5750 +/- 8.26e+03; med 1750, IQR 1.98e+03",5750.48011475
multi_hole_18x14,multi_hole,18x14,885--887,400--400,strict,monotonic,monotonic,hgo_qp_thermo_hard,5,10_results\reports\level4_multigeometry_multipath_qp_hgo\multi_hole_18x14\strict\summary.json,"88.66 +/- 40.4; med 84.68, IQR 72.4",88.6612670898,"1.818 +/- 0.242; med 1.94, IQR 0.00608",1.81764168739,"2.861 +/- 0.229; med 2.977, IQR 0.0101",2.86076717377,"1.001 +/- 0.00137; med 0.9998, IQR 0.00265",1.00086368322,"0 +/- 0; med 0, IQR 0",0,"0 +/- 0; med 0, IQR 0",0,"0.03342 +/- 0.0668; med 4.676e-07, IQR 1.64e-05",0.0334213798591,"0 +/- 0; med 0, IQR 0",0,"58.82 +/- 48.7; med 36.81, IQR 7.18",58.8175796509,"62.82 +/- 67.5; med 41.64, IQR 23.5",62.8220970154
multi_hole_18x14,multi_hole,18x14,885--887,400--400,strict,monotonic,nonproportional,hgo_qp_thermo_hard,5,10_results\reports\level4_multigeometry_multipath_qp_hgo\multi_hole_18x14\strict\summary.json,"66.26 +/- 30.1; med 63.3, IQR 53.8",66.2563926697,"1.175 +/- 0.141; med 1.246, IQR 0.00388",1.1750677228,"1.906 +/- 0.156; med 1.985, IQR 0.00667",1.90582952499,"1.001 +/- 0.000996; med 0.9998, IQR 0.00113",1.00053703785,"0 +/- 0; med 0, IQR 0",0,"0 +/- 0; med 0, IQR 0",0,"0.03342 +/- 0.0668; med 4.681e-07, IQR 1.64e-05",0.0334213827261,"0 +/- 0; med 0, IQR 0",0,"47.36 +/- 39.2; med 29.69, IQR 5.8",47.3558429718,"70.54 +/- 96.4; med 26.65, IQR 11.6",70.5399242401
multi_hole_18x14,multi_hole,18x14,885--887,400--400,strict,monotonic,unload_reload,hgo_qp_thermo_hard,5,10_results\reports\level4_multigeometry_multipath_qp_hgo\multi_hole_18x14\strict\summary.json,"75.11 +/- 34.2; med 71.74, IQR 61.2",75.1113998413,"1.292 +/- 0.16; med 1.373, IQR 0.00463",1.29249174595,"2.12 +/- 0.177; med 2.21, IQR 0.00764",2.11960935593,"1.001 +/- 0.00133; med 1, IQR 0.00232",1.00109260082,"1.001 +/- 0.00122; med 1, IQR 4.28e-05",1.00062526464,"0.5984 +/- 0.0302; med 0.6137, IQR 0.00104",0.598365080357,"0.03342 +/- 0.0668; med 4.682e-07, IQR 1.64e-05",0.0334213828656,"0 +/- 0; med 0, IQR 0",0,"55.11 +/- 45.6; med 34.52, IQR 6.71",55.1077674866,"65.48 +/- 82.3; med 33.24, IQR 25.5",65.4830381393
multi_hole_18x14,multi_hole,18x14,885--887,400--400,upper_bound,"monotonic,unload_reload,cyclic,nonproportional",cyclic,hgo_qp_thermo_hard,5,10_results\reports\level4_multigeometry_multipath_qp_hgo\multi_hole_18x14\upper_bound\summary.json,"23.29 +/- 16.5; med 17.75, IQR 4.8",23.2940326691,"1.094 +/- 0.0674; med 1.132, IQR 0.0255",1.09371156693,"1.814 +/- 0.101; med 1.872, IQR 0.0426",1.81377334595,"1.025 +/- 0.0468; med 1, IQR 0.00659",1.02519562244,"1.024 +/- 0.0518; med 1, IQR 0.000453",1.02438877821,"0.4698 +/- 0.0138; med 0.4619, IQR 0.00486",0.469778180122,"0.00735 +/- 0.0147; med 7.706e-06, IQR 4.97e-05",0.00735012779174,"0 +/- 0; med 0, IQR 0",0,"24.01 +/- 8.35; med 23.97, IQR 7.44",24.0128688812,"669.6 +/- 322; med 614.2, IQR 405",669.636907959
multi_hole_18x14,multi_hole,18x14,885--887,400--400,upper_bound,"monotonic,unload_reload,cyclic,nonproportional",monotonic,hgo_qp_thermo_hard,5,10_results\reports\level4_multigeometry_multipath_qp_hgo\multi_hole_18x14\upper_bound\summary.json,"27.08 +/- 19.3; med 20.79, IQR 5.42",27.0783538818,"1.861 +/- 0.136; med 1.937, IQR 0.0456",1.86062548161,"2.885 +/- 0.152; med 2.973, IQR 0.0688",2.88467082977,"1.077 +/- 0.148; med 1, IQR 0.0107",1.07675439119,"0 +/- 0; med 0, IQR 0",0,"0 +/- 0; med 0, IQR 0",0,"0.00735 +/- 0.0147; med 7.706e-06, IQR 4.97e-05",0.00735012491244,"0 +/- 0; med 0, IQR 0",0,"23.03 +/- 8.06; med 22.98, IQR 7.2",23.0272443771,"10.88 +/- 4.48; med 12.54, IQR 4.88",10.8823802948
multi_hole_18x14,multi_hole,18x14,885--887,400--400,upper_bound,"monotonic,unload_reload,cyclic,nonproportional",nonproportional,hgo_qp_thermo_hard,5,10_results\reports\level4_multigeometry_multipath_qp_hgo\multi_hole_18x14\upper_bound\summary.json,"20.22 +/- 14.4; med 15.63, IQR 3.91",20.2173866272,"1.202 +/- 0.0746; med 1.244, IQR 0.0278",1.20203616619,"1.924 +/- 0.102; med 1.983, IQR 0.0443",1.92355661392,"1.063 +/- 0.122; med 1, IQR 0.00897",1.06319365501,"0 +/- 0; med 0, IQR 0",0,"0 +/- 0; med 0, IQR 0",0,"0.00735 +/- 0.0147; med 7.707e-06, IQR 4.97e-05",0.00735012331876,"0 +/- 0; med 0, IQR 0",0,"18.53 +/- 6.43; med 18.51, IQR 5.71",18.5342277527,"8.429 +/- 3.64; med 7.481, IQR 5.91",8.42907190323
multi_hole_18x14,multi_hole,18x14,885--887,400--400,upper_bound,"monotonic,unload_reload,cyclic,nonproportional",unload_reload,hgo_qp_thermo_hard,5,10_results\reports\level4_multigeometry_multipath_qp_hgo\multi_hole_18x14\upper_bound\summary.json,"22.93 +/- 16.3; med 17.67, IQR 4.52",22.931549263,"1.319 +/- 0.0925; med 1.371, IQR 0.0328",1.31901862621,"2.139 +/- 0.117; med 2.207, IQR 0.0507",2.13871099949,"1.111 +/- 0.213; med 1.001, IQR 0.0177",1.11095616817,"1.003 +/- 0.00361; med 1, IQR 0.0039",1.00271363258,"0.5968 +/- 0.0292; med 0.6132, IQR 0.00934",0.596795725822,"0.00735 +/- 0.0147; med 7.706e-06, IQR 4.97e-05",0.00735012397437,"0 +/- 0; med 0, IQR 0",0,"21.56 +/- 7.52; med 21.54, IQR 6.72",21.5641277313,"9.007 +/- 3.13; med 8.31, IQR 6.55",9.00712060928
multi_hole_20x15,multi_hole,20x15,1048--1056,477--481,curriculum,"monotonic,unload_reload",cyclic,hgo_qp_thermo_hard,5,10_results\reports\level4_multigeometry_multipath_qp_hgo\multi_hole_20x15\curriculum\summary.json,"56.46 +/- 23.1; med 52.9, IQR 3.16",56.4602146149,"1.57 +/- 0.178; med 1.658, IQR 0.000935",1.56987719536,"2.461 +/- 0.171; med 2.546, IQR 0.00125",2.46141209602,"1.047 +/- 0.0939; med 1, IQR 0.00029",1.0473231554,"0.9998 +/- 0.000519; med 1, IQR 4.46e-05",0.999849307537,"0.7303 +/- 0.0709; med 0.7658, IQR 1.06e-05",0.730326116085,"0.02546 +/- 0.0509; med 6.064e-08, IQR 4.19e-07",0.02545562142,"0 +/- 0; med 0, IQR 0",0,"110.2 +/- 89.8; med 78.95, IQR 51.8",110.217691803,"5844 +/- 6.52e+03; med 3234, IQR 3.91e+03",5844.28919067
multi_hole_20x15,multi_hole,20x15,1048--1056,477--481,curriculum,"monotonic,unload_reload",monotonic,hgo_qp_thermo_hard,5,10_results\reports\level4_multigeometry_multipath_qp_hgo\multi_hole_20x15\curriculum\summary.json,"66.62 +/- 27.2; med 62.47, IQR 3.43",66.6170288086,"2.078 +/- 0.227; med 2.191, IQR 0.00104",2.07776145935,"3.249 +/- 0.224; med 3.36, IQR 0.00149",3.24928402901,"1.17 +/- 0.341; med 0.9996, IQR 5.56e-05",1.17004162073,"0 +/- 0; med 0, IQR 0",0,"0 +/- 0; med 0, IQR 0",0,"0.02546 +/- 0.0509; med 6.054e-08, IQR 4.19e-07",0.0254556213441,"0 +/- 0; med 0, IQR 0",0,"105.8 +/- 86.2; med 75.69, IQR 49.9",105.824752045,"84.53 +/- 94; med 49.86, IQR 27.2",84.525528717
multi_hole_20x15,multi_hole,20x15,1048--1056,477--481,curriculum,"monotonic,unload_reload",nonproportional,hgo_qp_thermo_hard,5,10_results\reports\level4_multigeometry_multipath_qp_hgo\multi_hole_20x15\curriculum\summary.json,"54.48 +/- 22.2; med 51.2, IQR 2.6",54.4790969849,"1.468 +/- 0.152; med 1.543, IQR 0.000779",1.46762177944,"2.338 +/- 0.165; med 2.42, IQR 0.00107",2.33818330765,"1.199 +/- 0.397; med 1, IQR 0.000295",1.19878180027,"0 +/- 0; med 0, IQR 0",0,"0 +/- 0; med 0, IQR 0",0,"0.02546 +/- 0.0509; med 6.08e-08, IQR 4.19e-07",0.0254556214308,"0 +/- 0; med 0, IQR 0",0,"85.06 +/- 69.2; med 60.85, IQR 39.8",85.0576251984,"143.2 +/- 167; med 72.58, IQR 62.9",143.168500519
multi_hole_20x15,multi_hole,20x15,1048--1056,477--481,curriculum,"monotonic,unload_reload",unload_reload,hgo_qp_thermo_hard,5,10_results\reports\level4_multigeometry_multipath_qp_hgo\multi_hole_20x15\curriculum\summary.json,"58.5 +/- 23.9; med 54.91, IQR 2.88",58.5007053375,"1.624 +/- 0.171; med 1.708, IQR 0.000836",1.62352287769,"2.575 +/- 0.18; med 2.664, IQR 0.00116",2.57524442673,"1.193 +/- 0.387; med 0.9999, IQR 0.000215",1.19337238073,"1 +/- 0.000159; med 1, IQR 0.000112",1.0001983881,"0.6757 +/- 0.0541; med 0.7027, IQR 2.25e-05",0.675667834282,"0.02546 +/- 0.0509; med 6.066e-08, IQR 4.19e-07",0.0254556213116,"0 +/- 0; med 0, IQR 0",0,"99.02 +/- 80.6; med 70.85, IQR 46.6",99.0232589722,"98.2 +/- 117; med 50.37, IQR 23.5",98.2001651764
multi_hole_20x15,multi_hole,20x15,1048--1056,477--481,strict,monotonic,cyclic,hgo_qp_thermo_hard,5,10_results\reports\level4_multigeometry_multipath_qp_hgo\multi_hole_20x15\strict\summary.json,"54.37 +/- 25.6; med 52.64, IQR 11.7",54.3713825226,"1.581 +/- 0.156; med 1.658, IQR 0.000972",1.58110089302,"2.475 +/- 0.144; med 2.546, IQR 0.00129",2.47457947731,"1.046 +/- 0.0918; med 1, IQR 0.000316",1.04629046917,"0.9795 +/- 0.0412; med 1, IQR 4.7e-05",0.979510176182,"0.7304 +/- 0.0706; med 0.7658, IQR 8.17e-06",0.730447137356,"0.01942 +/- 0.0388; med 6.065e-08, IQR 3.21e-07",0.0194161982231,"0 +/- 0; med 0, IQR 0",0,"113.7 +/- 87.6; med 85.92, IQR 45.2",113.695043182,"5993 +/- 6.4e+03; med 3659, IQR 3.61e+03",5992.65825195
multi_hole_20x15,multi_hole,20x15,1048--1056,477--481,strict,monotonic,monotonic,hgo_qp_thermo_hard,5,10_results\reports\level4_multigeometry_multipath_qp_hgo\multi_hole_20x15\strict\summary.json,"64.15 +/- 30.2; med 61.99, IQR 13.7",64.1487335205,"2.099 +/- 0.184; med 2.191, IQR 0.00108",2.09937870502,"3.267 +/- 0.189; med 3.36, IQR 0.00154",3.26693024635,"1.167 +/- 0.334; med 0.9996, IQR 3.17e-05",1.16683403254,"0 +/- 0; med 0, IQR 0",0,"0 +/- 0; med 0, IQR 0",0,"0.01942 +/- 0.0388; med 6.069e-08, IQR 3.21e-07",0.019416201271,"0 +/- 0; med 0, IQR 0",0,"109.2 +/- 84; med 82.38, IQR 43.5",109.165895081,"83.99 +/- 93.6; med 49.59, IQR 18.6",83.9941474915
multi_hole_20x15,multi_hole,20x15,1048--1056,477--481,strict,monotonic,nonproportional,hgo_qp_thermo_hard,5,10_results\reports\level4_multigeometry_multipath_qp_hgo\multi_hole_20x15\strict\summary.json,"52.46 +/- 24.6; med 50.6, IQR 11.2",52.4609260559,"1.482 +/- 0.123; med 1.543, IQR 0.00081",1.4820081234,"2.352 +/- 0.139; med 2.42, IQR 0.0011",2.35157766342,"1.198 +/- 0.395; med 1, IQR 0.000344",1.19765454531,"0 +/- 0; med 0, IQR 0",0,"0 +/- 0; med 0, IQR 0",0,"0.01942 +/- 0.0388; med 6.035e-08, IQR 3.2e-07",0.0194161995572,"0 +/- 0; med 0, IQR 0",0,"87.74 +/- 67.5; med 66.23, IQR 34.7",87.7443576813,"144.3 +/- 166; med 71.44, IQR 60.2",144.284554672
multi_hole_20x15,multi_hole,20x15,1048--1056,477--481,strict,monotonic,unload_reload,hgo_qp_thermo_hard,5,10_results\reports\level4_multigeometry_multipath_qp_hgo\multi_hole_20x15\strict\summary.json,"56.33 +/- 26.5; med 54.39, IQR 12",56.3300548553,"1.639 +/- 0.139; med 1.709, IQR 0.000868",1.63944654465,"2.59 +/- 0.151; med 2.664, IQR 0.0012",2.58959922791,"1.189 +/- 0.377; med 1, IQR 0.000258",1.18870128393,"1 +/- 0.000161; med 1, IQR 0.000126",1.00023167133,"0.6757 +/- 0.0541; med 0.7027, IQR 1.73e-05",0.675672447681,"0.01942 +/- 0.0388; med 6.108e-08, IQR 3.21e-07",0.0194161998097,"0 +/- 0; med 0, IQR 0",0,"102.1 +/- 78.6; med 77.11, IQR 40.5",102.149463654,"97.46 +/- 117; med 52.93, IQR 21.4",97.4558553696
multi_hole_20x15,multi_hole,20x15,1048--1056,477--481,upper_bound,"monotonic,unload_reload,cyclic,nonproportional",cyclic,hgo_qp_thermo_hard,5,10_results\reports\level4_multigeometry_multipath_qp_hgo\multi_hole_20x15\upper_bound\summary.json,"22.65 +/- 7.2; med 20.33, IQR 12",22.6509590149,"1.659 +/- 0.000592; med 1.659, IQR 0.000779",1.65861775875,"2.546 +/- 0.000741; med 2.546, IQR 0.00101",2.54622063637,"1 +/- 7.72e-05; med 1, IQR 0.000113",1.00032556057,"1 +/- 2.89e-05; med 1, IQR 3.15e-05",1.00008909702,"0.7658 +/- 5.25e-07; med 0.7658, IQR 0",0.765765523911,"5.824e-08 +/- 4.2e-09; med 5.964e-08, IQR 3.82e-09",5.82357316148e-08,"0 +/- 0; med 0, IQR 0",0,"44.36 +/- 15.9; med 47.46, IQR 4.6",44.3649959564,"1062 +/- 669; med 1259, IQR 757",1062.44474335
multi_hole_20x15,multi_hole,20x15,1048--1056,477--481,upper_bound,"monotonic,unload_reload,cyclic,nonproportional",monotonic,hgo_qp_thermo_hard,5,10_results\reports\level4_multigeometry_multipath_qp_hgo\multi_hole_20x15\upper_bound\summary.json,"26.59 +/- 8.51; med 23.88, IQR 14.1",26.5897594452,"2.191 +/- 0.00066; med 2.191, IQR 0.000868",2.19100437164,"3.36 +/- 0.000866; med 3.36, IQR 0.00118",3.36049995422,"0.9996 +/- 3.91e-05; med 0.9996, IQR 1.08e-05",0.999629735947,"0 +/- 0; med 0, IQR 0",0,"0 +/- 0; med 0, IQR 0",0,"5.834e-08 +/- 4.07e-09; med 5.981e-08, IQR 4e-09",5.8339865916e-08,"0 +/- 0; med 0, IQR 0",0,"42.57 +/- 15.3; med 45.49, IQR 4.33",42.5653636932,"18.17 +/- 5.28; med 16.46, IQR 10.2",18.1700937271
multi_hole_20x15,multi_hole,20x15,1048--1056,477--481,upper_bound,"monotonic,unload_reload,cyclic,nonproportional",nonproportional,hgo_qp_thermo_hard,5,10_results\reports\level4_multigeometry_multipath_qp_hgo\multi_hole_20x15\upper_bound\summary.json,"21.71 +/- 6.94; med 19.49, IQR 11.5",21.7054527283,"1.543 +/- 0.000497; med 1.543, IQR 0.000652",1.54309315681,"2.42 +/- 0.000607; med 2.42, IQR 0.000812",2.42046508789,"1 +/- 6.53e-05; med 1, IQR 0.000104",1.00000878572,"0 +/- 0; med 0, IQR 0",0,"0 +/- 0; med 0, IQR 0",0,"5.811e-08 +/- 4.08e-09; med 6.017e-08, IQR 3.52e-09",5.81071525119e-08,"0 +/- 0; med 0, IQR 0",0,"34.18 +/- 12.2; med 36.61, IQR 3.66",34.1758773804,"21.74 +/- 13; med 23.46, IQR 21.2",21.740376091
multi_hole_20x15,multi_hole,20x15,1048--1056,477--481,upper_bound,"monotonic,unload_reload,cyclic,nonproportional",unload_reload,hgo_qp_thermo_hard,5,10_results\reports\level4_multigeometry_multipath_qp_hgo\multi_hole_20x15\upper_bound\summary.json,"23.35 +/- 7.47; med 20.97, IQR 12.4",23.3451564789,"1.709 +/- 0.000532; med 1.709, IQR 0.000698",1.70876128674,"2.665 +/- 0.000664; med 2.665, IQR 0.000908",2.66476516724,"0.9999 +/- 4.27e-05; med 0.9999, IQR 6.15e-05",0.999926948547,"1 +/- 8.03e-05; med 1, IQR 0.000111",1.00018563271,"0.7027 +/- 6.2e-07; med 0.7027, IQR 0",0.702702391148,"5.834e-08 +/- 4.34e-09; med 6.005e-08, IQR 3.51e-09",5.83378700014e-08,"0 +/- 0; med 0, IQR 0",0,"39.8 +/- 14.3; med 42.59, IQR 4.2",39.7969453812,"14.81 +/- 4.68; med 17, IQR 6.93",14.8062063217
notch_14x11,notch,14x11,543--545,244--246,curriculum,"monotonic,unload_reload",cyclic,hgo_qp_thermo_hard,5,10_results\reports\level4_multigeometry_multipath_qp_hgo\notch_14x11\curriculum\summary.json,"56.88 +/- 20.3; med 51.36, IQR 22.5",56.880329895,"1.428 +/- 0.00182; med 1.429, IQR 0.000962",1.42846059799,"2.299 +/- 0.00283; med 2.301, IQR 0.00128",2.29937515259,"1 +/- 0.000114; med 1, IQR 0.000111",1.00012695789,"0.9999 +/- 0.000256; med 1, IQR 9.07e-05",0.999921822548,"0.7307 +/- 0.000223; med 0.7309, IQR 6.21e-05",0.730747234821,"2.379e-06 +/- 3.77e-06; med 8.503e-08, IQR 1.86e-06",2.37947697599e-06,"0 +/- 0; med 0, IQR 0",0,"72.12 +/- 59.3; med 47.04, IQR 21.3",72.1164066315,"4535 +/- 5.46e+03; med 2101, IQR 3.34e+03",4535.43900757
notch_14x11,notch,14x11,543--545,244--246,curriculum,"monotonic,unload_reload",monotonic,hgo_qp_thermo_hard,5,10_results\reports\level4_multigeometry_multipath_qp_hgo\notch_14x11\curriculum\summary.json,"64.14 +/- 22.8; med 58.12, IQR 25.3",64.1435173035,"1.776 +/- 0.00184; med 1.777, IQR 0.000947",1.77625472546,"2.879 +/- 0.00326; med 2.88, IQR 0.00138",2.87854104042,"0.9998 +/- 0.000215; med 0.9997, IQR 0.000261",0.999832594395,"0 +/- 0; med 0, IQR 0",0,"0 +/- 0; med 0, IQR 0",0,"2.38e-06 +/- 3.77e-06; med 8.512e-08, IQR 1.86e-06",2.37965196703e-06,"0 +/- 0; med 0, IQR 0",0,"69.32 +/- 56.8; med 45.32, IQR 20.5",69.3161323547,"78.52 +/- 72.1; med 56.21, IQR 70.8",78.5174455643
notch_14x11,notch,14x11,543--545,244--246,curriculum,"monotonic,unload_reload",nonproportional,hgo_qp_thermo_hard,5,10_results\reports\level4_multigeometry_multipath_qp_hgo\notch_14x11\curriculum\summary.json,"50.65 +/- 18; med 46.04, IQR 20.1",50.6548469543,"1.126 +/- 0.00121; med 1.126, IQR 0.000643",1.12551441193,"1.928 +/- 0.00228; med 1.929, IQR 0.000856",1.92783610821,"1 +/- 0.000114; med 0.9999, IQR 0.000141",0.999950385094,"0 +/- 0; med 0, IQR 0",0,"0 +/- 0; med 0, IQR 0",0,"2.38e-06 +/- 3.77e-06; med 8.42e-08, IQR 1.86e-06",2.37963445215e-06,"0 +/- 0; med 0, IQR 0",0,"55.69 +/- 45.7; med 36.4, IQR 16.4",55.690587616,"121.1 +/- 139; med 76.22, IQR 116",121.135129929
notch_14x11,notch,14x11,543--545,244--246,curriculum,"monotonic,unload_reload",unload_reload,hgo_qp_thermo_hard,5,10_results\reports\level4_multigeometry_multipath_qp_hgo\notch_14x11\curriculum\summary.json,"58.3 +/- 20.7; med 52.87, IQR 23",58.3037963867,"1.434 +/- 0.00154; med 1.434, IQR 0.000798",1.43387491703,"2.369 +/- 0.00275; med 2.37, IQR 0.00111",2.36910557747,"0.9999 +/- 0.000123; med 0.9998, IQR 0.000172",0.999885988235,"1 +/- 0.000324; med 1, IQR 0.000396",1.00035009384,"0.6228 +/- 0.000315; med 0.6229, IQR 0.000104",0.622767627239,"2.379e-06 +/- 3.77e-06; med 8.401e-08, IQR 1.86e-06",2.37912037946e-06,"0 +/- 0; med 0, IQR 0",0,"64.83 +/- 53.2; med 42.38, IQR 19.1",64.8305042267,"93.17 +/- 99.1; med 62.9, IQR 86.2",93.1741294861
notch_14x11,notch,14x11,543--545,244--246,strict,monotonic,cyclic,hgo_qp_thermo_hard,5,10_results\reports\level4_multigeometry_multipath_qp_hgo\notch_14x11\strict\summary.json,"55.62 +/- 21.7; med 51.96, IQR 24.2",55.6220977783,"1.428 +/- 0.0039; med 1.429, IQR 0.000856",1.42782073021,"2.298 +/- 0.00642; med 2.301, IQR 0.00112",2.29812431335,"1 +/- 0.000146; med 1, IQR 0.000108",1.00015889406,"0.9998 +/- 0.00063; med 1, IQR 4.43e-05",0.999766290188,"0.7306 +/- 0.000585; med 0.7309, IQR 4.41e-06",0.730580854416,"3.954e-06 +/- 7.72e-06; med 6.183e-08, IQR 1.31e-07",3.95382232696e-06,"0 +/- 0; med 0, IQR 0",0,"73.54 +/- 63.4; med 47.55, IQR 20.8",73.5432258606,"4774 +/- 5.94e+03; med 2098, IQR 3.25e+03",4773.62599792
notch_14x11,notch,14x11,543--545,244--246,strict,monotonic,monotonic,hgo_qp_thermo_hard,5,10_results\reports\level4_multigeometry_multipath_qp_hgo\notch_14x11\strict\summary.json,"62.71 +/- 24.4; med 58.8, IQR 27.1",62.7050109863,"1.776 +/- 0.00396; med 1.777, IQR 0.000832",1.77558944225,"2.877 +/- 0.00753; med 2.88, IQR 0.00117",2.87699542046,"0.9999 +/- 0.000402; med 0.9997, IQR 0.00012",0.999882113934,"0 +/- 0; med 0, IQR 0",0,"0 +/- 0; med 0, IQR 0",0,"3.954e-06 +/- 7.72e-06; med 6.181e-08, IQR 1.31e-07",3.95357086944e-06,"0 +/- 0; med 0, IQR 0",0,"70.68 +/- 60.7; med 45.81, IQR 20",70.6838886261,"82.04 +/- 76.7; med 56.5, IQR 67",82.0384050369
notch_14x11,notch,14x11,543--545,244--246,strict,monotonic,nonproportional,hgo_qp_thermo_hard,5,10_results\reports\level4_multigeometry_multipath_qp_hgo\notch_14x11\strict\summary.json,"49.5 +/- 19.2; med 46.58, IQR 21.3",49.5028556824,"1.125 +/- 0.00252; med 1.126, IQR 0.000608",1.12514410019,"1.927 +/- 0.00538; med 1.929, IQR 0.000748",1.92667109966,"1 +/- 0.000263; med 0.9999, IQR 3.44e-05",1.00000584126,"0 +/- 0; med 0, IQR 0",0,"0 +/- 0; med 0, IQR 0",0,"3.954e-06 +/- 7.72e-06; med 6.201e-08, IQR 1.3e-07",3.95412249006e-06,"0 +/- 0; med 0, IQR 0",0,"56.79 +/- 48.8; med 36.8, IQR 16",56.7910732269,"127.3 +/- 151; med 76.37, IQR 113",127.28115387
notch_14x11,notch,14x11,543--545,244--246,strict,monotonic,unload_reload,hgo_qp_thermo_hard,5,10_results\reports\level4_multigeometry_multipath_qp_hgo\notch_14x11\strict\summary.json,"56.99 +/- 22.1; med 53.49, IQR 24.6",56.9893302917,"1.433 +/- 0.00331; med 1.435, IQR 0.000709",1.43332958221,"2.368 +/- 0.00642; med 2.371, IQR 0.000952",2.36775450706,"0.9999 +/- 0.000255; med 0.9998, IQR 6e-05",0.999932312965,"1.001 +/- 0.000901; med 1, IQR 0.000619",1.00071003437,"0.6225 +/- 0.000838; med 0.623, IQR 8.46e-06",0.622529482841,"3.954e-06 +/- 7.72e-06; med 6.191e-08, IQR 1.3e-07",3.95369382389e-06,"0 +/- 0; med 0, IQR 0",0,"66.11 +/- 56.8; med 42.84, IQR 18.7",66.1111568451,"97.99 +/- 108; med 63.13, IQR 82.6",97.9925003052
notch_14x11,notch,14x11,543--545,244--246,upper_bound,"monotonic,unload_reload,cyclic,nonproportional",cyclic,hgo_qp_thermo_hard,5,10_results\reports\level4_multigeometry_multipath_qp_hgo\notch_14x11\upper_bound\summary.json,"12.85 +/- 2.58; med 14.63, IQR 3.84",12.8465108871,"1.416 +/- 0.0245; med 1.428, IQR 0.00165",1.41645002365,"2.281 +/- 0.0386; med 2.3, IQR 0.00253",2.28052797318,"1.001 +/- 0.00253; med 1, IQR 0.000181",1.00139558315,"0.9991 +/- 0.00169; med 1, IQR 0.000224",0.999146783352,"0.7301 +/- 0.00146; med 0.7309, IQR 0.000209",0.730090713501,"8.322e-06 +/- 1.39e-05; med 2.694e-07, IQR 5.02e-06",8.32232693995e-06,"0 +/- 0; med 0, IQR 0",0,"40.85 +/- 19.9; med 42.44, IQR 37.6",40.8531415939,"814.3 +/- 615; med 869.9, IQR 592",814.269497681
notch_14x11,notch,14x11,543--545,244--246,upper_bound,"monotonic,unload_reload,cyclic,nonproportional",monotonic,hgo_qp_thermo_hard,5,10_results\reports\level4_multigeometry_multipath_qp_hgo\notch_14x11\upper_bound\summary.json,"14.5 +/- 3; med 16.51, IQR 4.47",14.4960386276,"1.765 +/- 0.0235; med 1.776, IQR 0.00168",1.76474633217,"2.856 +/- 0.0462; med 2.879, IQR 0.00295",2.85602331161,"1.006 +/- 0.013; med 0.9998, IQR 0.000396",1.00632539988,"0 +/- 0; med 0, IQR 0",0,"0 +/- 0; med 0, IQR 0",0,"8.322e-06 +/- 1.39e-05; med 2.693e-07, IQR 5.02e-06",8.32233570236e-06,"0 +/- 0; med 0, IQR 0",0,"39.2 +/- 19.2; med 40.39, IQR 36.5",39.1953824997,"42.69 +/- 42.3; med 20.41, IQR 41.5",42.6895002365
notch_14x11,notch,14x11,543--545,244--246,upper_bound,"monotonic,unload_reload,cyclic,nonproportional",nonproportional,hgo_qp_thermo_hard,5,10_results\reports\level4_multigeometry_multipath_qp_hgo\notch_14x11\upper_bound\summary.json,"11.48 +/- 2.42; med 13.13, IQR 3.54",11.4839852333,"1.119 +/- 0.0141; med 1.125, IQR 0.00105",1.11860644817,"1.911 +/- 0.0336; med 1.928, IQR 0.00197",1.91146280766,"1.005 +/- 0.0104; med 0.9999, IQR 0.000259",1.00513896942,"0 +/- 0; med 0, IQR 0",0,"0 +/- 0; med 0, IQR 0",0,"8.323e-06 +/- 1.39e-05; med 2.696e-07, IQR 5.02e-06",8.32264558142e-06,"0 +/- 0; med 0, IQR 0",0,"31.53 +/- 15.4; med 32.62, IQR 29.3",31.5318582535,"26.72 +/- 16.4; med 20.15, IQR 21.6",26.7200510025
notch_14x11,notch,14x11,543--545,244--246,upper_bound,"monotonic,unload_reload,cyclic,nonproportional",unload_reload,hgo_qp_thermo_hard,5,10_results\reports\level4_multigeometry_multipath_qp_hgo\notch_14x11\upper_bound\summary.json,"13.18 +/- 2.73; med 15.02, IQR 4.07",13.1760698318,"1.424 +/- 0.0198; med 1.434, IQR 0.00141",1.42414126396,"2.35 +/- 0.0397; med 2.369, IQR 0.00244",2.34975414276,"1.006 +/- 0.0127; med 0.9999, IQR 0.000243",1.00622624159,"1.014 +/- 0.0277; med 1, IQR 0.000512",1.01409630775,"0.6197 +/- 0.0063; med 0.6229, IQR 0.000406",0.619695830345,"8.323e-06 +/- 1.39e-05; med 2.698e-07, IQR 5.02e-06",8.3226460589e-06,"0 +/- 0; med 0, IQR 0",0,"36.66 +/- 17.9; med 37.85, IQR 34.1",36.6644306183,"25.14 +/- 15.5; med 13.99, IQR 26.6",25.1419021606
notch_16x12,notch,16x12,673--673,306--306,curriculum,"monotonic,unload_reload",cyclic,hgo_qp_thermo_hard,5,10_results\reports\level4_multigeometry_multipath_qp_hgo\notch_16x12\curriculum\summary.json,"82.53 +/- 19.2; med 80.82, IQR 20.5",82.5282279968,"2.141 +/- 0.129; med 2.204, IQR 0.00773",2.1410087347,"3.311 +/- 0.159; med 3.388, IQR 0.0126",3.31079030037,"1.007 +/- 0.0127; med 1, IQR 0.000204",1.00655617714,"0.9925 +/- 0.0148; med 0.9997, IQR 0.000472",0.992531251907,"0.8412 +/- 0.0439; med 0.8628, IQR 0.00174",0.84116294384,"0.0008264 +/- 0.00164; med 9.583e-06, IQR 1.6e-05",0.000826375224456,"0 +/- 0; med 0, IQR 0",0,"157.4 +/- 91.4; med 161.1, IQR 107",157.44263382,"1.221e+04 +/- 1.14e+04; med 7435, IQR 1.26e+04",12205.3952454
notch_16x12,notch,16x12,673--673,306--306,curriculum,"monotonic,unload_reload",monotonic,hgo_qp_thermo_hard,5,10_results\reports\level4_multigeometry_multipath_qp_hgo\notch_16x12\curriculum\summary.json,"88 +/- 20.5; med 86.25, IQR 21.8",88.0003715515,"2.545 +/- 0.142; med 2.614, IQR 0.00839",2.54471120834,"3.885 +/- 0.179; med 3.972, IQR 0.0146",3.8853474617,"1.046 +/- 0.0914; med 1, IQR 0.00101",1.04554308653,"0 +/- 0; med 0, IQR 0",0,"0 +/- 0; med 0, IQR 0",0,"0.0008264 +/- 0.00164; med 9.584e-06, IQR 1.6e-05",0.000826372505385,"0 +/- 0; med 0, IQR 0",0,"151.2 +/- 87.7; med 154.7, IQR 103",151.204738617,"175.8 +/- 156; med 156.9, IQR 155",175.783573914
notch_16x12,notch,16x12,673--673,306--306,curriculum,"monotonic,unload_reload",nonproportional,hgo_qp_thermo_hard,5,10_results\reports\level4_multigeometry_multipath_qp_hgo\notch_16x12\curriculum\summary.json,"73.84 +/- 17.2; med 72.36, IQR 18.3",73.8440818787,"1.777 +/- 0.0956; med 1.824, IQR 0.00585",1.77723469734,"2.826 +/- 0.123; med 2.886, IQR 0.011",2.82616810799,"1.034 +/- 0.0683; med 1, IQR 0.000948",1.03416115046,"0 +/- 0; med 0, IQR 0",0,"0 +/- 0; med 0, IQR 0",0,"0.0008264 +/- 0.00164; med 9.583e-06, IQR 1.6e-05",0.000826376304568,"0 +/- 0; med 0, IQR 0",0,"121.7 +/- 70.6; med 124.4, IQR 82.9",121.66469574,"313.1 +/- 287; med 219.6, IQR 350",313.101213074
notch_16x12,notch,16x12,673--673,306--306,curriculum,"monotonic,unload_reload",unload_reload,hgo_qp_thermo_hard,5,10_results\reports\level4_multigeometry_multipath_qp_hgo\notch_16x12\curriculum\summary.json,"71.45 +/- 16.7; med 70.02, IQR 17.8",71.4501014709,"1.672 +/- 0.0955; med 1.719, IQR 0.00585",1.67244093418,"2.69 +/- 0.12; med 2.748, IQR 0.0106",2.69013295174,"1.085 +/- 0.169; med 1.001, IQR 0.000612",1.08510525227,"1.055 +/- 0.107; med 1.001, IQR 0.00209",1.05475370884,"0.704 +/- 0.0476; med 0.7275, IQR 0.00245",0.703987133503,"0.0008264 +/- 0.00164; med 9.583e-06, IQR 1.6e-05",0.000826373989685,"0 +/- 0; med 0, IQR 0",0,"141.5 +/- 82.2; med 144.8, IQR 96.3",141.518445587,"215.4 +/- 203; med 178.1, IQR 225",215.406640244
notch_16x12,notch,16x12,673--673,306--306,strict,monotonic,cyclic,hgo_qp_thermo_hard,5,10_results\reports\level4_multigeometry_multipath_qp_hgo\notch_16x12\strict\summary.json,"75.49 +/- 19.8; med 76.23, IQR 15.6",75.4892929077,"2.202 +/- 0.0127; med 2.207, IQR 0.00268",2.20204687119,"3.386 +/- 0.018; med 3.393, IQR 0.00398",3.38584899902,"1 +/- 0.000475; med 1, IQR 0.000128",1.00000710487,"0.9997 +/- 0.000949; med 1, IQR 0.000169",0.999682497978,"0.8623 +/- 0.00286; med 0.8637, IQR 0.000428",0.862262165546,"9.537e-06 +/- 1.48e-05; med 3.029e-06, IQR 5.55e-06",9.53655094946e-06,"0 +/- 0; med 0, IQR 0",0,"172.3 +/- 114; med 162.1, IQR 111",172.283016205,"1.469e+04 +/- 1.56e+04; med 7540, IQR 1.32e+04",14689.7558472
notch_16x12,notch,16x12,673--673,306--306,strict,monotonic,monotonic,hgo_qp_thermo_hard,5,10_results\reports\level4_multigeometry_multipath_qp_hgo\notch_16x12\strict\summary.json,"80.47 +/- 21.1; med 81.47, IQR 16.7",80.4687065125,"2.612 +/- 0.0138; med 2.618, IQR 0.00286",2.61219530106,"3.97 +/- 0.0199; med 3.978, IQR 0.00443",3.97001399994,"1.002 +/- 0.00545; med 0.9995, IQR 0.000585",1.00219380856,"0 +/- 0; med 0, IQR 0",0,"0 +/- 0; med 0, IQR 0",0,"9.537e-06 +/- 1.48e-05; med 3.029e-06, IQR 5.55e-06",9.53658185807e-06,"0 +/- 0; med 0, IQR 0",0,"165.5 +/- 109; med 155.6, IQR 107",165.47141571,"200.9 +/- 198; med 159, IQR 162",200.937987137
notch_16x12,notch,16x12,673--673,306--306,strict,monotonic,nonproportional,hgo_qp_thermo_hard,5,10_results\reports\level4_multigeometry_multipath_qp_hgo\notch_16x12\strict\summary.json,"67.49 +/- 17.7; med 68.38, IQR 14.1",67.4913948059,"1.822 +/- 0.00958; med 1.826, IQR 0.00199",1.82245576382,"2.884 +/- 0.0141; med 2.89, IQR 0.00312",2.88426308632,"1.002 +/- 0.00366; med 0.9998, IQR 0.000297",1.00157541037,"0 +/- 0; med 0, IQR 0",0,"0 +/- 0; med 0, IQR 0",0,"9.537e-06 +/- 1.48e-05; med 3.03e-06, IQR 5.55e-06",9.53667882868e-06,"0 +/- 0; med 0, IQR 0",0,"133.1 +/- 87.9; med 125.2, IQR 86.5",133.12244606,"371.1 +/- 384; med 223.2, IQR 364",371.135454559
notch_16x12,notch,16x12,673--673,306--306,strict,monotonic,unload_reload,hgo_qp_thermo_hard,5,10_results\reports\level4_multigeometry_multipath_qp_hgo\notch_16x12\strict\summary.json,"65.31 +/- 17.2; med 66.14, IQR 13.6",65.3104347229,"1.718 +/- 0.00957; med 1.721, IQR 0.00198",1.71758751869,"2.747 +/- 0.0137; med 2.752, IQR 0.00307",2.74682683945,"1.004 +/- 0.00694; med 1.001, IQR 0.00133",1.00412549973,"1.003 +/- 0.0047; med 1.001, IQR 0.000776",1.00297412872,"0.7267 +/- 0.00379; med 0.7285, IQR 0.000599",0.72665399313,"9.537e-06 +/- 1.48e-05; med 3.029e-06, IQR 5.55e-06",9.53657774687e-06,"0 +/- 0; med 0, IQR 0",0,"154.9 +/- 102; med 145.7, IQR 100",154.859574127,"256.1 +/- 273; med 180.8, IQR 234",256.06151619
notch_16x12,notch,16x12,673--673,306--306,upper_bound,"monotonic,unload_reload,cyclic,nonproportional",cyclic,hgo_qp_thermo_hard,5,10_results\reports\level4_multigeometry_multipath_qp_hgo\notch_16x12\upper_bound\summary.json,"42.05 +/- 26; med 37.89, IQR 18.8",42.051858139,"1.971 +/- 0.288; med 2.204, IQR 0.586",1.97066578865,"3.172 +/- 0.269; med 3.388, IQR 0.547",3.17157521248,"1.099 +/- 0.121; med 1, IQR 0.244",1.0988842845,"0.999 +/- 0.00187; med 0.9998, IQR 8.73e-05",0.998964285851,"0.7665 +/- 0.119; med 0.863, IQR 0.242",0.766493177414,"0.03832 +/- 0.0471; med 9.211e-06, IQR 0.0897",0.0383162452596,"0 +/- 0; med 0, IQR 0",0,"89.27 +/- 36.8; med 105.7, IQR 40.9",89.2731464386,"3295 +/- 1.95e+03; med 3141, IQR 1.98e+03",3295.10343628
notch_16x12,notch,16x12,673--673,306--306,upper_bound,"monotonic,unload_reload,cyclic,nonproportional",monotonic,hgo_qp_thermo_hard,5,10_results\reports\level4_multigeometry_multipath_qp_hgo\notch_16x12\upper_bound\summary.json,"44.82 +/- 27.7; med 40.26, IQR 19.9",44.8169761658,"2.34 +/- 0.339; med 2.614, IQR 0.689",2.33963282108,"3.718 +/- 0.316; med 3.973, IQR 0.642",3.71804409027,"1.382 +/- 0.468; med 1, IQR 0.945",1.38160661459,"0 +/- 0; med 0, IQR 0",0,"0 +/- 0; med 0, IQR 0",0,"0.03832 +/- 0.0471; med 9.211e-06, IQR 0.0897",0.0383162423824,"0 +/- 0; med 0, IQR 0",0,"85.74 +/- 35.4; med 101.5, IQR 39.2",85.7421985626,"57.33 +/- 24.7; med 61.99, IQR 26.3",57.3328865051
notch_16x12,notch,16x12,673--673,306--306,upper_bound,"monotonic,unload_reload,cyclic,nonproportional",nonproportional,hgo_qp_thermo_hard,5,10_results\reports\level4_multigeometry_multipath_qp_hgo\notch_16x12\upper_bound\summary.json,"37.58 +/- 23.2; med 33.64, IQR 16.5",37.5762176514,"1.644 +/- 0.222; med 1.824, IQR 0.451",1.64409887791,"2.697 +/- 0.234; med 2.886, IQR 0.476",2.69722995758,"1.322 +/- 0.395; med 1, IQR 0.798",1.32223535776,"0 +/- 0; med 0, IQR 0",0,"0 +/- 0; med 0, IQR 0",0,"0.03832 +/- 0.0471; med 9.211e-06, IQR 0.0897",0.0383162394505,"0 +/- 0; med 0, IQR 0",0,"68.9 +/- 28.4; med 81.6, IQR 31.6",68.8991844177,"84.32 +/- 44.8; med 78.77, IQR 35.2",84.3174892426
notch_16x12,notch,16x12,673--673,306--306,upper_bound,"monotonic,unload_reload,cyclic,nonproportional",unload_reload,hgo_qp_thermo_hard,5,10_results\reports\level4_multigeometry_multipath_qp_hgo\notch_16x12\upper_bound\summary.json,"36.35 +/- 22.5; med 32.55, IQR 16.1",36.3513935089,"1.544 +/- 0.216; med 1.719, IQR 0.438",1.54433863163,"2.568 +/- 0.224; med 2.749, IQR 0.455",2.56819648743,"1.726 +/- 0.889; med 1.001, IQR 1.8",1.72636158466,"1 +/- 0.000391; med 1, IQR 0.000564",1.00043852329,"0.6673 +/- 0.0744; med 0.7276, IQR 0.152",0.667342817783,"0.03832 +/- 0.0471; med 9.211e-06, IQR 0.0897",0.0383162411122,"0 +/- 0; med 0, IQR 0",0,"80.19 +/- 33.1; med 94.96, IQR 36.8",80.1931816101,"62.83 +/- 30.4; med 60.67, IQR 9.56",62.8261035919
notch_18x14,notch,18x14,895--895,412--412,curriculum,"monotonic,unload_reload",cyclic,hgo_qp_thermo_hard,5,10_results\reports\level4_multigeometry_multipath_qp_hgo\notch_18x14\curriculum\summary.json,"68.89 +/- 31.1; med 62.06, IQR 60.5",68.8923492432,"1.457 +/- 0.162; med 1.538, IQR 0.00111",1.456529212,"2.352 +/- 0.17; med 2.437, IQR 0.00149",2.35207505226,"1.037 +/- 0.0728; med 1, IQR 0.000109",1.03650436401,"1 +/- 9.75e-05; med 1, IQR 0.000144",0.999977123737,"0.7279 +/- 0.0701; med 0.7629, IQR 0.000128",0.727850079536,"0.02945 +/- 0.0589; med 1.139e-07, IQR 1.3e-06",0.0294487183855,"0 +/- 0; med 0, IQR 0",0,"77.65 +/- 43.1; med 64.39, IQR 19",77.6489200592,"3891 +/- 4.7e+03; med 1245, IQR 2.79e+03",3890.95770264
notch_18x14,notch,18x14,895--895,412--412,curriculum,"monotonic,unload_reload",monotonic,hgo_qp_thermo_hard,5,10_results\reports\level4_multigeometry_multipath_qp_hgo\notch_18x14\curriculum\summary.json,"79.93 +/- 36; med 72.14, IQR 70.3",79.9341644287,"1.934 +/- 0.208; med 2.038, IQR 0.00122",1.93366720676,"3.134 +/- 0.222; med 3.245, IQR 0.00182",3.13414363861,"1.154 +/- 0.308; med 0.9998, IQR 0.000281",1.15364426374,"0 +/- 0; med 0, IQR 0",0,"0 +/- 0; med 0, IQR 0",0,"0.02945 +/- 0.0589; med 1.143e-07, IQR 1.3e-06",0.0294487184525,"0 +/- 0; med 0, IQR 0",0,"74.48 +/- 41.4; med 61.46, IQR 18.4",74.4755203247,"55.36 +/- 54.4; med 33.21, IQR 2.8",55.3573652267
notch_18x14,notch,18x14,895--895,412--412,curriculum,"monotonic,unload_reload",nonproportional,hgo_qp_thermo_hard,5,10_results\reports\level4_multigeometry_multipath_qp_hgo\notch_18x14\curriculum\summary.json,"64.68 +/- 29.1; med 58.44, IQR 56.9",64.6834293365,"1.275 +/- 0.12; med 1.335, IQR 0.000828",1.27505323887,"2.13 +/- 0.157; med 2.208, IQR 0.00114",2.12958860397,"1.118 +/- 0.237; med 0.9999, IQR 0.000153",1.11832381487,"0 +/- 0; med 0, IQR 0",0,"0 +/- 0; med 0, IQR 0",0,"0.02945 +/- 0.0589; med 1.138e-07, IQR 1.3e-06",0.0294487183226,"0 +/- 0; med 0, IQR 0",0,"59.94 +/- 33.3; med 49.57, IQR 14.8",59.9377311707,"83.96 +/- 113; med 20.4, IQR 44",83.9627780914
notch_18x14,notch,18x14,895--895,412--412,curriculum,"monotonic,unload_reload",unload_reload,hgo_qp_thermo_hard,5,10_results\reports\level4_multigeometry_multipath_qp_hgo\notch_18x14\curriculum\summary.json,"70.41 +/- 31.7; med 63.56, IQR 61.9",70.4125862122,"1.476 +/- 0.146; med 1.549, IQR 0.000951",1.47569916248,"2.454 +/- 0.18; med 2.544, IQR 0.00137",2.45358438492,"1.141 +/- 0.283; med 0.9998, IQR 0.00022",1.14128887653,"1 +/- 0.000102; med 1, IQR 3.8e-05",1.00011053085,"0.6283 +/- 0.0395; med 0.6481, IQR 0.00014",0.628281617165,"0.02945 +/- 0.0589; med 1.142e-07, IQR 1.3e-06",0.0294487183499,"0 +/- 0; med 0, IQR 0",0,"69.76 +/- 38.8; med 57.65, IQR 17.2",69.7550479889,"62.57 +/- 74.1; med 27.94, IQR 3.44",62.5694206238
notch_18x14,notch,18x14,895--895,412--412,strict,monotonic,cyclic,hgo_qp_thermo_hard,5,10_results\reports\level4_multigeometry_multipath_qp_hgo\notch_18x14\strict\summary.json,"69.2 +/- 31.4; med 63.91, IQR 60.4",69.1982429504,"1.457 +/- 0.162; med 1.538, IQR 0.00104",1.45657551289,"2.352 +/- 0.17; med 2.437, IQR 0.00141",2.35214748383,"1.037 +/- 0.0728; med 1, IQR 0.000116",1.03650448322,"1 +/- 9.16e-05; med 1, IQR 0.000124",0.999985647202,"0.7279 +/- 0.0701; med 0.7629, IQR 0.000106",0.72785602808,"0.02972 +/- 0.0594; med 9.433e-08, IQR 1.09e-06",0.0297193174237,"0 +/- 0; med 0, IQR 0",0,"78.45 +/- 42.1; med 69.69, IQR 17.3",78.4545883179,"3866 +/- 4.54e+03; med 1256, IQR 2.73e+03",3866.32972412
notch_18x14,notch,18x14,895--895,412--412,strict,monotonic,monotonic,hgo_qp_thermo_hard,5,10_results\reports\level4_multigeometry_multipath_qp_hgo\notch_18x14\strict\summary.json,"80.3 +/- 36.4; med 74.32, IQR 70.1",80.2989395142,"1.934 +/- 0.208; med 2.038, IQR 0.00115",1.93371350765,"3.134 +/- 0.222; med 3.245, IQR 0.0017",3.134227705,"1.154 +/- 0.308; med 0.9998, IQR 0.000258",1.15361058712,"0 +/- 0; med 0, IQR 0",0,"0 +/- 0; med 0, IQR 0",0,"0.02972 +/- 0.0594; med 9.501e-08, IQR 1.09e-06",0.0297193174009,"0 +/- 0; med 0, IQR 0",0,"75.25 +/- 40.3; med 66.57, IQR 16.7",75.2458389282,"57.24 +/- 57.8; med 34.48, IQR 3.56",57.2352710724
notch_18x14,notch,18x14,895--895,412--412,strict,monotonic,nonproportional,hgo_qp_thermo_hard,5,10_results\reports\level4_multigeometry_multipath_qp_hgo\notch_18x14\strict\summary.json,"64.98 +/- 29.4; med 60.22, IQR 56.7",64.982011795,"1.275 +/- 0.12; med 1.335, IQR 0.000782",1.27508559227,"2.13 +/- 0.157; med 2.208, IQR 0.00107",2.12964413166,"1.118 +/- 0.237; med 0.9999, IQR 0.000138",1.11830258369,"0 +/- 0; med 0, IQR 0",0,"0 +/- 0; med 0, IQR 0",0,"0.02972 +/- 0.0594; med 9.482e-08, IQR 1.09e-06",0.0297193175528,"0 +/- 0; med 0, IQR 0",0,"60.56 +/- 32.5; med 53.66, IQR 13.5",60.556552124,"84.19 +/- 111; med 23.46, IQR 45.6",84.1924816132
notch_18x14,notch,18x14,895--895,412--412,strict,monotonic,unload_reload,hgo_qp_thermo_hard,5,10_results\reports\level4_multigeometry_multipath_qp_hgo\notch_18x14\strict\summary.json,"70.74 +/- 32; med 65.5, IQR 61.7",70.7365463257,"1.476 +/- 0.146; med 1.549, IQR 0.000896",1.47573590279,"2.454 +/- 0.18; med 2.544, IQR 0.00128",2.45364937782,"1.141 +/- 0.283; med 0.9998, IQR 0.0002",1.1412618041,"1 +/- 0.000116; med 1, IQR 2.18e-05",1.00011725426,"0.6283 +/- 0.0395; med 0.6481, IQR 0.000118",0.628287279606,"0.02972 +/- 0.0594; med 9.493e-08, IQR 1.09e-06",0.0297193174924,"0 +/- 0; med 0, IQR 0",0,"70.48 +/- 37.8; med 62.42, IQR 15.7",70.4779197693,"65.52 +/- 77.2; med 29, IQR 3.01",65.5211380005
notch_18x14,notch,18x14,895--895,412--412,upper_bound,"monotonic,unload_reload,cyclic,nonproportional",cyclic,hgo_qp_thermo_hard,5,10_results\reports\level4_multigeometry_multipath_qp_hgo\notch_18x14\upper_bound\summary.json,"14.04 +/- 5.87; med 13.39, IQR 8.48",14.0402177811,"1.538 +/- 0.000332; med 1.538, IQR 0.000239",1.53778822422,"2.437 +/- 0.000413; med 2.437, IQR 0.000315",2.43691325188,"1 +/- 3.49e-05; med 1, IQR 2.28e-05",1.00011518002,"1 +/- 1.49e-05; med 1, IQR 8.94e-06",1.00004003048,"0.7629 +/- 2.03e-06; med 0.7629, IQR 2.68e-06",0.762943351269,"1.214e-07 +/- 6.85e-08; med 6.699e-08, IQR 1.34e-07",1.21449754431e-07,"0 +/- 0; med 0, IQR 0",0,"36.41 +/- 17.3; med 33.47, IQR 10.5",36.4076980591,"1043 +/- 652; med 787.1, IQR 531",1043.38898926
notch_18x14,notch,18x14,895--895,412--412,upper_bound,"monotonic,unload_reload,cyclic,nonproportional",monotonic,hgo_qp_thermo_hard,5,10_results\reports\level4_multigeometry_multipath_qp_hgo\notch_18x14\upper_bound\summary.json,"16.27 +/- 6.88; med 15.46, IQR 10",16.2689584732,"2.038 +/- 0.000358; med 2.038, IQR 0.000257",2.03776631355,"3.245 +/- 0.000475; med 3.245, IQR 0.000369",3.2449672699,"0.9997 +/- 6.13e-05; med 0.9997, IQR 3.74e-05",0.99973757267,"0 +/- 0; med 0, IQR 0",0,"0 +/- 0; med 0, IQR 0",0,"1.217e-07 +/- 6.85e-08; med 6.736e-08, IQR 1.34e-07",1.21699592626e-07,"0 +/- 0; med 0, IQR 0",0,"34.82 +/- 16.7; med 32, IQR 10",34.8247955322,"27.79 +/- 20.4; med 12.93, IQR 25.8",27.7884916306
notch_18x14,notch,18x14,895--895,412--412,upper_bound,"monotonic,unload_reload,cyclic,nonproportional",nonproportional,hgo_qp_thermo_hard,5,10_results\reports\level4_multigeometry_multipath_qp_hgo\notch_18x14\upper_bound\summary.json,"13.19 +/- 5.56; med 12.48, IQR 8.2",13.1901935577,"1.335 +/- 0.000253; med 1.335, IQR 0.000181",1.33506572247,"2.208 +/- 0.000306; med 2.208, IQR 0.000244",2.20812783241,"0.9999 +/- 2.75e-05; med 0.9999, IQR 1.76e-05",0.999870836735,"0 +/- 0; med 0, IQR 0",0,"0 +/- 0; med 0, IQR 0",0,"1.214e-07 +/- 6.86e-08; med 6.685e-08, IQR 1.34e-07",1.21449838275e-07,"0 +/- 0; med 0, IQR 0",0,"28.04 +/- 13.3; med 25.85, IQR 8.06",28.0435153961,"25.41 +/- 16.6; med 21.77, IQR 7.81",25.414226532
notch_18x14,notch,18x14,895--895,412--412,upper_bound,"monotonic,unload_reload,cyclic,nonproportional",unload_reload,hgo_qp_thermo_hard,5,10_results\reports\level4_multigeometry_multipath_qp_hgo\notch_18x14\upper_bound\summary.json,"14.34 +/- 6.06; med 13.6, IQR 8.9",14.3373060226,"1.549 +/- 0.000284; med 1.549, IQR 0.000203",1.54877681732,"2.544 +/- 0.000357; med 2.543, IQR 0.000282",2.54360723495,"0.9998 +/- 4.73e-05; med 0.9998, IQR 2.51e-05",0.999792647362,"1 +/- 5.97e-05; med 1, IQR 2.93e-05",1.000086689,"0.6481 +/- 6.08e-06; med 0.6481, IQR 1.22e-05",0.648053133488,"1.214e-07 +/- 6.82e-08; med 6.704e-08, IQR 1.33e-07",1.2142265291e-07,"0 +/- 0; med 0, IQR 0",0,"32.63 +/- 15.6; med 30.03, IQR 9.4",32.626525116,"20.47 +/- 12.6; med 15.91, IQR 17",20.4706628799
notch_20x15,notch,20x15,1063--1064,492--493,curriculum,"monotonic,unload_reload",cyclic,hgo_qp_thermo_hard,5,10_results\reports\level4_multigeometry_multipath_qp_hgo\notch_20x15\curriculum\summary.json,"117.3 +/- 29.5; med 135.2, IQR 49.6",117.339987183,"1.851 +/- 0.071; med 1.888, IQR 0.0125",1.85141727924,"2.801 +/- 0.0823; med 2.844, IQR 0.0175",2.80122609138,"1.001 +/- 0.0013; med 1, IQR 0.000391",1.00054657459,"0.9918 +/- 0.016; med 0.9999, IQR 0.000695",0.991845083237,"0.815 +/- 0.0276; med 0.8291, IQR 0.00289",0.814973425865,"1.298e-05 +/- 1.42e-05; med 5.867e-06, IQR 2.08e-05",1.29813935658e-05,"0 +/- 0; med 0, IQR 0",0,"185.2 +/- 120; med 206.2, IQR 132",185.161699677,"1.423e+04 +/- 1.62e+04; med 9650, IQR 9.09e+03",14225.3347168
notch_20x15,notch,20x15,1063--1064,492--493,curriculum,"monotonic,unload_reload",monotonic,hgo_qp_thermo_hard,5,10_results\reports\level4_multigeometry_multipath_qp_hgo\notch_20x15\curriculum\summary.json,"129.2 +/- 32.4; med 148.9, IQR 55.1",129.239076233,"2.121 +/- 0.0726; med 2.158, IQR 0.0121",2.1210713625,"3.289 +/- 0.0918; med 3.337, IQR 0.0187",3.28947954178,"1.017 +/- 0.0325; med 1, IQR 0.00392",1.01690397263,"0 +/- 0; med 0, IQR 0",0,"0 +/- 0; med 0, IQR 0",0,"1.298e-05 +/- 1.42e-05; med 5.867e-06, IQR 2.08e-05",1.29815014958e-05,"0 +/- 0; med 0, IQR 0",0,"177.8 +/- 115; med 198.1, IQR 127",177.784383011,"256.8 +/- 251; med 212.7, IQR 196",256.812162018
notch_20x15,notch,20x15,1063--1064,492--493,curriculum,"monotonic,unload_reload",nonproportional,hgo_qp_thermo_hard,5,10_results\reports\level4_multigeometry_multipath_qp_hgo\notch_20x15\curriculum\summary.json,"107.9 +/- 27.1; med 124.3, IQR 46.1",107.878053284,"1.504 +/- 0.05; med 1.53, IQR 0.00872",1.5040927887,"2.372 +/- 0.0585; med 2.402, IQR 0.0135",2.3719274044,"1.021 +/- 0.0412; med 1, IQR 0.00203",1.0209397912,"0 +/- 0; med 0, IQR 0",0,"0 +/- 0; med 0, IQR 0",0,"1.298e-05 +/- 1.42e-05; med 5.867e-06, IQR 2.08e-05",1.29814523149e-05,"0 +/- 0; med 0, IQR 0",0,"142.9 +/- 92.8; med 159.4, IQR 102",142.933200073,"432.4 +/- 463; med 353.5, IQR 338",432.376170349
notch_20x15,notch,20x15,1063--1064,492--493,curriculum,"monotonic,unload_reload",unload_reload,hgo_qp_thermo_hard,5,10_results\reports\level4_multigeometry_multipath_qp_hgo\notch_20x15\curriculum\summary.json,"114.5 +/- 28.7; med 132, IQR 48.8",114.512054443,"1.673 +/- 0.0576; med 1.703, IQR 0.00998",1.67348139286,"2.638 +/- 0.0711; med 2.674, IQR 0.0151",2.63751897812,"1.021 +/- 0.0411; med 1, IQR 0.00261",1.02099123001,"1.007 +/- 0.00999; med 1.001, IQR 0.00515",1.0065819025,"0.6979 +/- 0.0239; med 0.7104, IQR 0.00384",0.697909379005,"1.298e-05 +/- 1.42e-05; med 5.868e-06, IQR 2.08e-05",1.29814302554e-05,"0 +/- 0; med 0, IQR 0",0,"166.4 +/- 108; med 185.5, IQR 119",166.390800095,"311.1 +/- 320; med 277.6, IQR 239",311.121822357
notch_20x15,notch,20x15,1063--1064,492--493,strict,monotonic,cyclic,hgo_qp_thermo_hard,5,10_results\reports\level4_multigeometry_multipath_qp_hgo\notch_20x15\strict\summary.json,"119.2 +/- 32.1; med 133.8, IQR 54.4",119.188941956,"1.854 +/- 0.0568; med 1.875, IQR 0.017",1.85386855602,"2.797 +/- 0.0765; med 2.826, IQR 0.0266",2.79710736275,"0.9992 +/- 0.00176; med 1, IQR 0.00091",0.999182534218,"0.9932 +/- 0.0121; med 0.9989, IQR 0.00208",0.993184876442,"0.8165 +/- 0.0217; med 0.8258, IQR 0.00529",0.816466104984,"3.01e-05 +/- 3.53e-05; med 2.412e-05, IQR 2.51e-05",3.00996366235e-05,"0 +/- 0; med 0, IQR 0",0,"192.8 +/- 132; med 204.8, IQR 138",192.803819275,"1.601e+04 +/- 1.96e+04; med 9846, IQR 8.99e+03",16008.3400269
notch_20x15,notch,20x15,1063--1064,492--493,strict,monotonic,monotonic,hgo_qp_thermo_hard,5,10_results\reports\level4_multigeometry_multipath_qp_hgo\notch_20x15\strict\summary.json,"131.3 +/- 35.4; med 147.5, IQR 59.9",131.282633972,"2.124 +/- 0.0583; med 2.146, IQR 0.0172",2.12353672981,"3.285 +/- 0.085; med 3.317, IQR 0.0308",3.28481812477,"1.011 +/- 0.0208; med 1.001, IQR 0.00436",1.01145991087,"0 +/- 0; med 0, IQR 0",0,"0 +/- 0; med 0, IQR 0",0,"3.01e-05 +/- 3.53e-05; med 2.412e-05, IQR 2.51e-05",3.00995977156e-05,"0 +/- 0; med 0, IQR 0",0,"185.1 +/- 127; med 196.7, IQR 132",185.120657349,"291.4 +/- 313; med 207.8, IQR 212",291.380037689
notch_20x15,notch,20x15,1063--1064,492--493,strict,monotonic,nonproportional,hgo_qp_thermo_hard,5,10_results\reports\level4_multigeometry_multipath_qp_hgo\notch_20x15\strict\summary.json,"109.6 +/- 29.5; med 123.1, IQR 50",109.585671997,"1.506 +/- 0.0404; med 1.521, IQR 0.0122",1.50557177067,"2.366 +/- 0.0576; med 2.388, IQR 0.0232",2.36633248329,"1.014 +/- 0.0258; med 1.001, IQR 0.00241",1.01371955872,"0 +/- 0; med 0, IQR 0",0,"0 +/- 0; med 0, IQR 0",0,"3.01e-05 +/- 3.53e-05; med 2.412e-05, IQR 2.51e-05",3.0099482403e-05,"0 +/- 0; med 0, IQR 0",0,"148.8 +/- 102; med 158.3, IQR 106",148.830102158,"487.4 +/- 564; med 366.7, IQR 334",487.394385529
notch_20x15,notch,20x15,1063--1064,492--493,strict,monotonic,unload_reload,hgo_qp_thermo_hard,5,10_results\reports\level4_multigeometry_multipath_qp_hgo\notch_20x15\strict\summary.json,"116.3 +/- 31.3; med 130.7, IQR 53.1",116.323188782,"1.675 +/- 0.0463; med 1.693, IQR 0.014",1.67534844875,"2.633 +/- 0.0668; med 2.659, IQR 0.0255",2.63303284645,"1.014 +/- 0.026; med 1.001, IQR 0.00281",1.01382973194,"1.006 +/- 0.00778; med 1.003, IQR 0.00565",1.00623626709,"0.6995 +/- 0.0176; med 0.7061, IQR 0.00595",0.699459779263,"3.01e-05 +/- 3.53e-05; med 2.412e-05, IQR 2.51e-05",3.00997086285e-05,"0 +/- 0; med 0, IQR 0",0,"173.3 +/- 118; med 184.2, IQR 124",173.25764389,"355.8 +/- 401; med 271.5, IQR 256",355.812551689
notch_20x15,notch,20x15,1063--1064,492--493,upper_bound,"monotonic,unload_reload,cyclic,nonproportional",cyclic,hgo_qp_thermo_hard,5,10_results\reports\level4_multigeometry_multipath_qp_hgo\notch_20x15\upper_bound\summary.json,"52.49 +/- 24.4; med 59.57, IQR 34.1",52.4938285828,"1.863 +/- 0.033; med 1.889, IQR 0.0567",1.86339485645,"2.81 +/- 0.0446; med 2.845, IQR 0.0855",2.81019582748,"1.001 +/- 0.00084; med 1, IQR 0.00104",1.00081954002,"0.9972 +/- 0.00343; med 0.9999, IQR 0.00637",0.997218215466,"0.8215 +/- 0.00985; med 0.8292, IQR 0.0181",0.821488809586,"2.038e-05 +/- 2.33e-05; med 3.56e-06, IQR 4.81e-05",2.03797639827e-05,"0 +/- 0; med 0, IQR 0",0,"108.1 +/- 70.7; med 67.66, IQR 134",108.137364197,"3977 +/- 3.8e+03; med 1514, IQR 4.93e+03",3977.04892578
notch_20x15,notch,20x15,1063--1064,492--493,upper_bound,"monotonic,unload_reload,cyclic,nonproportional",monotonic,hgo_qp_thermo_hard,5,10_results\reports\level4_multigeometry_multipath_qp_hgo\notch_20x15\upper_bound\summary.json,"57.78 +/- 26.9; med 65.52, IQR 37.4",57.7781925201,"2.134 +/- 0.0327; med 2.159, IQR 0.0572",2.13384184837,"3.299 +/- 0.05; med 3.338, IQR 0.0988",3.29905405045,"1.008 +/- 0.0132; med 0.9999, IQR 0.00977",1.00843579769,"0 +/- 0; med 0, IQR 0",0,"0 +/- 0; med 0, IQR 0",0,"2.038e-05 +/- 2.33e-05; med 3.56e-06, IQR 4.81e-05",2.03794200075e-05,"0 +/- 0; med 0, IQR 0",0,"103.8 +/- 67.9; med 64.84, IQR 129",103.809576035,"87.26 +/- 66.4; med 37.64, IQR 120",87.2552711487
notch_20x15,notch,20x15,1063--1064,492--493,upper_bound,"monotonic,unload_reload,cyclic,nonproportional",nonproportional,hgo_qp_thermo_hard,5,10_results\reports\level4_multigeometry_multipath_qp_hgo\notch_20x15\upper_bound\summary.json,"48.18 +/- 22.4; med 54.63, IQR 31.1",48.1762607574,"1.512 +/- 0.0232; med 1.53, IQR 0.0403",1.51247732639,"2.376 +/- 0.0353; med 2.403, IQR 0.0696",2.37557396889,"1.008 +/- 0.0115; med 1, IQR 0.0107",1.00790266991,"0 +/- 0; med 0, IQR 0",0,"0 +/- 0; med 0, IQR 0",0,"2.038e-05 +/- 2.33e-05; med 3.56e-06, IQR 4.81e-05",2.03793869318e-05,"0 +/- 0; med 0, IQR 0",0,"83.48 +/- 54.5; med 52.24, IQR 104",83.4783802032,"123.7 +/- 109; med 49.62, IQR 162",123.70672493
notch_20x15,notch,20x15,1063--1064,492--493,upper_bound,"monotonic,unload_reload,cyclic,nonproportional",unload_reload,hgo_qp_thermo_hard,5,10_results\reports\level4_multigeometry_multipath_qp_hgo\notch_20x15\upper_bound\summary.json,"51.16 +/- 23.8; med 58.04, IQR 33",51.1594871521,"1.683 +/- 0.0267; med 1.704, IQR 0.0464",1.68318033218,"2.644 +/- 0.0405; med 2.675, IQR 0.0818",2.64363746643,"1.008 +/- 0.0119; med 0.9999, IQR 0.0115",1.00822644234,"1.012 +/- 0.0157; med 1, IQR 0.0176",1.01161835194,"0.7016 +/- 0.0114; med 0.7105, IQR 0.0204",0.701618790627,"2.038e-05 +/- 2.33e-05; med 3.56e-06, IQR 4.81e-05",2.03796370101e-05,"0 +/- 0; med 0, IQR 0",0,"97.17 +/- 63.5; med 60.76, IQR 121",97.1696735382,"97.94 +/- 86.9; med 42.41, IQR 150",97.9360279083
