Ablation,Ablation id,Solver mode,Newton damping,Newton steps,Line search,Regularization,Model,Load path,Metric,Metric label,Mean,Std,Median,IQR,Seeds,Source
No solver loss,no_solver_loss,dense_newton,1.0,1,False,1e-06,hgo_qp_true_j2,cyclic,displacement_relative_l2,rollout disp rel L2,133.171,100.682,117.103,58.7397,5,<project-root>\10_results\reports\solver_in_loop_formal_main\notch_14x11\arms\no_solver_loss\summary.json
No solver loss,no_solver_loss,dense_newton,1.0,1,False,1e-06,hgo_qp_true_j2,cyclic,final_displacement_relative_l2,final disp rel L2,901.625,678.886,791.036,405.98,5,<project-root>\10_results\reports\solver_in_loop_formal_main\notch_14x11\arms\no_solver_loss\summary.json
No solver loss,no_solver_loss,dense_newton,1.0,1,False,1e-06,hgo_qp_true_j2,cyclic,qp_history_relative_l2,QP history rel L2,1.56931,0.390355,1.44659,0.514658,5,<project-root>\10_results\reports\solver_in_loop_formal_main\notch_14x11\arms\no_solver_loss\summary.json
No solver loss,no_solver_loss,dense_newton,1.0,1,False,1e-06,hgo_qp_true_j2,cyclic,qp_history_increment_relative_l2,QP history-inc rel L2,1.38132,0.204719,1.43533,0.121511,5,<project-root>\10_results\reports\solver_in_loop_formal_main\notch_14x11\arms\no_solver_loss\summary.json
No solver loss,no_solver_loss,dense_newton,1.0,1,False,1e-06,hgo_qp_true_j2,cyclic,qp_reversal_eqp_increment_relative_l2,QP reversal eqp-inc rel L2,1.09274,0.133297,1.00173,0.12186,5,<project-root>\10_results\reports\solver_in_loop_formal_main\notch_14x11\arms\no_solver_loss\summary.json
No solver loss,no_solver_loss,dense_newton,1.0,1,False,1e-06,hgo_qp_true_j2,cyclic,qp_reversal_plastic_work_increment_relative_l2,QP reversal work-inc rel L2,1.08649,0.125214,1.0015,0.111175,5,<project-root>\10_results\reports\solver_in_loop_formal_main\notch_14x11\arms\no_solver_loss\summary.json
No solver loss,no_solver_loss,dense_newton,1.0,1,False,1e-06,hgo_qp_true_j2,cyclic,qp_reversal_yield_flag_mae,QP reversal yield MAE,0.483696,0.083357,0.509058,0.0706522,5,<project-root>\10_results\reports\solver_in_loop_formal_main\notch_14x11\arms\no_solver_loss\summary.json
No solver loss,no_solver_loss,dense_newton,1.0,1,False,1e-06,hgo_qp_true_j2,cyclic,fem_residual_relative_rms,FEM residual rel RMS,10.18,6.10393,8.51417,11.0659,5,<project-root>\10_results\reports\solver_in_loop_formal_main\notch_14x11\arms\no_solver_loss\summary.json
No solver loss,no_solver_loss,dense_newton,1.0,1,False,1e-06,hgo_qp_true_j2,cyclic,fem_energy_relative_error,FEM energy rel err,159.589,149.672,67.5485,280.183,5,<project-root>\10_results\reports\solver_in_loop_formal_main\notch_14x11\arms\no_solver_loss\summary.json
No solver loss,no_solver_loss,dense_newton,1.0,1,False,1e-06,hgo_qp_true_j2,cyclic,fem_solver_linearized_residual_relative_rms,FEM tangent-solver rel RMS,333.796,251.534,289.528,150.162,5,<project-root>\10_results\reports\solver_in_loop_formal_main\notch_14x11\arms\no_solver_loss\summary.json
No solver loss,no_solver_loss,dense_newton,1.0,1,False,1e-06,hgo_qp_true_j2,cyclic,fem_newton_initial_residual_relative_rms,Newton initial residual rel RMS,9.97258,5.90706,8.46288,10.6925,5,<project-root>\10_results\reports\solver_in_loop_formal_main\notch_14x11\arms\no_solver_loss\summary.json
No solver loss,no_solver_loss,dense_newton,1.0,1,False,1e-06,hgo_qp_true_j2,cyclic,fem_newton_final_residual_relative_rms,Newton final residual rel RMS,0.000342831,0.000227423,0.000309169,0.000199619,5,<project-root>\10_results\reports\solver_in_loop_formal_main\notch_14x11\arms\no_solver_loss\summary.json
No solver loss,no_solver_loss,dense_newton,1.0,1,False,1e-06,hgo_qp_true_j2,cyclic,fem_newton_residual_ratio,Newton residual ratio,4.16534e-05,4.27521e-05,2.40653e-05,7.79944e-06,5,<project-root>\10_results\reports\solver_in_loop_formal_main\notch_14x11\arms\no_solver_loss\summary.json
No solver loss,no_solver_loss,dense_newton,1.0,1,False,1e-06,hgo_qp_true_j2,cyclic,fem_newton_residual_decrease_fraction,Newton residual decrease,0.999958,4.27665e-05,0.999976,7.86781e-06,5,<project-root>\10_results\reports\solver_in_loop_formal_main\notch_14x11\arms\no_solver_loss\summary.json
No solver loss,no_solver_loss,dense_newton,1.0,1,False,1e-06,hgo_qp_true_j2,cyclic,fem_newton_step_residual_decrease_fraction,Newton step residual decrease,0.999958,4.27665e-05,0.999976,7.86781e-06,5,<project-root>\10_results\reports\solver_in_loop_formal_main\notch_14x11\arms\no_solver_loss\summary.json
No solver loss,no_solver_loss,dense_newton,1.0,1,False,1e-06,hgo_qp_true_j2,cyclic,fem_newton_step1_residual_ratio,Newton step1 residual ratio,4.16534e-05,4.27521e-05,2.40653e-05,7.79944e-06,5,<project-root>\10_results\reports\solver_in_loop_formal_main\notch_14x11\arms\no_solver_loss\summary.json
No solver loss,no_solver_loss,dense_newton,1.0,1,False,1e-06,hgo_qp_true_j2,cyclic,fem_newton_step1_residual_decrease_fraction,Newton step1 residual decrease,0.999958,4.27665e-05,0.999976,7.86781e-06,5,<project-root>\10_results\reports\solver_in_loop_formal_main\notch_14x11\arms\no_solver_loss\summary.json
No solver loss,no_solver_loss,dense_newton,1.0,1,False,1e-06,hgo_qp_true_j2,cyclic,fem_newton_correction_relative_norm,Newton correction rel norm,2.31036,1.41827,2.63878,2.42911,5,<project-root>\10_results\reports\solver_in_loop_formal_main\notch_14x11\arms\no_solver_loss\summary.json
No solver loss,no_solver_loss,dense_newton,1.0,1,False,1e-06,hgo_qp_true_j2,cyclic,fem_newton_accepted_damping,Newton accepted damping,1,0,1,0,5,<project-root>\10_results\reports\solver_in_loop_formal_main\notch_14x11\arms\no_solver_loss\summary.json
No solver loss,no_solver_loss,dense_newton,1.0,1,False,1e-06,hgo_qp_true_j2,cyclic,fem_newton_convergence_rate,Newton convergence rate,1,0,1,0,5,<project-root>\10_results\reports\solver_in_loop_formal_main\notch_14x11\arms\no_solver_loss\summary.json
No solver loss,no_solver_loss,dense_newton,1.0,1,False,1e-06,hgo_qp_true_j2,cyclic,fem_newton_failure_rate,Newton failure rate,0,0,0,0,5,<project-root>\10_results\reports\solver_in_loop_formal_main\notch_14x11\arms\no_solver_loss\summary.json
No solver loss,no_solver_loss,dense_newton,1.0,1,False,1e-06,hgo_qp_true_j2,monotonic,displacement_relative_l2,rollout disp rel L2,150.115,113.665,132.005,67.0206,5,<project-root>\10_results\reports\solver_in_loop_formal_main\notch_14x11\arms\no_solver_loss\summary.json
No solver loss,no_solver_loss,dense_newton,1.0,1,False,1e-06,hgo_qp_true_j2,monotonic,final_displacement_relative_l2,final disp rel L2,195.608,147.725,171.835,90.0632,5,<project-root>\10_results\reports\solver_in_loop_formal_main\notch_14x11\arms\no_solver_loss\summary.json
No solver loss,no_solver_loss,dense_newton,1.0,1,False,1e-06,hgo_qp_true_j2,monotonic,qp_history_relative_l2,QP history rel L2,1.89193,0.558487,1.81272,0.674727,5,<project-root>\10_results\reports\solver_in_loop_formal_main\notch_14x11\arms\no_solver_loss\summary.json
No solver loss,no_solver_loss,dense_newton,1.0,1,False,1e-06,hgo_qp_true_j2,monotonic,qp_history_increment_relative_l2,QP history-inc rel L2,2.29735,0.670865,2.54097,0.170808,5,<project-root>\10_results\reports\solver_in_loop_formal_main\notch_14x11\arms\no_solver_loss\summary.json
No solver loss,no_solver_loss,dense_newton,1.0,1,False,1e-06,hgo_qp_true_j2,monotonic,qp_reversal_eqp_increment_relative_l2,QP reversal eqp-inc rel L2,0,0,0,0,5,<project-root>\10_results\reports\solver_in_loop_formal_main\notch_14x11\arms\no_solver_loss\summary.json
No solver loss,no_solver_loss,dense_newton,1.0,1,False,1e-06,hgo_qp_true_j2,monotonic,qp_reversal_plastic_work_increment_relative_l2,QP reversal work-inc rel L2,0,0,0,0,5,<project-root>\10_results\reports\solver_in_loop_formal_main\notch_14x11\arms\no_solver_loss\summary.json
No solver loss,no_solver_loss,dense_newton,1.0,1,False,1e-06,hgo_qp_true_j2,monotonic,qp_reversal_yield_flag_mae,QP reversal yield MAE,0,0,0,0,5,<project-root>\10_results\reports\solver_in_loop_formal_main\notch_14x11\arms\no_solver_loss\summary.json
No solver loss,no_solver_loss,dense_newton,1.0,1,False,1e-06,hgo_qp_true_j2,monotonic,fem_residual_relative_rms,FEM residual rel RMS,9.8043,5.88447,8.22466,10.8226,5,<project-root>\10_results\reports\solver_in_loop_formal_main\notch_14x11\arms\no_solver_loss\summary.json
No solver loss,no_solver_loss,dense_newton,1.0,1,False,1e-06,hgo_qp_true_j2,monotonic,fem_energy_relative_error,FEM energy rel err,67.808,60.7998,36.803,45.1058,5,<project-root>\10_results\reports\solver_in_loop_formal_main\notch_14x11\arms\no_solver_loss\summary.json
No solver loss,no_solver_loss,dense_newton,1.0,1,False,1e-06,hgo_qp_true_j2,monotonic,fem_solver_linearized_residual_relative_rms,FEM tangent-solver rel RMS,136.492,103.086,117.312,59.0498,5,<project-root>\10_results\reports\solver_in_loop_formal_main\notch_14x11\arms\no_solver_loss\summary.json
No solver loss,no_solver_loss,dense_newton,1.0,1,False,1e-06,hgo_qp_true_j2,monotonic,fem_newton_initial_residual_relative_rms,Newton initial residual rel RMS,9.59892,5.68897,8.17282,10.4204,5,<project-root>\10_results\reports\solver_in_loop_formal_main\notch_14x11\arms\no_solver_loss\summary.json
No solver loss,no_solver_loss,dense_newton,1.0,1,False,1e-06,hgo_qp_true_j2,monotonic,fem_newton_final_residual_relative_rms,Newton final residual rel RMS,0.000332936,0.000223521,0.000298321,0.00019743,5,<project-root>\10_results\reports\solver_in_loop_formal_main\notch_14x11\arms\no_solver_loss\summary.json
No solver loss,no_solver_loss,dense_newton,1.0,1,False,1e-06,hgo_qp_true_j2,monotonic,fem_newton_residual_ratio,Newton residual ratio,4.22529e-05,4.39375e-05,2.43629e-05,7.50462e-06,5,<project-root>\10_results\reports\solver_in_loop_formal_main\notch_14x11\arms\no_solver_loss\summary.json
No solver loss,no_solver_loss,dense_newton,1.0,1,False,1e-06,hgo_qp_true_j2,monotonic,fem_newton_residual_decrease_fraction,Newton residual decrease,0.999958,4.39432e-05,0.999976,7.56979e-06,5,<project-root>\10_results\reports\solver_in_loop_formal_main\notch_14x11\arms\no_solver_loss\summary.json
No solver loss,no_solver_loss,dense_newton,1.0,1,False,1e-06,hgo_qp_true_j2,monotonic,fem_newton_step_residual_decrease_fraction,Newton step residual decrease,0.999958,4.39432e-05,0.999976,7.56979e-06,5,<project-root>\10_results\reports\solver_in_loop_formal_main\notch_14x11\arms\no_solver_loss\summary.json
No solver loss,no_solver_loss,dense_newton,1.0,1,False,1e-06,hgo_qp_true_j2,monotonic,fem_newton_step1_residual_ratio,Newton step1 residual ratio,4.22529e-05,4.39375e-05,2.43629e-05,7.50462e-06,5,<project-root>\10_results\reports\solver_in_loop_formal_main\notch_14x11\arms\no_solver_loss\summary.json
No solver loss,no_solver_loss,dense_newton,1.0,1,False,1e-06,hgo_qp_true_j2,monotonic,fem_newton_step1_residual_decrease_fraction,Newton step1 residual decrease,0.999958,4.39432e-05,0.999976,7.56979e-06,5,<project-root>\10_results\reports\solver_in_loop_formal_main\notch_14x11\arms\no_solver_loss\summary.json
No solver loss,no_solver_loss,dense_newton,1.0,1,False,1e-06,hgo_qp_true_j2,monotonic,fem_newton_correction_relative_norm,Newton correction rel norm,2.48036,2.04708,2.14256,1.33132,5,<project-root>\10_results\reports\solver_in_loop_formal_main\notch_14x11\arms\no_solver_loss\summary.json
No solver loss,no_solver_loss,dense_newton,1.0,1,False,1e-06,hgo_qp_true_j2,monotonic,fem_newton_accepted_damping,Newton accepted damping,1,0,1,0,5,<project-root>\10_results\reports\solver_in_loop_formal_main\notch_14x11\arms\no_solver_loss\summary.json
No solver loss,no_solver_loss,dense_newton,1.0,1,False,1e-06,hgo_qp_true_j2,monotonic,fem_newton_convergence_rate,Newton convergence rate,1,0,1,0,5,<project-root>\10_results\reports\solver_in_loop_formal_main\notch_14x11\arms\no_solver_loss\summary.json
No solver loss,no_solver_loss,dense_newton,1.0,1,False,1e-06,hgo_qp_true_j2,monotonic,fem_newton_failure_rate,Newton failure rate,0,0,0,0,5,<project-root>\10_results\reports\solver_in_loop_formal_main\notch_14x11\arms\no_solver_loss\summary.json
No solver loss,no_solver_loss,dense_newton,1.0,1,False,1e-06,hgo_qp_true_j2,nonproportional,displacement_relative_l2,rollout disp rel L2,118.553,89.8485,104.369,53.1564,5,<project-root>\10_results\reports\solver_in_loop_formal_main\notch_14x11\arms\no_solver_loss\summary.json
No solver loss,no_solver_loss,dense_newton,1.0,1,False,1e-06,hgo_qp_true_j2,nonproportional,final_displacement_relative_l2,final disp rel L2,161.242,121.863,141.735,74.5012,5,<project-root>\10_results\reports\solver_in_loop_formal_main\notch_14x11\arms\no_solver_loss\summary.json
No solver loss,no_solver_loss,dense_newton,1.0,1,False,1e-06,hgo_qp_true_j2,nonproportional,qp_history_relative_l2,QP history rel L2,1.42269,0.276041,1.38718,0.366279,5,<project-root>\10_results\reports\solver_in_loop_formal_main\notch_14x11\arms\no_solver_loss\summary.json
No solver loss,no_solver_loss,dense_newton,1.0,1,False,1e-06,hgo_qp_true_j2,nonproportional,qp_history_increment_relative_l2,QP history-inc rel L2,2.06285,0.559028,2.18047,0.225033,5,<project-root>\10_results\reports\solver_in_loop_formal_main\notch_14x11\arms\no_solver_loss\summary.json
No solver loss,no_solver_loss,dense_newton,1.0,1,False,1e-06,hgo_qp_true_j2,nonproportional,qp_reversal_eqp_increment_relative_l2,QP reversal eqp-inc rel L2,0,0,0,0,5,<project-root>\10_results\reports\solver_in_loop_formal_main\notch_14x11\arms\no_solver_loss\summary.json
No solver loss,no_solver_loss,dense_newton,1.0,1,False,1e-06,hgo_qp_true_j2,nonproportional,qp_reversal_plastic_work_increment_relative_l2,QP reversal work-inc rel L2,0,0,0,0,5,<project-root>\10_results\reports\solver_in_loop_formal_main\notch_14x11\arms\no_solver_loss\summary.json
No solver loss,no_solver_loss,dense_newton,1.0,1,False,1e-06,hgo_qp_true_j2,nonproportional,qp_reversal_yield_flag_mae,QP reversal yield MAE,0,0,0,0,5,<project-root>\10_results\reports\solver_in_loop_formal_main\notch_14x11\arms\no_solver_loss\summary.json
No solver loss,no_solver_loss,dense_newton,1.0,1,False,1e-06,hgo_qp_true_j2,nonproportional,fem_residual_relative_rms,FEM residual rel RMS,7.87038,4.69475,6.57605,8.56728,5,<project-root>\10_results\reports\solver_in_loop_formal_main\notch_14x11\arms\no_solver_loss\summary.json
No solver loss,no_solver_loss,dense_newton,1.0,1,False,1e-06,hgo_qp_true_j2,nonproportional,fem_energy_relative_error,FEM energy rel err,55.6153,51.3099,30.4751,40.0243,5,<project-root>\10_results\reports\solver_in_loop_formal_main\notch_14x11\arms\no_solver_loss\summary.json
No solver loss,no_solver_loss,dense_newton,1.0,1,False,1e-06,hgo_qp_true_j2,nonproportional,fem_solver_linearized_residual_relative_rms,FEM tangent-solver rel RMS,110.048,83.2524,95.0322,48.1478,5,<project-root>\10_results\reports\solver_in_loop_formal_main\notch_14x11\arms\no_solver_loss\summary.json
No solver loss,no_solver_loss,dense_newton,1.0,1,False,1e-06,hgo_qp_true_j2,nonproportional,fem_newton_initial_residual_relative_rms,Newton initial residual rel RMS,7.70893,4.54242,6.53657,8.25833,5,<project-root>\10_results\reports\solver_in_loop_formal_main\notch_14x11\arms\no_solver_loss\summary.json
No solver loss,no_solver_loss,dense_newton,1.0,1,False,1e-06,hgo_qp_true_j2,nonproportional,fem_newton_final_residual_relative_rms,Newton final residual rel RMS,0.000265331,0.000176295,0.000239454,0.000159333,5,<project-root>\10_results\reports\solver_in_loop_formal_main\notch_14x11\arms\no_solver_loss\summary.json
No solver loss,no_solver_loss,dense_newton,1.0,1,False,1e-06,hgo_qp_true_j2,nonproportional,fem_newton_residual_ratio,Newton residual ratio,4.16406e-05,4.26653e-05,2.44509e-05,7.50532e-06,5,<project-root>\10_results\reports\solver_in_loop_formal_main\notch_14x11\arms\no_solver_loss\summary.json
No solver loss,no_solver_loss,dense_newton,1.0,1,False,1e-06,hgo_qp_true_j2,nonproportional,fem_newton_residual_decrease_fraction,Newton residual decrease,0.999958,4.26829e-05,0.999976,7.45058e-06,5,<project-root>\10_results\reports\solver_in_loop_formal_main\notch_14x11\arms\no_solver_loss\summary.json
No solver loss,no_solver_loss,dense_newton,1.0,1,False,1e-06,hgo_qp_true_j2,nonproportional,fem_newton_step_residual_decrease_fraction,Newton step residual decrease,0.999958,4.26829e-05,0.999976,7.45058e-06,5,<project-root>\10_results\reports\solver_in_loop_formal_main\notch_14x11\arms\no_solver_loss\summary.json
No solver loss,no_solver_loss,dense_newton,1.0,1,False,1e-06,hgo_qp_true_j2,nonproportional,fem_newton_step1_residual_ratio,Newton step1 residual ratio,4.16406e-05,4.26653e-05,2.44509e-05,7.50532e-06,5,<project-root>\10_results\reports\solver_in_loop_formal_main\notch_14x11\arms\no_solver_loss\summary.json
No solver loss,no_solver_loss,dense_newton,1.0,1,False,1e-06,hgo_qp_true_j2,nonproportional,fem_newton_step1_residual_decrease_fraction,Newton step1 residual decrease,0.999958,4.26829e-05,0.999976,7.45058e-06,5,<project-root>\10_results\reports\solver_in_loop_formal_main\notch_14x11\arms\no_solver_loss\summary.json
No solver loss,no_solver_loss,dense_newton,1.0,1,False,1e-06,hgo_qp_true_j2,nonproportional,fem_newton_correction_relative_norm,Newton correction rel norm,1.82634,1.43393,1.61299,1.07532,5,<project-root>\10_results\reports\solver_in_loop_formal_main\notch_14x11\arms\no_solver_loss\summary.json
No solver loss,no_solver_loss,dense_newton,1.0,1,False,1e-06,hgo_qp_true_j2,nonproportional,fem_newton_accepted_damping,Newton accepted damping,1,0,1,0,5,<project-root>\10_results\reports\solver_in_loop_formal_main\notch_14x11\arms\no_solver_loss\summary.json
No solver loss,no_solver_loss,dense_newton,1.0,1,False,1e-06,hgo_qp_true_j2,nonproportional,fem_newton_convergence_rate,Newton convergence rate,1,0,1,0,5,<project-root>\10_results\reports\solver_in_loop_formal_main\notch_14x11\arms\no_solver_loss\summary.json
No solver loss,no_solver_loss,dense_newton,1.0,1,False,1e-06,hgo_qp_true_j2,nonproportional,fem_newton_failure_rate,Newton failure rate,0,0,0,0,5,<project-root>\10_results\reports\solver_in_loop_formal_main\notch_14x11\arms\no_solver_loss\summary.json
No solver loss,no_solver_loss,dense_newton,1.0,1,False,1e-06,hgo_qp_true_j2,unload_reload,displacement_relative_l2,rollout disp rel L2,136.472,103.366,120.067,60.9092,5,<project-root>\10_results\reports\solver_in_loop_formal_main\notch_14x11\arms\no_solver_loss\summary.json
No solver loss,no_solver_loss,dense_newton,1.0,1,False,1e-06,hgo_qp_true_j2,unload_reload,final_displacement_relative_l2,final disp rel L2,188.2,142.145,165.403,86.4252,5,<project-root>\10_results\reports\solver_in_loop_formal_main\notch_14x11\arms\no_solver_loss\summary.json
No solver loss,no_solver_loss,dense_newton,1.0,1,False,1e-06,hgo_qp_true_j2,unload_reload,qp_history_relative_l2,QP history rel L2,1.6354,0.407505,1.57684,0.52933,5,<project-root>\10_results\reports\solver_in_loop_formal_main\notch_14x11\arms\no_solver_loss\summary.json
No solver loss,no_solver_loss,dense_newton,1.0,1,False,1e-06,hgo_qp_true_j2,unload_reload,qp_history_increment_relative_l2,QP history-inc rel L2,2.27941,0.667696,2.45398,0.261916,5,<project-root>\10_results\reports\solver_in_loop_formal_main\notch_14x11\arms\no_solver_loss\summary.json
No solver loss,no_solver_loss,dense_newton,1.0,1,False,1e-06,hgo_qp_true_j2,unload_reload,qp_reversal_eqp_increment_relative_l2,QP reversal eqp-inc rel L2,3.53759,3.50324,1.12792,3.2839,5,<project-root>\10_results\reports\solver_in_loop_formal_main\notch_14x11\arms\no_solver_loss\summary.json
No solver loss,no_solver_loss,dense_newton,1.0,1,False,1e-06,hgo_qp_true_j2,unload_reload,qp_reversal_plastic_work_increment_relative_l2,QP reversal work-inc rel L2,3.57704,3.57676,1.12358,3.30162,5,<project-root>\10_results\reports\solver_in_loop_formal_main\notch_14x11\arms\no_solver_loss\summary.json
No solver loss,no_solver_loss,dense_newton,1.0,1,False,1e-06,hgo_qp_true_j2,unload_reload,qp_reversal_yield_flag_mae,QP reversal yield MAE,0.679842,0.322128,0.869565,0.581028,5,<project-root>\10_results\reports\solver_in_loop_formal_main\notch_14x11\arms\no_solver_loss\summary.json
No solver loss,no_solver_loss,dense_newton,1.0,1,False,1e-06,hgo_qp_true_j2,unload_reload,fem_residual_relative_rms,FEM residual rel RMS,9.18409,5.49072,7.6666,9.9794,5,<project-root>\10_results\reports\solver_in_loop_formal_main\notch_14x11\arms\no_solver_loss\summary.json
No solver loss,no_solver_loss,dense_newton,1.0,1,False,1e-06,hgo_qp_true_j2,unload_reload,fem_energy_relative_error,FEM energy rel err,63.0233,56.3702,34.4765,41.5858,5,<project-root>\10_results\reports\solver_in_loop_formal_main\notch_14x11\arms\no_solver_loss\summary.json
No solver loss,no_solver_loss,dense_newton,1.0,1,False,1e-06,hgo_qp_true_j2,unload_reload,fem_solver_linearized_residual_relative_rms,FEM tangent-solver rel RMS,127.351,96.2628,109.92,55.5103,5,<project-root>\10_results\reports\solver_in_loop_formal_main\notch_14x11\arms\no_solver_loss\summary.json
No solver loss,no_solver_loss,dense_newton,1.0,1,False,1e-06,hgo_qp_true_j2,unload_reload,fem_newton_initial_residual_relative_rms,Newton initial residual rel RMS,8.9927,5.30883,7.6204,9.61763,5,<project-root>\10_results\reports\solver_in_loop_formal_main\notch_14x11\arms\no_solver_loss\summary.json
No solver loss,no_solver_loss,dense_newton,1.0,1,False,1e-06,hgo_qp_true_j2,unload_reload,fem_newton_final_residual_relative_rms,Newton final residual rel RMS,0.000308756,0.00020619,0.000278147,0.000180618,5,<project-root>\10_results\reports\solver_in_loop_formal_main\notch_14x11\arms\no_solver_loss\summary.json
No solver loss,no_solver_loss,dense_newton,1.0,1,False,1e-06,hgo_qp_true_j2,unload_reload,fem_newton_residual_ratio,Newton residual ratio,4.17361e-05,4.30482e-05,2.4081e-05,7.56408e-06,5,<project-root>\10_results\reports\solver_in_loop_formal_main\notch_14x11\arms\no_solver_loss\summary.json
No solver loss,no_solver_loss,dense_newton,1.0,1,False,1e-06,hgo_qp_true_j2,unload_reload,fem_newton_residual_decrease_fraction,Newton residual decrease,0.999958,4.30581e-05,0.999976,7.56979e-06,5,<project-root>\10_results\reports\solver_in_loop_formal_main\notch_14x11\arms\no_solver_loss\summary.json
No solver loss,no_solver_loss,dense_newton,1.0,1,False,1e-06,hgo_qp_true_j2,unload_reload,fem_newton_step_residual_decrease_fraction,Newton step residual decrease,0.999958,4.30581e-05,0.999976,7.56979e-06,5,<project-root>\10_results\reports\solver_in_loop_formal_main\notch_14x11\arms\no_solver_loss\summary.json
No solver loss,no_solver_loss,dense_newton,1.0,1,False,1e-06,hgo_qp_true_j2,unload_reload,fem_newton_step1_residual_ratio,Newton step1 residual ratio,4.17361e-05,4.30482e-05,2.4081e-05,7.56408e-06,5,<project-root>\10_results\reports\solver_in_loop_formal_main\notch_14x11\arms\no_solver_loss\summary.json
No solver loss,no_solver_loss,dense_newton,1.0,1,False,1e-06,hgo_qp_true_j2,unload_reload,fem_newton_step1_residual_decrease_fraction,Newton step1 residual decrease,0.999958,4.30581e-05,0.999976,7.56979e-06,5,<project-root>\10_results\reports\solver_in_loop_formal_main\notch_14x11\arms\no_solver_loss\summary.json
No solver loss,no_solver_loss,dense_newton,1.0,1,False,1e-06,hgo_qp_true_j2,unload_reload,fem_newton_correction_relative_norm,Newton correction rel norm,2.12376,1.68343,1.88055,1.22961,5,<project-root>\10_results\reports\solver_in_loop_formal_main\notch_14x11\arms\no_solver_loss\summary.json
No solver loss,no_solver_loss,dense_newton,1.0,1,False,1e-06,hgo_qp_true_j2,unload_reload,fem_newton_accepted_damping,Newton accepted damping,1,0,1,0,5,<project-root>\10_results\reports\solver_in_loop_formal_main\notch_14x11\arms\no_solver_loss\summary.json
No solver loss,no_solver_loss,dense_newton,1.0,1,False,1e-06,hgo_qp_true_j2,unload_reload,fem_newton_convergence_rate,Newton convergence rate,1,0,1,0,5,<project-root>\10_results\reports\solver_in_loop_formal_main\notch_14x11\arms\no_solver_loss\summary.json
No solver loss,no_solver_loss,dense_newton,1.0,1,False,1e-06,hgo_qp_true_j2,unload_reload,fem_newton_failure_rate,Newton failure rate,0,0,0,0,5,<project-root>\10_results\reports\solver_in_loop_formal_main\notch_14x11\arms\no_solver_loss\summary.json
Tangent-linearized solver loss,tangent_linearized_solver_loss,linearized,1.0,1,False,1e-06,hgo_qp_true_j2,cyclic,displacement_relative_l2,rollout disp rel L2,132.931,61.4991,111.841,118.107,5,<project-root>\10_results\reports\solver_in_loop_formal_main\notch_14x11\arms\tangent_linearized_solver_loss\summary.json
Tangent-linearized solver loss,tangent_linearized_solver_loss,linearized,1.0,1,False,1e-06,hgo_qp_true_j2,cyclic,final_displacement_relative_l2,final disp rel L2,887.368,392.782,747.017,707.409,5,<project-root>\10_results\reports\solver_in_loop_formal_main\notch_14x11\arms\tangent_linearized_solver_loss\summary.json
Tangent-linearized solver loss,tangent_linearized_solver_loss,linearized,1.0,1,False,1e-06,hgo_qp_true_j2,cyclic,qp_history_relative_l2,QP history rel L2,1.64518,0.544608,1.95064,1.02777,5,<project-root>\10_results\reports\solver_in_loop_formal_main\notch_14x11\arms\tangent_linearized_solver_loss\summary.json
Tangent-linearized solver loss,tangent_linearized_solver_loss,linearized,1.0,1,False,1e-06,hgo_qp_true_j2,cyclic,qp_history_increment_relative_l2,QP history-inc rel L2,1.18721,0.220996,1.09743,0.245007,5,<project-root>\10_results\reports\solver_in_loop_formal_main\notch_14x11\arms\tangent_linearized_solver_loss\summary.json
Tangent-linearized solver loss,tangent_linearized_solver_loss,linearized,1.0,1,False,1e-06,hgo_qp_true_j2,cyclic,qp_reversal_eqp_increment_relative_l2,QP reversal eqp-inc rel L2,1.09613,0.109279,1.026,0.196595,5,<project-root>\10_results\reports\solver_in_loop_formal_main\notch_14x11\arms\tangent_linearized_solver_loss\summary.json
Tangent-linearized solver loss,tangent_linearized_solver_loss,linearized,1.0,1,False,1e-06,hgo_qp_true_j2,cyclic,qp_reversal_plastic_work_increment_relative_l2,QP reversal work-inc rel L2,1.08753,0.0997511,1.02328,0.178373,5,<project-root>\10_results\reports\solver_in_loop_formal_main\notch_14x11\arms\tangent_linearized_solver_loss\summary.json
Tangent-linearized solver loss,tangent_linearized_solver_loss,linearized,1.0,1,False,1e-06,hgo_qp_true_j2,cyclic,qp_reversal_yield_flag_mae,QP reversal yield MAE,0.456884,0.0685386,0.476449,0.119565,5,<project-root>\10_results\reports\solver_in_loop_formal_main\notch_14x11\arms\tangent_linearized_solver_loss\summary.json
Tangent-linearized solver loss,tangent_linearized_solver_loss,linearized,1.0,1,False,1e-06,hgo_qp_true_j2,cyclic,fem_residual_relative_rms,FEM residual rel RMS,10.195,5.9514,12.4502,12.0059,5,<project-root>\10_results\reports\solver_in_loop_formal_main\notch_14x11\arms\tangent_linearized_solver_loss\summary.json
Tangent-linearized solver loss,tangent_linearized_solver_loss,linearized,1.0,1,False,1e-06,hgo_qp_true_j2,cyclic,fem_energy_relative_error,FEM energy rel err,162.958,116.085,186.538,190.974,5,<project-root>\10_results\reports\solver_in_loop_formal_main\notch_14x11\arms\tangent_linearized_solver_loss\summary.json
Tangent-linearized solver loss,tangent_linearized_solver_loss,linearized,1.0,1,False,1e-06,hgo_qp_true_j2,cyclic,fem_solver_linearized_residual_relative_rms,FEM tangent-solver rel RMS,3.38007,0.971139,3.65792,1.82566,5,<project-root>\10_results\reports\solver_in_loop_formal_main\notch_14x11\arms\tangent_linearized_solver_loss\summary.json
Tangent-linearized solver loss,tangent_linearized_solver_loss,linearized,1.0,1,False,1e-06,hgo_qp_true_j2,monotonic,displacement_relative_l2,rollout disp rel L2,149.962,69.505,125.88,133.712,5,<project-root>\10_results\reports\solver_in_loop_formal_main\notch_14x11\arms\tangent_linearized_solver_loss\summary.json
Tangent-linearized solver loss,tangent_linearized_solver_loss,linearized,1.0,1,False,1e-06,hgo_qp_true_j2,monotonic,final_displacement_relative_l2,final disp rel L2,192.523,85.5834,161.38,153.359,5,<project-root>\10_results\reports\solver_in_loop_formal_main\notch_14x11\arms\tangent_linearized_solver_loss\summary.json
Tangent-linearized solver loss,tangent_linearized_solver_loss,linearized,1.0,1,False,1e-06,hgo_qp_true_j2,monotonic,qp_history_relative_l2,QP history rel L2,1.94718,0.79536,2.43857,1.49277,5,<project-root>\10_results\reports\solver_in_loop_formal_main\notch_14x11\arms\tangent_linearized_solver_loss\summary.json
Tangent-linearized solver loss,tangent_linearized_solver_loss,linearized,1.0,1,False,1e-06,hgo_qp_true_j2,monotonic,qp_history_increment_relative_l2,QP history-inc rel L2,1.65514,0.752484,1.36254,0.89585,5,<project-root>\10_results\reports\solver_in_loop_formal_main\notch_14x11\arms\tangent_linearized_solver_loss\summary.json
Tangent-linearized solver loss,tangent_linearized_solver_loss,linearized,1.0,1,False,1e-06,hgo_qp_true_j2,monotonic,qp_reversal_eqp_increment_relative_l2,QP reversal eqp-inc rel L2,0,0,0,0,5,<project-root>\10_results\reports\solver_in_loop_formal_main\notch_14x11\arms\tangent_linearized_solver_loss\summary.json
Tangent-linearized solver loss,tangent_linearized_solver_loss,linearized,1.0,1,False,1e-06,hgo_qp_true_j2,monotonic,qp_reversal_plastic_work_increment_relative_l2,QP reversal work-inc rel L2,0,0,0,0,5,<project-root>\10_results\reports\solver_in_loop_formal_main\notch_14x11\arms\tangent_linearized_solver_loss\summary.json
Tangent-linearized solver loss,tangent_linearized_solver_loss,linearized,1.0,1,False,1e-06,hgo_qp_true_j2,monotonic,qp_reversal_yield_flag_mae,QP reversal yield MAE,0,0,0,0,5,<project-root>\10_results\reports\solver_in_loop_formal_main\notch_14x11\arms\tangent_linearized_solver_loss\summary.json
Tangent-linearized solver loss,tangent_linearized_solver_loss,linearized,1.0,1,False,1e-06,hgo_qp_true_j2,monotonic,fem_residual_relative_rms,FEM residual rel RMS,9.82697,5.7717,11.8495,11.8126,5,<project-root>\10_results\reports\solver_in_loop_formal_main\notch_14x11\arms\tangent_linearized_solver_loss\summary.json
Tangent-linearized solver loss,tangent_linearized_solver_loss,linearized,1.0,1,False,1e-06,hgo_qp_true_j2,monotonic,fem_energy_relative_error,FEM energy rel err,33.2476,18.2871,24.1061,19.7526,5,<project-root>\10_results\reports\solver_in_loop_formal_main\notch_14x11\arms\tangent_linearized_solver_loss\summary.json
Tangent-linearized solver loss,tangent_linearized_solver_loss,linearized,1.0,1,False,1e-06,hgo_qp_true_j2,monotonic,fem_solver_linearized_residual_relative_rms,FEM tangent-solver rel RMS,2.35313,1.61847,3.22477,3.23864,5,<project-root>\10_results\reports\solver_in_loop_formal_main\notch_14x11\arms\tangent_linearized_solver_loss\summary.json
Tangent-linearized solver loss,tangent_linearized_solver_loss,linearized,1.0,1,False,1e-06,hgo_qp_true_j2,nonproportional,displacement_relative_l2,rollout disp rel L2,118.302,54.9077,99.278,105.631,5,<project-root>\10_results\reports\solver_in_loop_formal_main\notch_14x11\arms\tangent_linearized_solver_loss\summary.json
Tangent-linearized solver loss,tangent_linearized_solver_loss,linearized,1.0,1,False,1e-06,hgo_qp_true_j2,nonproportional,final_displacement_relative_l2,final disp rel L2,158.606,70.5716,132.876,126.512,5,<project-root>\10_results\reports\solver_in_loop_formal_main\notch_14x11\arms\tangent_linearized_solver_loss\summary.json
Tangent-linearized solver loss,tangent_linearized_solver_loss,linearized,1.0,1,False,1e-06,hgo_qp_true_j2,nonproportional,qp_history_relative_l2,QP history rel L2,1.46371,0.390777,1.70379,0.73643,5,<project-root>\10_results\reports\solver_in_loop_formal_main\notch_14x11\arms\tangent_linearized_solver_loss\summary.json
Tangent-linearized solver loss,tangent_linearized_solver_loss,linearized,1.0,1,False,1e-06,hgo_qp_true_j2,nonproportional,qp_history_increment_relative_l2,QP history-inc rel L2,1.53854,0.628331,1.28958,0.716756,5,<project-root>\10_results\reports\solver_in_loop_formal_main\notch_14x11\arms\tangent_linearized_solver_loss\summary.json
Tangent-linearized solver loss,tangent_linearized_solver_loss,linearized,1.0,1,False,1e-06,hgo_qp_true_j2,nonproportional,qp_reversal_eqp_increment_relative_l2,QP reversal eqp-inc rel L2,0,0,0,0,5,<project-root>\10_results\reports\solver_in_loop_formal_main\notch_14x11\arms\tangent_linearized_solver_loss\summary.json
Tangent-linearized solver loss,tangent_linearized_solver_loss,linearized,1.0,1,False,1e-06,hgo_qp_true_j2,nonproportional,qp_reversal_plastic_work_increment_relative_l2,QP reversal work-inc rel L2,0,0,0,0,5,<project-root>\10_results\reports\solver_in_loop_formal_main\notch_14x11\arms\tangent_linearized_solver_loss\summary.json
Tangent-linearized solver loss,tangent_linearized_solver_loss,linearized,1.0,1,False,1e-06,hgo_qp_true_j2,nonproportional,qp_reversal_yield_flag_mae,QP reversal yield MAE,0,0,0,0,5,<project-root>\10_results\reports\solver_in_loop_formal_main\notch_14x11\arms\tangent_linearized_solver_loss\summary.json
Tangent-linearized solver loss,tangent_linearized_solver_loss,linearized,1.0,1,False,1e-06,hgo_qp_true_j2,nonproportional,fem_residual_relative_rms,FEM residual rel RMS,7.86036,4.59844,9.54226,9.2734,5,<project-root>\10_results\reports\solver_in_loop_formal_main\notch_14x11\arms\tangent_linearized_solver_loss\summary.json
Tangent-linearized solver loss,tangent_linearized_solver_loss,linearized,1.0,1,False,1e-06,hgo_qp_true_j2,nonproportional,fem_energy_relative_error,FEM energy rel err,26.5189,14.817,23.4514,12.9624,5,<project-root>\10_results\reports\solver_in_loop_formal_main\notch_14x11\arms\tangent_linearized_solver_loss\summary.json
Tangent-linearized solver loss,tangent_linearized_solver_loss,linearized,1.0,1,False,1e-06,hgo_qp_true_j2,nonproportional,fem_solver_linearized_residual_relative_rms,FEM tangent-solver rel RMS,2.16025,1.13895,2.69969,2.29569,5,<project-root>\10_results\reports\solver_in_loop_formal_main\notch_14x11\arms\tangent_linearized_solver_loss\summary.json
Tangent-linearized solver loss,tangent_linearized_solver_loss,linearized,1.0,1,False,1e-06,hgo_qp_true_j2,unload_reload,displacement_relative_l2,rollout disp rel L2,136.205,63.1464,114.347,121.389,5,<project-root>\10_results\reports\solver_in_loop_formal_main\notch_14x11\arms\tangent_linearized_solver_loss\summary.json
Tangent-linearized solver loss,tangent_linearized_solver_loss,linearized,1.0,1,False,1e-06,hgo_qp_true_j2,unload_reload,final_displacement_relative_l2,final disp rel L2,185.005,82.2226,155.182,147.724,5,<project-root>\10_results\reports\solver_in_loop_formal_main\notch_14x11\arms\tangent_linearized_solver_loss\summary.json
Tangent-linearized solver loss,tangent_linearized_solver_loss,linearized,1.0,1,False,1e-06,hgo_qp_true_j2,unload_reload,qp_history_relative_l2,QP history rel L2,1.68896,0.579037,2.0499,1.08807,5,<project-root>\10_results\reports\solver_in_loop_formal_main\notch_14x11\arms\tangent_linearized_solver_loss\summary.json
Tangent-linearized solver loss,tangent_linearized_solver_loss,linearized,1.0,1,False,1e-06,hgo_qp_true_j2,unload_reload,qp_history_increment_relative_l2,QP history-inc rel L2,1.64929,0.756017,1.35211,0.864389,5,<project-root>\10_results\reports\solver_in_loop_formal_main\notch_14x11\arms\tangent_linearized_solver_loss\summary.json
Tangent-linearized solver loss,tangent_linearized_solver_loss,linearized,1.0,1,False,1e-06,hgo_qp_true_j2,unload_reload,qp_reversal_eqp_increment_relative_l2,QP reversal eqp-inc rel L2,4.02398,2.83992,3.47901,6.2643,5,<project-root>\10_results\reports\solver_in_loop_formal_main\notch_14x11\arms\tangent_linearized_solver_loss\summary.json
Tangent-linearized solver loss,tangent_linearized_solver_loss,linearized,1.0,1,False,1e-06,hgo_qp_true_j2,unload_reload,qp_reversal_plastic_work_increment_relative_l2,QP reversal work-inc rel L2,4.05581,2.86781,3.51285,6.316,5,<project-root>\10_results\reports\solver_in_loop_formal_main\notch_14x11\arms\tangent_linearized_solver_loss\summary.json
Tangent-linearized solver loss,tangent_linearized_solver_loss,linearized,1.0,1,False,1e-06,hgo_qp_true_j2,unload_reload,qp_reversal_yield_flag_mae,QP reversal yield MAE,0.534387,0.400108,0.371542,0.699605,5,<project-root>\10_results\reports\solver_in_loop_formal_main\notch_14x11\arms\tangent_linearized_solver_loss\summary.json
Tangent-linearized solver loss,tangent_linearized_solver_loss,linearized,1.0,1,False,1e-06,hgo_qp_true_j2,unload_reload,fem_residual_relative_rms,FEM residual rel RMS,9.13521,5.33633,11.125,10.7658,5,<project-root>\10_results\reports\solver_in_loop_formal_main\notch_14x11\arms\tangent_linearized_solver_loss\summary.json
Tangent-linearized solver loss,tangent_linearized_solver_loss,linearized,1.0,1,False,1e-06,hgo_qp_true_j2,unload_reload,fem_energy_relative_error,FEM energy rel err,29.9087,17.1125,22.8599,20.1768,5,<project-root>\10_results\reports\solver_in_loop_formal_main\notch_14x11\arms\tangent_linearized_solver_loss\summary.json
Tangent-linearized solver loss,tangent_linearized_solver_loss,linearized,1.0,1,False,1e-06,hgo_qp_true_j2,unload_reload,fem_solver_linearized_residual_relative_rms,FEM tangent-solver rel RMS,2.30583,1.4623,3.04079,2.93984,5,<project-root>\10_results\reports\solver_in_loop_formal_main\notch_14x11\arms\tangent_linearized_solver_loss\summary.json
One-step dense Newton,one_step_dense_newton,dense_newton,1.0,1,False,1e-06,hgo_qp_true_j2,cyclic,displacement_relative_l2,rollout disp rel L2,137.525,47.5321,117.343,59.8244,5,<project-root>\10_results\reports\solver_in_loop_formal_main\notch_14x11\arms\one_step_dense_newton\summary.json
One-step dense Newton,one_step_dense_newton,dense_newton,1.0,1,False,1e-06,hgo_qp_true_j2,cyclic,final_displacement_relative_l2,final disp rel L2,929.891,317.604,778.633,444.628,5,<project-root>\10_results\reports\solver_in_loop_formal_main\notch_14x11\arms\one_step_dense_newton\summary.json
One-step dense Newton,one_step_dense_newton,dense_newton,1.0,1,False,1e-06,hgo_qp_true_j2,cyclic,qp_history_relative_l2,QP history rel L2,1.53664,0.419453,1.72184,0.650334,5,<project-root>\10_results\reports\solver_in_loop_formal_main\notch_14x11\arms\one_step_dense_newton\summary.json
One-step dense Newton,one_step_dense_newton,dense_newton,1.0,1,False,1e-06,hgo_qp_true_j2,cyclic,qp_history_increment_relative_l2,QP history-inc rel L2,1.37193,0.221855,1.47155,0.236203,5,<project-root>\10_results\reports\solver_in_loop_formal_main\notch_14x11\arms\one_step_dense_newton\summary.json
One-step dense Newton,one_step_dense_newton,dense_newton,1.0,1,False,1e-06,hgo_qp_true_j2,cyclic,qp_reversal_eqp_increment_relative_l2,QP reversal eqp-inc rel L2,1.07461,0.0695078,1.0642,0.144517,5,<project-root>\10_results\reports\solver_in_loop_formal_main\notch_14x11\arms\one_step_dense_newton\summary.json
One-step dense Newton,one_step_dense_newton,dense_newton,1.0,1,False,1e-06,hgo_qp_true_j2,cyclic,qp_reversal_plastic_work_increment_relative_l2,QP reversal work-inc rel L2,1.06728,0.0630093,1.05632,0.132752,5,<project-root>\10_results\reports\solver_in_loop_formal_main\notch_14x11\arms\one_step_dense_newton\summary.json
One-step dense Newton,one_step_dense_newton,dense_newton,1.0,1,False,1e-06,hgo_qp_true_j2,cyclic,qp_reversal_yield_flag_mae,QP reversal yield MAE,0.439855,0.0881292,0.400362,0.157609,5,<project-root>\10_results\reports\solver_in_loop_formal_main\notch_14x11\arms\one_step_dense_newton\summary.json
One-step dense Newton,one_step_dense_newton,dense_newton,1.0,1,False,1e-06,hgo_qp_true_j2,cyclic,fem_residual_relative_rms,FEM residual rel RMS,9.27224,4.29826,11.2623,5.58087,5,<project-root>\10_results\reports\solver_in_loop_formal_main\notch_14x11\arms\one_step_dense_newton\summary.json
One-step dense Newton,one_step_dense_newton,dense_newton,1.0,1,False,1e-06,hgo_qp_true_j2,cyclic,fem_energy_relative_error,FEM energy rel err,142.716,80.0032,159.346,70.9227,5,<project-root>\10_results\reports\solver_in_loop_formal_main\notch_14x11\arms\one_step_dense_newton\summary.json
One-step dense Newton,one_step_dense_newton,dense_newton,1.0,1,False,1e-06,hgo_qp_true_j2,cyclic,fem_solver_linearized_residual_relative_rms,FEM tangent-solver rel RMS,345.441,118.256,288.603,161.535,5,<project-root>\10_results\reports\solver_in_loop_formal_main\notch_14x11\arms\one_step_dense_newton\summary.json
One-step dense Newton,one_step_dense_newton,dense_newton,1.0,1,False,1e-06,hgo_qp_true_j2,cyclic,fem_newton_initial_residual_relative_rms,Newton initial residual rel RMS,8.88586,4.08799,10.5785,4.89589,5,<project-root>\10_results\reports\solver_in_loop_formal_main\notch_14x11\arms\one_step_dense_newton\summary.json
One-step dense Newton,one_step_dense_newton,dense_newton,1.0,1,False,1e-06,hgo_qp_true_j2,cyclic,fem_newton_final_residual_relative_rms,Newton final residual rel RMS,0.000374592,0.000312371,0.000263038,0.00031059,5,<project-root>\10_results\reports\solver_in_loop_formal_main\notch_14x11\arms\one_step_dense_newton\summary.json
One-step dense Newton,one_step_dense_newton,dense_newton,1.0,1,False,1e-06,hgo_qp_true_j2,cyclic,fem_newton_residual_ratio,Newton residual ratio,4.38019e-05,3.77118e-05,2.99685e-05,1.18173e-05,5,<project-root>\10_results\reports\solver_in_loop_formal_main\notch_14x11\arms\one_step_dense_newton\summary.json
One-step dense Newton,one_step_dense_newton,dense_newton,1.0,1,False,1e-06,hgo_qp_true_j2,cyclic,fem_newton_residual_decrease_fraction,Newton residual decrease,0.999956,3.76985e-05,0.99997,1.18613e-05,5,<project-root>\10_results\reports\solver_in_loop_formal_main\notch_14x11\arms\one_step_dense_newton\summary.json
One-step dense Newton,one_step_dense_newton,dense_newton,1.0,1,False,1e-06,hgo_qp_true_j2,cyclic,fem_newton_step_residual_decrease_fraction,Newton step residual decrease,0.999956,3.76985e-05,0.99997,1.18613e-05,5,<project-root>\10_results\reports\solver_in_loop_formal_main\notch_14x11\arms\one_step_dense_newton\summary.json
One-step dense Newton,one_step_dense_newton,dense_newton,1.0,1,False,1e-06,hgo_qp_true_j2,cyclic,fem_newton_step1_residual_ratio,Newton step1 residual ratio,4.38019e-05,3.77118e-05,2.99685e-05,1.18173e-05,5,<project-root>\10_results\reports\solver_in_loop_formal_main\notch_14x11\arms\one_step_dense_newton\summary.json
One-step dense Newton,one_step_dense_newton,dense_newton,1.0,1,False,1e-06,hgo_qp_true_j2,cyclic,fem_newton_step1_residual_decrease_fraction,Newton step1 residual decrease,0.999956,3.76985e-05,0.99997,1.18613e-05,5,<project-root>\10_results\reports\solver_in_loop_formal_main\notch_14x11\arms\one_step_dense_newton\summary.json
One-step dense Newton,one_step_dense_newton,dense_newton,1.0,1,False,1e-06,hgo_qp_true_j2,cyclic,fem_newton_correction_relative_norm,Newton correction rel norm,2.46418,2.06891,1.97309,2.49136,5,<project-root>\10_results\reports\solver_in_loop_formal_main\notch_14x11\arms\one_step_dense_newton\summary.json
One-step dense Newton,one_step_dense_newton,dense_newton,1.0,1,False,1e-06,hgo_qp_true_j2,cyclic,fem_newton_accepted_damping,Newton accepted damping,1,0,1,0,5,<project-root>\10_results\reports\solver_in_loop_formal_main\notch_14x11\arms\one_step_dense_newton\summary.json
One-step dense Newton,one_step_dense_newton,dense_newton,1.0,1,False,1e-06,hgo_qp_true_j2,cyclic,fem_newton_convergence_rate,Newton convergence rate,1,0,1,0,5,<project-root>\10_results\reports\solver_in_loop_formal_main\notch_14x11\arms\one_step_dense_newton\summary.json
One-step dense Newton,one_step_dense_newton,dense_newton,1.0,1,False,1e-06,hgo_qp_true_j2,cyclic,fem_newton_failure_rate,Newton failure rate,0,0,0,0,5,<project-root>\10_results\reports\solver_in_loop_formal_main\notch_14x11\arms\one_step_dense_newton\summary.json
One-step dense Newton,one_step_dense_newton,dense_newton,1.0,1,False,1e-06,hgo_qp_true_j2,monotonic,displacement_relative_l2,rollout disp rel L2,154.814,53.6085,132.101,67.9678,5,<project-root>\10_results\reports\solver_in_loop_formal_main\notch_14x11\arms\one_step_dense_newton\summary.json
One-step dense Newton,one_step_dense_newton,dense_newton,1.0,1,False,1e-06,hgo_qp_true_j2,monotonic,final_displacement_relative_l2,final disp rel L2,201.189,68.8206,168.813,97.2452,5,<project-root>\10_results\reports\solver_in_loop_formal_main\notch_14x11\arms\one_step_dense_newton\summary.json
One-step dense Newton,one_step_dense_newton,dense_newton,1.0,1,False,1e-06,hgo_qp_true_j2,monotonic,qp_history_relative_l2,QP history rel L2,1.81027,0.610184,2.03025,0.970654,5,<project-root>\10_results\reports\solver_in_loop_formal_main\notch_14x11\arms\one_step_dense_newton\summary.json
One-step dense Newton,one_step_dense_newton,dense_newton,1.0,1,False,1e-06,hgo_qp_true_j2,monotonic,qp_history_increment_relative_l2,QP history-inc rel L2,2.27604,0.749304,2.5097,0.854234,5,<project-root>\10_results\reports\solver_in_loop_formal_main\notch_14x11\arms\one_step_dense_newton\summary.json
One-step dense Newton,one_step_dense_newton,dense_newton,1.0,1,False,1e-06,hgo_qp_true_j2,monotonic,qp_reversal_eqp_increment_relative_l2,QP reversal eqp-inc rel L2,0,0,0,0,5,<project-root>\10_results\reports\solver_in_loop_formal_main\notch_14x11\arms\one_step_dense_newton\summary.json
One-step dense Newton,one_step_dense_newton,dense_newton,1.0,1,False,1e-06,hgo_qp_true_j2,monotonic,qp_reversal_plastic_work_increment_relative_l2,QP reversal work-inc rel L2,0,0,0,0,5,<project-root>\10_results\reports\solver_in_loop_formal_main\notch_14x11\arms\one_step_dense_newton\summary.json
One-step dense Newton,one_step_dense_newton,dense_newton,1.0,1,False,1e-06,hgo_qp_true_j2,monotonic,qp_reversal_yield_flag_mae,QP reversal yield MAE,0,0,0,0,5,<project-root>\10_results\reports\solver_in_loop_formal_main\notch_14x11\arms\one_step_dense_newton\summary.json
One-step dense Newton,one_step_dense_newton,dense_newton,1.0,1,False,1e-06,hgo_qp_true_j2,monotonic,fem_residual_relative_rms,FEM residual rel RMS,8.88356,4.11145,10.7636,5.3487,5,<project-root>\10_results\reports\solver_in_loop_formal_main\notch_14x11\arms\one_step_dense_newton\summary.json
One-step dense Newton,one_step_dense_newton,dense_newton,1.0,1,False,1e-06,hgo_qp_true_j2,monotonic,fem_energy_relative_error,FEM energy rel err,64.7992,39.8856,48.957,49.1241,5,<project-root>\10_results\reports\solver_in_loop_formal_main\notch_14x11\arms\one_step_dense_newton\summary.json
One-step dense Newton,one_step_dense_newton,dense_newton,1.0,1,False,1e-06,hgo_qp_true_j2,monotonic,fem_solver_linearized_residual_relative_rms,FEM tangent-solver rel RMS,141.853,49.0752,122.05,59.7795,5,<project-root>\10_results\reports\solver_in_loop_formal_main\notch_14x11\arms\one_step_dense_newton\summary.json
One-step dense Newton,one_step_dense_newton,dense_newton,1.0,1,False,1e-06,hgo_qp_true_j2,monotonic,fem_newton_initial_residual_relative_rms,Newton initial residual rel RMS,8.51664,3.91139,10.1237,4.68707,5,<project-root>\10_results\reports\solver_in_loop_formal_main\notch_14x11\arms\one_step_dense_newton\summary.json
One-step dense Newton,one_step_dense_newton,dense_newton,1.0,1,False,1e-06,hgo_qp_true_j2,monotonic,fem_newton_final_residual_relative_rms,Newton final residual rel RMS,0.000359961,0.000301923,0.00025597,0.000289525,5,<project-root>\10_results\reports\solver_in_loop_formal_main\notch_14x11\arms\one_step_dense_newton\summary.json
One-step dense Newton,one_step_dense_newton,dense_newton,1.0,1,False,1e-06,hgo_qp_true_j2,monotonic,fem_newton_residual_ratio,Newton residual ratio,4.39516e-05,3.81856e-05,2.98301e-05,1.09662e-05,5,<project-root>\10_results\reports\solver_in_loop_formal_main\notch_14x11\arms\one_step_dense_newton\summary.json
One-step dense Newton,one_step_dense_newton,dense_newton,1.0,1,False,1e-06,hgo_qp_true_j2,monotonic,fem_newton_residual_decrease_fraction,Newton residual decrease,0.999956,3.82037e-05,0.99997,1.10269e-05,5,<project-root>\10_results\reports\solver_in_loop_formal_main\notch_14x11\arms\one_step_dense_newton\summary.json
One-step dense Newton,one_step_dense_newton,dense_newton,1.0,1,False,1e-06,hgo_qp_true_j2,monotonic,fem_newton_step_residual_decrease_fraction,Newton step residual decrease,0.999956,3.82037e-05,0.99997,1.10269e-05,5,<project-root>\10_results\reports\solver_in_loop_formal_main\notch_14x11\arms\one_step_dense_newton\summary.json
One-step dense Newton,one_step_dense_newton,dense_newton,1.0,1,False,1e-06,hgo_qp_true_j2,monotonic,fem_newton_step1_residual_ratio,Newton step1 residual ratio,4.39516e-05,3.81856e-05,2.98301e-05,1.09662e-05,5,<project-root>\10_results\reports\solver_in_loop_formal_main\notch_14x11\arms\one_step_dense_newton\summary.json
One-step dense Newton,one_step_dense_newton,dense_newton,1.0,1,False,1e-06,hgo_qp_true_j2,monotonic,fem_newton_step1_residual_decrease_fraction,Newton step1 residual decrease,0.999956,3.82037e-05,0.99997,1.10269e-05,5,<project-root>\10_results\reports\solver_in_loop_formal_main\notch_14x11\arms\one_step_dense_newton\summary.json
One-step dense Newton,one_step_dense_newton,dense_newton,1.0,1,False,1e-06,hgo_qp_true_j2,monotonic,fem_newton_correction_relative_norm,Newton correction rel norm,2.8591,2.98795,1.44749,2.49803,5,<project-root>\10_results\reports\solver_in_loop_formal_main\notch_14x11\arms\one_step_dense_newton\summary.json
One-step dense Newton,one_step_dense_newton,dense_newton,1.0,1,False,1e-06,hgo_qp_true_j2,monotonic,fem_newton_accepted_damping,Newton accepted damping,1,0,1,0,5,<project-root>\10_results\reports\solver_in_loop_formal_main\notch_14x11\arms\one_step_dense_newton\summary.json
One-step dense Newton,one_step_dense_newton,dense_newton,1.0,1,False,1e-06,hgo_qp_true_j2,monotonic,fem_newton_convergence_rate,Newton convergence rate,1,0,1,0,5,<project-root>\10_results\reports\solver_in_loop_formal_main\notch_14x11\arms\one_step_dense_newton\summary.json
One-step dense Newton,one_step_dense_newton,dense_newton,1.0,1,False,1e-06,hgo_qp_true_j2,monotonic,fem_newton_failure_rate,Newton failure rate,0,0,0,0,5,<project-root>\10_results\reports\solver_in_loop_formal_main\notch_14x11\arms\one_step_dense_newton\summary.json
One-step dense Newton,one_step_dense_newton,dense_newton,1.0,1,False,1e-06,hgo_qp_true_j2,nonproportional,displacement_relative_l2,rollout disp rel L2,122.197,42.257,104.43,53.5452,5,<project-root>\10_results\reports\solver_in_loop_formal_main\notch_14x11\arms\one_step_dense_newton\summary.json
One-step dense Newton,one_step_dense_newton,dense_newton,1.0,1,False,1e-06,hgo_qp_true_j2,nonproportional,final_displacement_relative_l2,final disp rel L2,165.744,56.6653,139.202,80.0755,5,<project-root>\10_results\reports\solver_in_loop_formal_main\notch_14x11\arms\one_step_dense_newton\summary.json
One-step dense Newton,one_step_dense_newton,dense_newton,1.0,1,False,1e-06,hgo_qp_true_j2,nonproportional,qp_history_relative_l2,QP history rel L2,1.37876,0.305057,1.45045,0.515687,5,<project-root>\10_results\reports\solver_in_loop_formal_main\notch_14x11\arms\one_step_dense_newton\summary.json
One-step dense Newton,one_step_dense_newton,dense_newton,1.0,1,False,1e-06,hgo_qp_true_j2,nonproportional,qp_history_increment_relative_l2,QP history-inc rel L2,2.0401,0.632684,2.2043,0.784374,5,<project-root>\10_results\reports\solver_in_loop_formal_main\notch_14x11\arms\one_step_dense_newton\summary.json
One-step dense Newton,one_step_dense_newton,dense_newton,1.0,1,False,1e-06,hgo_qp_true_j2,nonproportional,qp_reversal_eqp_increment_relative_l2,QP reversal eqp-inc rel L2,0,0,0,0,5,<project-root>\10_results\reports\solver_in_loop_formal_main\notch_14x11\arms\one_step_dense_newton\summary.json
One-step dense Newton,one_step_dense_newton,dense_newton,1.0,1,False,1e-06,hgo_qp_true_j2,nonproportional,qp_reversal_plastic_work_increment_relative_l2,QP reversal work-inc rel L2,0,0,0,0,5,<project-root>\10_results\reports\solver_in_loop_formal_main\notch_14x11\arms\one_step_dense_newton\summary.json
One-step dense Newton,one_step_dense_newton,dense_newton,1.0,1,False,1e-06,hgo_qp_true_j2,nonproportional,qp_reversal_yield_flag_mae,QP reversal yield MAE,0,0,0,0,5,<project-root>\10_results\reports\solver_in_loop_formal_main\notch_14x11\arms\one_step_dense_newton\summary.json
One-step dense Newton,one_step_dense_newton,dense_newton,1.0,1,False,1e-06,hgo_qp_true_j2,nonproportional,fem_residual_relative_rms,FEM residual rel RMS,7.14789,3.30869,8.61911,4.35401,5,<project-root>\10_results\reports\solver_in_loop_formal_main\notch_14x11\arms\one_step_dense_newton\summary.json
One-step dense Newton,one_step_dense_newton,dense_newton,1.0,1,False,1e-06,hgo_qp_true_j2,nonproportional,fem_energy_relative_error,FEM energy rel err,52.1403,32.0127,40.5154,43.4437,5,<project-root>\10_results\reports\solver_in_loop_formal_main\notch_14x11\arms\one_step_dense_newton\summary.json
One-step dense Newton,one_step_dense_newton,dense_newton,1.0,1,False,1e-06,hgo_qp_true_j2,nonproportional,fem_solver_linearized_residual_relative_rms,FEM tangent-solver rel RMS,114.034,39.3892,98.078,48.4674,5,<project-root>\10_results\reports\solver_in_loop_formal_main\notch_14x11\arms\one_step_dense_newton\summary.json
One-step dense Newton,one_step_dense_newton,dense_newton,1.0,1,False,1e-06,hgo_qp_true_j2,nonproportional,fem_newton_initial_residual_relative_rms,Newton initial residual rel RMS,6.8521,3.14757,8.10896,3.81253,5,<project-root>\10_results\reports\solver_in_loop_formal_main\notch_14x11\arms\one_step_dense_newton\summary.json
One-step dense Newton,one_step_dense_newton,dense_newton,1.0,1,False,1e-06,hgo_qp_true_j2,nonproportional,fem_newton_final_residual_relative_rms,Newton final residual rel RMS,0.000290222,0.000242705,0.000204341,0.000239768,5,<project-root>\10_results\reports\solver_in_loop_formal_main\notch_14x11\arms\one_step_dense_newton\summary.json
One-step dense Newton,one_step_dense_newton,dense_newton,1.0,1,False,1e-06,hgo_qp_true_j2,nonproportional,fem_newton_residual_ratio,Newton residual ratio,4.3972e-05,3.80274e-05,2.98627e-05,1.15647e-05,5,<project-root>\10_results\reports\solver_in_loop_formal_main\notch_14x11\arms\one_step_dense_newton\summary.json
One-step dense Newton,one_step_dense_newton,dense_newton,1.0,1,False,1e-06,hgo_qp_true_j2,nonproportional,fem_newton_residual_decrease_fraction,Newton residual decrease,0.999956,3.80269e-05,0.99997,1.15037e-05,5,<project-root>\10_results\reports\solver_in_loop_formal_main\notch_14x11\arms\one_step_dense_newton\summary.json
One-step dense Newton,one_step_dense_newton,dense_newton,1.0,1,False,1e-06,hgo_qp_true_j2,nonproportional,fem_newton_step_residual_decrease_fraction,Newton step residual decrease,0.999956,3.80269e-05,0.99997,1.15037e-05,5,<project-root>\10_results\reports\solver_in_loop_formal_main\notch_14x11\arms\one_step_dense_newton\summary.json
One-step dense Newton,one_step_dense_newton,dense_newton,1.0,1,False,1e-06,hgo_qp_true_j2,nonproportional,fem_newton_step1_residual_ratio,Newton step1 residual ratio,4.3972e-05,3.80274e-05,2.98627e-05,1.15647e-05,5,<project-root>\10_results\reports\solver_in_loop_formal_main\notch_14x11\arms\one_step_dense_newton\summary.json
One-step dense Newton,one_step_dense_newton,dense_newton,1.0,1,False,1e-06,hgo_qp_true_j2,nonproportional,fem_newton_step1_residual_decrease_fraction,Newton step1 residual decrease,0.999956,3.80269e-05,0.99997,1.15037e-05,5,<project-root>\10_results\reports\solver_in_loop_formal_main\notch_14x11\arms\one_step_dense_newton\summary.json
One-step dense Newton,one_step_dense_newton,dense_newton,1.0,1,False,1e-06,hgo_qp_true_j2,nonproportional,fem_newton_correction_relative_norm,Newton correction rel norm,2.10149,2.12423,1.12006,1.90974,5,<project-root>\10_results\reports\solver_in_loop_formal_main\notch_14x11\arms\one_step_dense_newton\summary.json
One-step dense Newton,one_step_dense_newton,dense_newton,1.0,1,False,1e-06,hgo_qp_true_j2,nonproportional,fem_newton_accepted_damping,Newton accepted damping,1,0,1,0,5,<project-root>\10_results\reports\solver_in_loop_formal_main\notch_14x11\arms\one_step_dense_newton\summary.json
One-step dense Newton,one_step_dense_newton,dense_newton,1.0,1,False,1e-06,hgo_qp_true_j2,nonproportional,fem_newton_convergence_rate,Newton convergence rate,1,0,1,0,5,<project-root>\10_results\reports\solver_in_loop_formal_main\notch_14x11\arms\one_step_dense_newton\summary.json
One-step dense Newton,one_step_dense_newton,dense_newton,1.0,1,False,1e-06,hgo_qp_true_j2,nonproportional,fem_newton_failure_rate,Newton failure rate,0,0,0,0,5,<project-root>\10_results\reports\solver_in_loop_formal_main\notch_14x11\arms\one_step_dense_newton\summary.json
One-step dense Newton,one_step_dense_newton,dense_newton,1.0,1,False,1e-06,hgo_qp_true_j2,unload_reload,displacement_relative_l2,rollout disp rel L2,140.727,48.668,120.213,61.5042,5,<project-root>\10_results\reports\solver_in_loop_formal_main\notch_14x11\arms\one_step_dense_newton\summary.json
One-step dense Newton,one_step_dense_newton,dense_newton,1.0,1,False,1e-06,hgo_qp_true_j2,unload_reload,final_displacement_relative_l2,final disp rel L2,193.593,66.1033,162.629,93.0301,5,<project-root>\10_results\reports\solver_in_loop_formal_main\notch_14x11\arms\one_step_dense_newton\summary.json
One-step dense Newton,one_step_dense_newton,dense_newton,1.0,1,False,1e-06,hgo_qp_true_j2,unload_reload,qp_history_relative_l2,QP history rel L2,1.57876,0.451819,1.72157,0.751266,5,<project-root>\10_results\reports\solver_in_loop_formal_main\notch_14x11\arms\one_step_dense_newton\summary.json
One-step dense Newton,one_step_dense_newton,dense_newton,1.0,1,False,1e-06,hgo_qp_true_j2,unload_reload,qp_history_increment_relative_l2,QP history-inc rel L2,2.25392,0.754116,2.47612,0.913963,5,<project-root>\10_results\reports\solver_in_loop_formal_main\notch_14x11\arms\one_step_dense_newton\summary.json
One-step dense Newton,one_step_dense_newton,dense_newton,1.0,1,False,1e-06,hgo_qp_true_j2,unload_reload,qp_reversal_eqp_increment_relative_l2,QP reversal eqp-inc rel L2,3.63668,2.2407,4.2202,4.75928,5,<project-root>\10_results\reports\solver_in_loop_formal_main\notch_14x11\arms\one_step_dense_newton\summary.json
One-step dense Newton,one_step_dense_newton,dense_newton,1.0,1,False,1e-06,hgo_qp_true_j2,unload_reload,qp_reversal_plastic_work_increment_relative_l2,QP reversal work-inc rel L2,3.63622,2.24286,4.19856,4.80965,5,<project-root>\10_results\reports\solver_in_loop_formal_main\notch_14x11\arms\one_step_dense_newton\summary.json
One-step dense Newton,one_step_dense_newton,dense_newton,1.0,1,False,1e-06,hgo_qp_true_j2,unload_reload,qp_reversal_yield_flag_mae,QP reversal yield MAE,0.667984,0.302282,0.687747,0.561265,5,<project-root>\10_results\reports\solver_in_loop_formal_main\notch_14x11\arms\one_step_dense_newton\summary.json
One-step dense Newton,one_step_dense_newton,dense_newton,1.0,1,False,1e-06,hgo_qp_true_j2,unload_reload,fem_residual_relative_rms,FEM residual rel RMS,8.31302,3.84923,10.0491,5.04271,5,<project-root>\10_results\reports\solver_in_loop_formal_main\notch_14x11\arms\one_step_dense_newton\summary.json
One-step dense Newton,one_step_dense_newton,dense_newton,1.0,1,False,1e-06,hgo_qp_true_j2,unload_reload,fem_energy_relative_error,FEM energy rel err,59.3789,37.2349,44.8594,48.4342,5,<project-root>\10_results\reports\solver_in_loop_formal_main\notch_14x11\arms\one_step_dense_newton\summary.json
One-step dense Newton,one_step_dense_newton,dense_newton,1.0,1,False,1e-06,hgo_qp_true_j2,unload_reload,fem_solver_linearized_residual_relative_rms,FEM tangent-solver rel RMS,132.014,45.579,113.464,56.0813,5,<project-root>\10_results\reports\solver_in_loop_formal_main\notch_14x11\arms\one_step_dense_newton\summary.json
One-step dense Newton,one_step_dense_newton,dense_newton,1.0,1,False,1e-06,hgo_qp_true_j2,unload_reload,fem_newton_initial_residual_relative_rms,Newton initial residual rel RMS,7.96814,3.66131,9.4481,4.42001,5,<project-root>\10_results\reports\solver_in_loop_formal_main\notch_14x11\arms\one_step_dense_newton\summary.json
One-step dense Newton,one_step_dense_newton,dense_newton,1.0,1,False,1e-06,hgo_qp_true_j2,unload_reload,fem_newton_final_residual_relative_rms,Newton final residual rel RMS,0.00033559,0.000281044,0.000236794,0.000271464,5,<project-root>\10_results\reports\solver_in_loop_formal_main\notch_14x11\arms\one_step_dense_newton\summary.json
One-step dense Newton,one_step_dense_newton,dense_newton,1.0,1,False,1e-06,hgo_qp_true_j2,unload_reload,fem_newton_residual_ratio,Newton residual ratio,4.37982e-05,3.78863e-05,2.99428e-05,1.11426e-05,5,<project-root>\10_results\reports\solver_in_loop_formal_main\notch_14x11\arms\one_step_dense_newton\summary.json
One-step dense Newton,one_step_dense_newton,dense_newton,1.0,1,False,1e-06,hgo_qp_true_j2,unload_reload,fem_newton_residual_decrease_fraction,Newton residual decrease,0.999956,3.78949e-05,0.99997,1.11461e-05,5,<project-root>\10_results\reports\solver_in_loop_formal_main\notch_14x11\arms\one_step_dense_newton\summary.json
One-step dense Newton,one_step_dense_newton,dense_newton,1.0,1,False,1e-06,hgo_qp_true_j2,unload_reload,fem_newton_step_residual_decrease_fraction,Newton step residual decrease,0.999956,3.78949e-05,0.99997,1.11461e-05,5,<project-root>\10_results\reports\solver_in_loop_formal_main\notch_14x11\arms\one_step_dense_newton\summary.json
One-step dense Newton,one_step_dense_newton,dense_newton,1.0,1,False,1e-06,hgo_qp_true_j2,unload_reload,fem_newton_step1_residual_ratio,Newton step1 residual ratio,4.37982e-05,3.78863e-05,2.99428e-05,1.11426e-05,5,<project-root>\10_results\reports\solver_in_loop_formal_main\notch_14x11\arms\one_step_dense_newton\summary.json
One-step dense Newton,one_step_dense_newton,dense_newton,1.0,1,False,1e-06,hgo_qp_true_j2,unload_reload,fem_newton_step1_residual_decrease_fraction,Newton step1 residual decrease,0.999956,3.78949e-05,0.99997,1.11461e-05,5,<project-root>\10_results\reports\solver_in_loop_formal_main\notch_14x11\arms\one_step_dense_newton\summary.json
One-step dense Newton,one_step_dense_newton,dense_newton,1.0,1,False,1e-06,hgo_qp_true_j2,unload_reload,fem_newton_correction_relative_norm,Newton correction rel norm,2.44753,2.49748,1.29402,2.19481,5,<project-root>\10_results\reports\solver_in_loop_formal_main\notch_14x11\arms\one_step_dense_newton\summary.json
One-step dense Newton,one_step_dense_newton,dense_newton,1.0,1,False,1e-06,hgo_qp_true_j2,unload_reload,fem_newton_accepted_damping,Newton accepted damping,1,0,1,0,5,<project-root>\10_results\reports\solver_in_loop_formal_main\notch_14x11\arms\one_step_dense_newton\summary.json
One-step dense Newton,one_step_dense_newton,dense_newton,1.0,1,False,1e-06,hgo_qp_true_j2,unload_reload,fem_newton_convergence_rate,Newton convergence rate,1,0,1,0,5,<project-root>\10_results\reports\solver_in_loop_formal_main\notch_14x11\arms\one_step_dense_newton\summary.json
One-step dense Newton,one_step_dense_newton,dense_newton,1.0,1,False,1e-06,hgo_qp_true_j2,unload_reload,fem_newton_failure_rate,Newton failure rate,0,0,0,0,5,<project-root>\10_results\reports\solver_in_loop_formal_main\notch_14x11\arms\one_step_dense_newton\summary.json
Multi-step damped Newton,multi_step_damped_newton,dense_newton,0.5,3,False,1e-06,hgo_qp_true_j2,cyclic,displacement_relative_l2,rollout disp rel L2,85.4132,71.4241,46.7461,130.713,5,<project-root>\10_results\reports\solver_in_loop_formal_main\notch_14x11\arms\multi_step_damped_newton\summary.json
Multi-step damped Newton,multi_step_damped_newton,dense_newton,0.5,3,False,1e-06,hgo_qp_true_j2,cyclic,final_displacement_relative_l2,final disp rel L2,559.039,471.681,319.06,853.87,5,<project-root>\10_results\reports\solver_in_loop_formal_main\notch_14x11\arms\multi_step_damped_newton\summary.json
Multi-step damped Newton,multi_step_damped_newton,dense_newton,0.5,3,False,1e-06,hgo_qp_true_j2,cyclic,qp_history_relative_l2,QP history rel L2,1.56873,0.505667,1.76048,0.823306,5,<project-root>\10_results\reports\solver_in_loop_formal_main\notch_14x11\arms\multi_step_damped_newton\summary.json
Multi-step damped Newton,multi_step_damped_newton,dense_newton,0.5,3,False,1e-06,hgo_qp_true_j2,cyclic,qp_history_increment_relative_l2,QP history-inc rel L2,1.22057,0.251271,1.05375,0.467829,5,<project-root>\10_results\reports\solver_in_loop_formal_main\notch_14x11\arms\multi_step_damped_newton\summary.json
Multi-step damped Newton,multi_step_damped_newton,dense_newton,0.5,3,False,1e-06,hgo_qp_true_j2,cyclic,qp_reversal_eqp_increment_relative_l2,QP reversal eqp-inc rel L2,1.07429,0.10668,1.01411,0.077545,5,<project-root>\10_results\reports\solver_in_loop_formal_main\notch_14x11\arms\multi_step_damped_newton\summary.json
Multi-step damped Newton,multi_step_damped_newton,dense_newton,0.5,3,False,1e-06,hgo_qp_true_j2,cyclic,qp_reversal_plastic_work_increment_relative_l2,QP reversal work-inc rel L2,1.06745,0.0983576,1.01053,0.0694907,5,<project-root>\10_results\reports\solver_in_loop_formal_main\notch_14x11\arms\multi_step_damped_newton\summary.json
Multi-step damped Newton,multi_step_damped_newton,dense_newton,0.5,3,False,1e-06,hgo_qp_true_j2,cyclic,qp_reversal_yield_flag_mae,QP reversal yield MAE,0.462319,0.0618961,0.474638,0.105072,5,<project-root>\10_results\reports\solver_in_loop_formal_main\notch_14x11\arms\multi_step_damped_newton\summary.json
Multi-step damped Newton,multi_step_damped_newton,dense_newton,0.5,3,False,1e-06,hgo_qp_true_j2,cyclic,fem_residual_relative_rms,FEM residual rel RMS,8.35489,4.65433,9.77664,9.89985,5,<project-root>\10_results\reports\solver_in_loop_formal_main\notch_14x11\arms\multi_step_damped_newton\summary.json
Multi-step damped Newton,multi_step_damped_newton,dense_newton,0.5,3,False,1e-06,hgo_qp_true_j2,cyclic,fem_energy_relative_error,FEM energy rel err,102.077,77.5512,126.397,129.032,5,<project-root>\10_results\reports\solver_in_loop_formal_main\notch_14x11\arms\multi_step_damped_newton\summary.json
Multi-step damped Newton,multi_step_damped_newton,dense_newton,0.5,3,False,1e-06,hgo_qp_true_j2,cyclic,fem_solver_linearized_residual_relative_rms,FEM tangent-solver rel RMS,209.992,177.454,118.459,319.824,5,<project-root>\10_results\reports\solver_in_loop_formal_main\notch_14x11\arms\multi_step_damped_newton\summary.json
Multi-step damped Newton,multi_step_damped_newton,dense_newton,0.5,3,False,1e-06,hgo_qp_true_j2,cyclic,fem_newton_initial_residual_relative_rms,Newton initial residual rel RMS,8.17648,4.56469,9.56773,9.79482,5,<project-root>\10_results\reports\solver_in_loop_formal_main\notch_14x11\arms\multi_step_damped_newton\summary.json
Multi-step damped Newton,multi_step_damped_newton,dense_newton,0.5,3,False,1e-06,hgo_qp_true_j2,cyclic,fem_newton_final_residual_relative_rms,Newton final residual rel RMS,1.02207,0.57059,1.19597,1.22436,5,<project-root>\10_results\reports\solver_in_loop_formal_main\notch_14x11\arms\multi_step_damped_newton\summary.json
Multi-step damped Newton,multi_step_damped_newton,dense_newton,0.5,3,False,1e-06,hgo_qp_true_j2,cyclic,fem_newton_residual_ratio,Newton residual ratio,0.125001,3.02314e-07,0.125,4.32134e-07,5,<project-root>\10_results\reports\solver_in_loop_formal_main\notch_14x11\arms\multi_step_damped_newton\summary.json
Multi-step damped Newton,multi_step_damped_newton,dense_newton,0.5,3,False,1e-06,hgo_qp_true_j2,cyclic,fem_newton_residual_decrease_fraction,Newton residual decrease,0.874999,3.05325e-07,0.875,4.17233e-07,5,<project-root>\10_results\reports\solver_in_loop_formal_main\notch_14x11\arms\multi_step_damped_newton\summary.json
Multi-step damped Newton,multi_step_damped_newton,dense_newton,0.5,3,False,1e-06,hgo_qp_true_j2,cyclic,fem_newton_step_residual_decrease_fraction,Newton step residual decrease,0.499999,4.00905e-07,0.499999,5.66244e-07,5,<project-root>\10_results\reports\solver_in_loop_formal_main\notch_14x11\arms\multi_step_damped_newton\summary.json
Multi-step damped Newton,multi_step_damped_newton,dense_newton,0.5,3,False,1e-06,hgo_qp_true_j2,cyclic,fem_newton_step1_residual_ratio,Newton step1 residual ratio,0.500001,3.94293e-07,0.500001,6.55651e-07,5,<project-root>\10_results\reports\solver_in_loop_formal_main\notch_14x11\arms\multi_step_damped_newton\summary.json
Multi-step damped Newton,multi_step_damped_newton,dense_newton,0.5,3,False,1e-06,hgo_qp_true_j2,cyclic,fem_newton_step2_residual_ratio,Newton step2 residual ratio,0.250001,4.28822e-07,0.250001,7.45058e-07,5,<project-root>\10_results\reports\solver_in_loop_formal_main\notch_14x11\arms\multi_step_damped_newton\summary.json
Multi-step damped Newton,multi_step_damped_newton,dense_newton,0.5,3,False,1e-06,hgo_qp_true_j2,cyclic,fem_newton_step3_residual_ratio,Newton step3 residual ratio,0.125001,3.02314e-07,0.125,4.32134e-07,5,<project-root>\10_results\reports\solver_in_loop_formal_main\notch_14x11\arms\multi_step_damped_newton\summary.json
Multi-step damped Newton,multi_step_damped_newton,dense_newton,0.5,3,False,1e-06,hgo_qp_true_j2,cyclic,fem_newton_step1_residual_decrease_fraction,Newton step1 residual decrease,0.499999,4.09497e-07,0.499999,6.55651e-07,5,<project-root>\10_results\reports\solver_in_loop_formal_main\notch_14x11\arms\multi_step_damped_newton\summary.json
Multi-step damped Newton,multi_step_damped_newton,dense_newton,0.5,3,False,1e-06,hgo_qp_true_j2,cyclic,fem_newton_step2_residual_decrease_fraction,Newton step2 residual decrease,0.749999,4.22479e-07,0.749999,7.15256e-07,5,<project-root>\10_results\reports\solver_in_loop_formal_main\notch_14x11\arms\multi_step_damped_newton\summary.json
Multi-step damped Newton,multi_step_damped_newton,dense_newton,0.5,3,False,1e-06,hgo_qp_true_j2,cyclic,fem_newton_step3_residual_decrease_fraction,Newton step3 residual decrease,0.874999,3.05325e-07,0.875,4.17233e-07,5,<project-root>\10_results\reports\solver_in_loop_formal_main\notch_14x11\arms\multi_step_damped_newton\summary.json
Multi-step damped Newton,multi_step_damped_newton,dense_newton,0.5,3,False,1e-06,hgo_qp_true_j2,cyclic,fem_newton_correction_relative_norm,Newton correction rel norm,3.91736,4.87792,1.64001,3.89766,5,<project-root>\10_results\reports\solver_in_loop_formal_main\notch_14x11\arms\multi_step_damped_newton\summary.json
Multi-step damped Newton,multi_step_damped_newton,dense_newton,0.5,3,False,1e-06,hgo_qp_true_j2,cyclic,fem_newton_accepted_damping,Newton accepted damping,0.5,0,0.5,0,5,<project-root>\10_results\reports\solver_in_loop_formal_main\notch_14x11\arms\multi_step_damped_newton\summary.json
Multi-step damped Newton,multi_step_damped_newton,dense_newton,0.5,3,False,1e-06,hgo_qp_true_j2,cyclic,fem_newton_convergence_rate,Newton convergence rate,0,0,0,0,5,<project-root>\10_results\reports\solver_in_loop_formal_main\notch_14x11\arms\multi_step_damped_newton\summary.json
Multi-step damped Newton,multi_step_damped_newton,dense_newton,0.5,3,False,1e-06,hgo_qp_true_j2,cyclic,fem_newton_failure_rate,Newton failure rate,0,0,0,0,5,<project-root>\10_results\reports\solver_in_loop_formal_main\notch_14x11\arms\multi_step_damped_newton\summary.json
Multi-step damped Newton,multi_step_damped_newton,dense_newton,0.5,3,False,1e-06,hgo_qp_true_j2,monotonic,displacement_relative_l2,rollout disp rel L2,96.3093,80.342,52.4881,146.438,5,<project-root>\10_results\reports\solver_in_loop_formal_main\notch_14x11\arms\multi_step_damped_newton\summary.json
Multi-step damped Newton,multi_step_damped_newton,dense_newton,0.5,3,False,1e-06,hgo_qp_true_j2,monotonic,final_displacement_relative_l2,final disp rel L2,121.247,101.786,68.5477,182.967,5,<project-root>\10_results\reports\solver_in_loop_formal_main\notch_14x11\arms\multi_step_damped_newton\summary.json
Multi-step damped Newton,multi_step_damped_newton,dense_newton,0.5,3,False,1e-06,hgo_qp_true_j2,monotonic,qp_history_relative_l2,QP history rel L2,1.84941,0.742901,2.1998,1.22362,5,<project-root>\10_results\reports\solver_in_loop_formal_main\notch_14x11\arms\multi_step_damped_newton\summary.json
Multi-step damped Newton,multi_step_damped_newton,dense_newton,0.5,3,False,1e-06,hgo_qp_true_j2,monotonic,qp_history_increment_relative_l2,QP history-inc rel L2,1.76274,0.873809,1.19635,1.53505,5,<project-root>\10_results\reports\solver_in_loop_formal_main\notch_14x11\arms\multi_step_damped_newton\summary.json
Multi-step damped Newton,multi_step_damped_newton,dense_newton,0.5,3,False,1e-06,hgo_qp_true_j2,monotonic,qp_reversal_eqp_increment_relative_l2,QP reversal eqp-inc rel L2,0,0,0,0,5,<project-root>\10_results\reports\solver_in_loop_formal_main\notch_14x11\arms\multi_step_damped_newton\summary.json
Multi-step damped Newton,multi_step_damped_newton,dense_newton,0.5,3,False,1e-06,hgo_qp_true_j2,monotonic,qp_reversal_plastic_work_increment_relative_l2,QP reversal work-inc rel L2,0,0,0,0,5,<project-root>\10_results\reports\solver_in_loop_formal_main\notch_14x11\arms\multi_step_damped_newton\summary.json
Multi-step damped Newton,multi_step_damped_newton,dense_newton,0.5,3,False,1e-06,hgo_qp_true_j2,monotonic,qp_reversal_yield_flag_mae,QP reversal yield MAE,0,0,0,0,5,<project-root>\10_results\reports\solver_in_loop_formal_main\notch_14x11\arms\multi_step_damped_newton\summary.json
Multi-step damped Newton,multi_step_damped_newton,dense_newton,0.5,3,False,1e-06,hgo_qp_true_j2,monotonic,fem_residual_relative_rms,FEM residual rel RMS,8.00268,4.45617,9.4152,9.54125,5,<project-root>\10_results\reports\solver_in_loop_formal_main\notch_14x11\arms\multi_step_damped_newton\summary.json
Multi-step damped Newton,multi_step_damped_newton,dense_newton,0.5,3,False,1e-06,hgo_qp_true_j2,monotonic,fem_energy_relative_error,FEM energy rel err,43.3299,33.0128,25.5195,54.2306,5,<project-root>\10_results\reports\solver_in_loop_formal_main\notch_14x11\arms\multi_step_damped_newton\summary.json
Multi-step damped Newton,multi_step_damped_newton,dense_newton,0.5,3,False,1e-06,hgo_qp_true_j2,monotonic,fem_solver_linearized_residual_relative_rms,FEM tangent-solver rel RMS,90.2921,75.3431,47.8044,136.733,5,<project-root>\10_results\reports\solver_in_loop_formal_main\notch_14x11\arms\multi_step_damped_newton\summary.json
Multi-step damped Newton,multi_step_damped_newton,dense_newton,0.5,3,False,1e-06,hgo_qp_true_j2,monotonic,fem_newton_initial_residual_relative_rms,Newton initial residual rel RMS,7.83007,4.37387,9.20615,9.45045,5,<project-root>\10_results\reports\solver_in_loop_formal_main\notch_14x11\arms\multi_step_damped_newton\summary.json
Multi-step damped Newton,multi_step_damped_newton,dense_newton,0.5,3,False,1e-06,hgo_qp_true_j2,monotonic,fem_newton_final_residual_relative_rms,Newton final residual rel RMS,0.978764,0.546738,1.15078,1.18131,5,<project-root>\10_results\reports\solver_in_loop_formal_main\notch_14x11\arms\multi_step_damped_newton\summary.json
Multi-step damped Newton,multi_step_damped_newton,dense_newton,0.5,3,False,1e-06,hgo_qp_true_j2,monotonic,fem_newton_residual_ratio,Newton residual ratio,0.125001,3.9553e-07,0.125,5.66244e-07,5,<project-root>\10_results\reports\solver_in_loop_formal_main\notch_14x11\arms\multi_step_damped_newton\summary.json
Multi-step damped Newton,multi_step_damped_newton,dense_newton,0.5,3,False,1e-06,hgo_qp_true_j2,monotonic,fem_newton_residual_decrease_fraction,Newton residual decrease,0.874999,3.94653e-07,0.875,5.36442e-07,5,<project-root>\10_results\reports\solver_in_loop_formal_main\notch_14x11\arms\multi_step_damped_newton\summary.json
Multi-step damped Newton,multi_step_damped_newton,dense_newton,0.5,3,False,1e-06,hgo_qp_true_j2,monotonic,fem_newton_step_residual_decrease_fraction,Newton step residual decrease,0.499999,5.36574e-07,0.499999,7.7486e-07,5,<project-root>\10_results\reports\solver_in_loop_formal_main\notch_14x11\arms\multi_step_damped_newton\summary.json
Multi-step damped Newton,multi_step_damped_newton,dense_newton,0.5,3,False,1e-06,hgo_qp_true_j2,monotonic,fem_newton_step1_residual_ratio,Newton step1 residual ratio,0.500001,6.1413e-07,0.500001,1.01328e-06,5,<project-root>\10_results\reports\solver_in_loop_formal_main\notch_14x11\arms\multi_step_damped_newton\summary.json
Multi-step damped Newton,multi_step_damped_newton,dense_newton,0.5,3,False,1e-06,hgo_qp_true_j2,monotonic,fem_newton_step2_residual_ratio,Newton step2 residual ratio,0.250001,5.55316e-07,0.250001,8.9407e-07,5,<project-root>\10_results\reports\solver_in_loop_formal_main\notch_14x11\arms\multi_step_damped_newton\summary.json
Multi-step damped Newton,multi_step_damped_newton,dense_newton,0.5,3,False,1e-06,hgo_qp_true_j2,monotonic,fem_newton_step3_residual_ratio,Newton step3 residual ratio,0.125001,3.9553e-07,0.125,5.66244e-07,5,<project-root>\10_results\reports\solver_in_loop_formal_main\notch_14x11\arms\multi_step_damped_newton\summary.json
Multi-step damped Newton,multi_step_damped_newton,dense_newton,0.5,3,False,1e-06,hgo_qp_true_j2,monotonic,fem_newton_step1_residual_decrease_fraction,Newton step1 residual decrease,0.499999,6.15113e-07,0.499999,9.83477e-07,5,<project-root>\10_results\reports\solver_in_loop_formal_main\notch_14x11\arms\multi_step_damped_newton\summary.json
Multi-step damped Newton,multi_step_damped_newton,dense_newton,0.5,3,False,1e-06,hgo_qp_true_j2,monotonic,fem_newton_step2_residual_decrease_fraction,Newton step2 residual decrease,0.749999,5.46806e-07,0.749999,8.34465e-07,5,<project-root>\10_results\reports\solver_in_loop_formal_main\notch_14x11\arms\multi_step_damped_newton\summary.json
Multi-step damped Newton,multi_step_damped_newton,dense_newton,0.5,3,False,1e-06,hgo_qp_true_j2,monotonic,fem_newton_step3_residual_decrease_fraction,Newton step3 residual decrease,0.874999,3.94653e-07,0.875,5.36442e-07,5,<project-root>\10_results\reports\solver_in_loop_formal_main\notch_14x11\arms\multi_step_damped_newton\summary.json
Multi-step damped Newton,multi_step_damped_newton,dense_newton,0.5,3,False,1e-06,hgo_qp_true_j2,monotonic,fem_newton_correction_relative_norm,Newton correction rel norm,3.9553,4.3194,1.43388,6.36388,5,<project-root>\10_results\reports\solver_in_loop_formal_main\notch_14x11\arms\multi_step_damped_newton\summary.json
Multi-step damped Newton,multi_step_damped_newton,dense_newton,0.5,3,False,1e-06,hgo_qp_true_j2,monotonic,fem_newton_accepted_damping,Newton accepted damping,0.5,0,0.5,0,5,<project-root>\10_results\reports\solver_in_loop_formal_main\notch_14x11\arms\multi_step_damped_newton\summary.json
Multi-step damped Newton,multi_step_damped_newton,dense_newton,0.5,3,False,1e-06,hgo_qp_true_j2,monotonic,fem_newton_convergence_rate,Newton convergence rate,0,0,0,0,5,<project-root>\10_results\reports\solver_in_loop_formal_main\notch_14x11\arms\multi_step_damped_newton\summary.json
Multi-step damped Newton,multi_step_damped_newton,dense_newton,0.5,3,False,1e-06,hgo_qp_true_j2,monotonic,fem_newton_failure_rate,Newton failure rate,0,0,0,0,5,<project-root>\10_results\reports\solver_in_loop_formal_main\notch_14x11\arms\multi_step_damped_newton\summary.json
Multi-step damped Newton,multi_step_damped_newton,dense_newton,0.5,3,False,1e-06,hgo_qp_true_j2,nonproportional,displacement_relative_l2,rollout disp rel L2,76.016,63.3265,41.2901,115.309,5,<project-root>\10_results\reports\solver_in_loop_formal_main\notch_14x11\arms\multi_step_damped_newton\summary.json
Multi-step damped Newton,multi_step_damped_newton,dense_newton,0.5,3,False,1e-06,hgo_qp_true_j2,nonproportional,final_displacement_relative_l2,final disp rel L2,99.9015,83.8005,56.3548,150.495,5,<project-root>\10_results\reports\solver_in_loop_formal_main\notch_14x11\arms\multi_step_damped_newton\summary.json
Multi-step damped Newton,multi_step_damped_newton,dense_newton,0.5,3,False,1e-06,hgo_qp_true_j2,nonproportional,qp_history_relative_l2,QP history rel L2,1.41344,0.364714,1.56149,0.613967,5,<project-root>\10_results\reports\solver_in_loop_formal_main\notch_14x11\arms\multi_step_damped_newton\summary.json
Multi-step damped Newton,multi_step_damped_newton,dense_newton,0.5,3,False,1e-06,hgo_qp_true_j2,nonproportional,qp_history_increment_relative_l2,QP history-inc rel L2,1.63402,0.727538,1.17352,1.23417,5,<project-root>\10_results\reports\solver_in_loop_formal_main\notch_14x11\arms\multi_step_damped_newton\summary.json
Multi-step damped Newton,multi_step_damped_newton,dense_newton,0.5,3,False,1e-06,hgo_qp_true_j2,nonproportional,qp_reversal_eqp_increment_relative_l2,QP reversal eqp-inc rel L2,0,0,0,0,5,<project-root>\10_results\reports\solver_in_loop_formal_main\notch_14x11\arms\multi_step_damped_newton\summary.json
Multi-step damped Newton,multi_step_damped_newton,dense_newton,0.5,3,False,1e-06,hgo_qp_true_j2,nonproportional,qp_reversal_plastic_work_increment_relative_l2,QP reversal work-inc rel L2,0,0,0,0,5,<project-root>\10_results\reports\solver_in_loop_formal_main\notch_14x11\arms\multi_step_damped_newton\summary.json
Multi-step damped Newton,multi_step_damped_newton,dense_newton,0.5,3,False,1e-06,hgo_qp_true_j2,nonproportional,qp_reversal_yield_flag_mae,QP reversal yield MAE,0,0,0,0,5,<project-root>\10_results\reports\solver_in_loop_formal_main\notch_14x11\arms\multi_step_damped_newton\summary.json
Multi-step damped Newton,multi_step_damped_newton,dense_newton,0.5,3,False,1e-06,hgo_qp_true_j2,nonproportional,fem_residual_relative_rms,FEM residual rel RMS,6.45571,3.5955,7.61022,7.68624,5,<project-root>\10_results\reports\solver_in_loop_formal_main\notch_14x11\arms\multi_step_damped_newton\summary.json
Multi-step damped Newton,multi_step_damped_newton,dense_newton,0.5,3,False,1e-06,hgo_qp_true_j2,nonproportional,fem_energy_relative_error,FEM energy rel err,33.6391,25.879,20.2105,41.1,5,<project-root>\10_results\reports\solver_in_loop_formal_main\notch_14x11\arms\multi_step_damped_newton\summary.json
Multi-step damped Newton,multi_step_damped_newton,dense_newton,0.5,3,False,1e-06,hgo_qp_true_j2,nonproportional,fem_solver_linearized_residual_relative_rms,FEM tangent-solver rel RMS,72.1025,60.1988,38.3878,108.951,5,<project-root>\10_results\reports\solver_in_loop_formal_main\notch_14x11\arms\multi_step_damped_newton\summary.json
Multi-step damped Newton,multi_step_damped_newton,dense_newton,0.5,3,False,1e-06,hgo_qp_true_j2,nonproportional,fem_newton_initial_residual_relative_rms,Newton initial residual rel RMS,6.31586,3.52702,7.4365,7.60575,5,<project-root>\10_results\reports\solver_in_loop_formal_main\notch_14x11\arms\multi_step_damped_newton\summary.json
Multi-step damped Newton,multi_step_damped_newton,dense_newton,0.5,3,False,1e-06,hgo_qp_true_j2,nonproportional,fem_newton_final_residual_relative_rms,Newton final residual rel RMS,0.789487,0.440881,0.929569,0.950722,5,<project-root>\10_results\reports\solver_in_loop_formal_main\notch_14x11\arms\multi_step_damped_newton\summary.json
Multi-step damped Newton,multi_step_damped_newton,dense_newton,0.5,3,False,1e-06,hgo_qp_true_j2,nonproportional,fem_newton_residual_ratio,Newton residual ratio,0.125001,3.53079e-07,0.125,4.76837e-07,5,<project-root>\10_results\reports\solver_in_loop_formal_main\notch_14x11\arms\multi_step_damped_newton\summary.json
Multi-step damped Newton,multi_step_damped_newton,dense_newton,0.5,3,False,1e-06,hgo_qp_true_j2,nonproportional,fem_newton_residual_decrease_fraction,Newton residual decrease,0.874999,3.56832e-07,0.875,5.36442e-07,5,<project-root>\10_results\reports\solver_in_loop_formal_main\notch_14x11\arms\multi_step_damped_newton\summary.json
Multi-step damped Newton,multi_step_damped_newton,dense_newton,0.5,3,False,1e-06,hgo_qp_true_j2,nonproportional,fem_newton_step_residual_decrease_fraction,Newton step residual decrease,0.499999,4.78919e-07,0.499999,6.55651e-07,5,<project-root>\10_results\reports\solver_in_loop_formal_main\notch_14x11\arms\multi_step_damped_newton\summary.json
Multi-step damped Newton,multi_step_damped_newton,dense_newton,0.5,3,False,1e-06,hgo_qp_true_j2,nonproportional,fem_newton_step1_residual_ratio,Newton step1 residual ratio,0.500001,4.22479e-07,0.500001,4.17233e-07,5,<project-root>\10_results\reports\solver_in_loop_formal_main\notch_14x11\arms\multi_step_damped_newton\summary.json
Multi-step damped Newton,multi_step_damped_newton,dense_newton,0.5,3,False,1e-06,hgo_qp_true_j2,nonproportional,fem_newton_step2_residual_ratio,Newton step2 residual ratio,0.250001,4.42682e-07,0.250001,7.15256e-07,5,<project-root>\10_results\reports\solver_in_loop_formal_main\notch_14x11\arms\multi_step_damped_newton\summary.json
Multi-step damped Newton,multi_step_damped_newton,dense_newton,0.5,3,False,1e-06,hgo_qp_true_j2,nonproportional,fem_newton_step3_residual_ratio,Newton step3 residual ratio,0.125001,3.53079e-07,0.125,4.76837e-07,5,<project-root>\10_results\reports\solver_in_loop_formal_main\notch_14x11\arms\multi_step_damped_newton\summary.json
Multi-step damped Newton,multi_step_damped_newton,dense_newton,0.5,3,False,1e-06,hgo_qp_true_j2,nonproportional,fem_newton_step1_residual_decrease_fraction,Newton step1 residual decrease,0.499999,4.09237e-07,0.499999,4.17233e-07,5,<project-root>\10_results\reports\solver_in_loop_formal_main\notch_14x11\arms\multi_step_damped_newton\summary.json
Multi-step damped Newton,multi_step_damped_newton,dense_newton,0.5,3,False,1e-06,hgo_qp_true_j2,nonproportional,fem_newton_step2_residual_decrease_fraction,Newton step2 residual decrease,0.749999,4.53309e-07,0.749999,7.15256e-07,5,<project-root>\10_results\reports\solver_in_loop_formal_main\notch_14x11\arms\multi_step_damped_newton\summary.json
Multi-step damped Newton,multi_step_damped_newton,dense_newton,0.5,3,False,1e-06,hgo_qp_true_j2,nonproportional,fem_newton_step3_residual_decrease_fraction,Newton step3 residual decrease,0.874999,3.56832e-07,0.875,5.36442e-07,5,<project-root>\10_results\reports\solver_in_loop_formal_main\notch_14x11\arms\multi_step_damped_newton\summary.json
Multi-step damped Newton,multi_step_damped_newton,dense_newton,0.5,3,False,1e-06,hgo_qp_true_j2,nonproportional,fem_newton_correction_relative_norm,Newton correction rel norm,2.96607,3.2895,1.08774,4.50824,5,<project-root>\10_results\reports\solver_in_loop_formal_main\notch_14x11\arms\multi_step_damped_newton\summary.json
Multi-step damped Newton,multi_step_damped_newton,dense_newton,0.5,3,False,1e-06,hgo_qp_true_j2,nonproportional,fem_newton_accepted_damping,Newton accepted damping,0.5,0,0.5,0,5,<project-root>\10_results\reports\solver_in_loop_formal_main\notch_14x11\arms\multi_step_damped_newton\summary.json
Multi-step damped Newton,multi_step_damped_newton,dense_newton,0.5,3,False,1e-06,hgo_qp_true_j2,nonproportional,fem_newton_convergence_rate,Newton convergence rate,0,0,0,0,5,<project-root>\10_results\reports\solver_in_loop_formal_main\notch_14x11\arms\multi_step_damped_newton\summary.json
Multi-step damped Newton,multi_step_damped_newton,dense_newton,0.5,3,False,1e-06,hgo_qp_true_j2,nonproportional,fem_newton_failure_rate,Newton failure rate,0,0,0,0,5,<project-root>\10_results\reports\solver_in_loop_formal_main\notch_14x11\arms\multi_step_damped_newton\summary.json
Multi-step damped Newton,multi_step_damped_newton,dense_newton,0.5,3,False,1e-06,hgo_qp_true_j2,unload_reload,displacement_relative_l2,rollout disp rel L2,87.4916,73.0163,47.6467,133.165,5,<project-root>\10_results\reports\solver_in_loop_formal_main\notch_14x11\arms\multi_step_damped_newton\summary.json
Multi-step damped Newton,multi_step_damped_newton,dense_newton,0.5,3,False,1e-06,hgo_qp_true_j2,unload_reload,final_displacement_relative_l2,final disp rel L2,116.542,97.9417,65.8908,176.339,5,<project-root>\10_results\reports\solver_in_loop_formal_main\notch_14x11\arms\multi_step_damped_newton\summary.json
Multi-step damped Newton,multi_step_damped_newton,dense_newton,0.5,3,False,1e-06,hgo_qp_true_j2,unload_reload,qp_history_relative_l2,QP history rel L2,1.6163,0.54033,1.86165,0.896237,5,<project-root>\10_results\reports\solver_in_loop_formal_main\notch_14x11\arms\multi_step_damped_newton\summary.json
Multi-step damped Newton,multi_step_damped_newton,dense_newton,0.5,3,False,1e-06,hgo_qp_true_j2,unload_reload,qp_history_increment_relative_l2,QP history-inc rel L2,1.75533,0.872444,1.18627,1.49328,5,<project-root>\10_results\reports\solver_in_loop_formal_main\notch_14x11\arms\multi_step_damped_newton\summary.json
Multi-step damped Newton,multi_step_damped_newton,dense_newton,0.5,3,False,1e-06,hgo_qp_true_j2,unload_reload,qp_reversal_eqp_increment_relative_l2,QP reversal eqp-inc rel L2,3.58952,2.55986,3.59069,3.45392,5,<project-root>\10_results\reports\solver_in_loop_formal_main\notch_14x11\arms\multi_step_damped_newton\summary.json
Multi-step damped Newton,multi_step_damped_newton,dense_newton,0.5,3,False,1e-06,hgo_qp_true_j2,unload_reload,qp_reversal_plastic_work_increment_relative_l2,QP reversal work-inc rel L2,3.60447,2.58977,3.6021,3.4228,5,<project-root>\10_results\reports\solver_in_loop_formal_main\notch_14x11\arms\multi_step_damped_newton\summary.json
Multi-step damped Newton,multi_step_damped_newton,dense_newton,0.5,3,False,1e-06,hgo_qp_true_j2,unload_reload,qp_reversal_yield_flag_mae,QP reversal yield MAE,0.623715,0.378304,0.6917,0.573123,5,<project-root>\10_results\reports\solver_in_loop_formal_main\notch_14x11\arms\multi_step_damped_newton\summary.json
Multi-step damped Newton,multi_step_damped_newton,dense_newton,0.5,3,False,1e-06,hgo_qp_true_j2,unload_reload,fem_residual_relative_rms,FEM residual rel RMS,7.49328,4.17293,8.80129,8.89848,5,<project-root>\10_results\reports\solver_in_loop_formal_main\notch_14x11\arms\multi_step_damped_newton\summary.json
Multi-step damped Newton,multi_step_damped_newton,dense_newton,0.5,3,False,1e-06,hgo_qp_true_j2,unload_reload,fem_energy_relative_error,FEM energy rel err,39.5349,30.5647,23.6821,50.349,5,<project-root>\10_results\reports\solver_in_loop_formal_main\notch_14x11\arms\multi_step_damped_newton\summary.json
Multi-step damped Newton,multi_step_damped_newton,dense_newton,0.5,3,False,1e-06,hgo_qp_true_j2,unload_reload,fem_solver_linearized_residual_relative_rms,FEM tangent-solver rel RMS,83.3977,69.6874,44.5378,126.34,5,<project-root>\10_results\reports\solver_in_loop_formal_main\notch_14x11\arms\multi_step_damped_newton\summary.json
Multi-step damped Newton,multi_step_damped_newton,dense_newton,0.5,3,False,1e-06,hgo_qp_true_j2,unload_reload,fem_newton_initial_residual_relative_rms,Newton initial residual rel RMS,7.33305,4.09456,8.60958,8.81248,5,<project-root>\10_results\reports\solver_in_loop_formal_main\notch_14x11\arms\multi_step_damped_newton\summary.json
Multi-step damped Newton,multi_step_damped_newton,dense_newton,0.5,3,False,1e-06,hgo_qp_true_j2,unload_reload,fem_newton_final_residual_relative_rms,Newton final residual rel RMS,0.916636,0.511824,1.07621,1.10156,5,<project-root>\10_results\reports\solver_in_loop_formal_main\notch_14x11\arms\multi_step_damped_newton\summary.json
Multi-step damped Newton,multi_step_damped_newton,dense_newton,0.5,3,False,1e-06,hgo_qp_true_j2,unload_reload,fem_newton_residual_ratio,Newton residual ratio,0.125001,2.83921e-07,0.125,4.76837e-07,5,<project-root>\10_results\reports\solver_in_loop_formal_main\notch_14x11\arms\multi_step_damped_newton\summary.json
Multi-step damped Newton,multi_step_damped_newton,dense_newton,0.5,3,False,1e-06,hgo_qp_true_j2,unload_reload,fem_newton_residual_decrease_fraction,Newton residual decrease,0.874999,2.86102e-07,0.875,4.76837e-07,5,<project-root>\10_results\reports\solver_in_loop_formal_main\notch_14x11\arms\multi_step_damped_newton\summary.json
Multi-step damped Newton,multi_step_damped_newton,dense_newton,0.5,3,False,1e-06,hgo_qp_true_j2,unload_reload,fem_newton_step_residual_decrease_fraction,Newton step residual decrease,0.499999,3.81935e-07,0.499999,6.55651e-07,5,<project-root>\10_results\reports\solver_in_loop_formal_main\notch_14x11\arms\multi_step_damped_newton\summary.json
Multi-step damped Newton,multi_step_damped_newton,dense_newton,0.5,3,False,1e-06,hgo_qp_true_j2,unload_reload,fem_newton_step1_residual_ratio,Newton step1 residual ratio,0.500001,3.16298e-07,0.500001,4.76837e-07,5,<project-root>\10_results\reports\solver_in_loop_formal_main\notch_14x11\arms\multi_step_damped_newton\summary.json
Multi-step damped Newton,multi_step_damped_newton,dense_newton,0.5,3,False,1e-06,hgo_qp_true_j2,unload_reload,fem_newton_step2_residual_ratio,Newton step2 residual ratio,0.250001,3.99218e-07,0.250001,6.85453e-07,5,<project-root>\10_results\reports\solver_in_loop_formal_main\notch_14x11\arms\multi_step_damped_newton\summary.json
Multi-step damped Newton,multi_step_damped_newton,dense_newton,0.5,3,False,1e-06,hgo_qp_true_j2,unload_reload,fem_newton_step3_residual_ratio,Newton step3 residual ratio,0.125001,2.83921e-07,0.125,4.76837e-07,5,<project-root>\10_results\reports\solver_in_loop_formal_main\notch_14x11\arms\multi_step_damped_newton\summary.json
Multi-step damped Newton,multi_step_damped_newton,dense_newton,0.5,3,False,1e-06,hgo_qp_true_j2,unload_reload,fem_newton_step1_residual_decrease_fraction,Newton step1 residual decrease,0.499999,3.40112e-07,0.499999,4.76837e-07,5,<project-root>\10_results\reports\solver_in_loop_formal_main\notch_14x11\arms\multi_step_damped_newton\summary.json
Multi-step damped Newton,multi_step_damped_newton,dense_newton,0.5,3,False,1e-06,hgo_qp_true_j2,unload_reload,fem_newton_step2_residual_decrease_fraction,Newton step2 residual decrease,0.749999,3.98951e-07,0.749999,7.15256e-07,5,<project-root>\10_results\reports\solver_in_loop_formal_main\notch_14x11\arms\multi_step_damped_newton\summary.json
Multi-step damped Newton,multi_step_damped_newton,dense_newton,0.5,3,False,1e-06,hgo_qp_true_j2,unload_reload,fem_newton_step3_residual_decrease_fraction,Newton step3 residual decrease,0.874999,2.86102e-07,0.875,4.76837e-07,5,<project-root>\10_results\reports\solver_in_loop_formal_main\notch_14x11\arms\multi_step_damped_newton\summary.json
Multi-step damped Newton,multi_step_damped_newton,dense_newton,0.5,3,False,1e-06,hgo_qp_true_j2,unload_reload,fem_newton_correction_relative_norm,Newton correction rel norm,3.44292,3.80809,1.2592,5.29462,5,<project-root>\10_results\reports\solver_in_loop_formal_main\notch_14x11\arms\multi_step_damped_newton\summary.json
Multi-step damped Newton,multi_step_damped_newton,dense_newton,0.5,3,False,1e-06,hgo_qp_true_j2,unload_reload,fem_newton_accepted_damping,Newton accepted damping,0.5,0,0.5,0,5,<project-root>\10_results\reports\solver_in_loop_formal_main\notch_14x11\arms\multi_step_damped_newton\summary.json
Multi-step damped Newton,multi_step_damped_newton,dense_newton,0.5,3,False,1e-06,hgo_qp_true_j2,unload_reload,fem_newton_convergence_rate,Newton convergence rate,0,0,0,0,5,<project-root>\10_results\reports\solver_in_loop_formal_main\notch_14x11\arms\multi_step_damped_newton\summary.json
Multi-step damped Newton,multi_step_damped_newton,dense_newton,0.5,3,False,1e-06,hgo_qp_true_j2,unload_reload,fem_newton_failure_rate,Newton failure rate,0,0,0,0,5,<project-root>\10_results\reports\solver_in_loop_formal_main\notch_14x11\arms\multi_step_damped_newton\summary.json
Multi-step line-search Newton,multi_step_line_search_newton,dense_newton,1.0,3,True,1e-06,hgo_qp_true_j2,cyclic,displacement_relative_l2,rollout disp rel L2,179.628,96.3956,181.139,194.295,5,<project-root>\10_results\reports\solver_in_loop_formal_main\notch_14x11\arms\multi_step_line_search_newton\summary.json
Multi-step line-search Newton,multi_step_line_search_newton,dense_newton,1.0,3,True,1e-06,hgo_qp_true_j2,cyclic,final_displacement_relative_l2,final disp rel L2,1226.79,662.921,1226.92,1329.15,5,<project-root>\10_results\reports\solver_in_loop_formal_main\notch_14x11\arms\multi_step_line_search_newton\summary.json
Multi-step line-search Newton,multi_step_line_search_newton,dense_newton,1.0,3,True,1e-06,hgo_qp_true_j2,cyclic,qp_history_relative_l2,QP history rel L2,1.59715,0.429008,1.64586,0.79219,5,<project-root>\10_results\reports\solver_in_loop_formal_main\notch_14x11\arms\multi_step_line_search_newton\summary.json
Multi-step line-search Newton,multi_step_line_search_newton,dense_newton,1.0,3,True,1e-06,hgo_qp_true_j2,cyclic,qp_history_increment_relative_l2,QP history-inc rel L2,1.34931,0.191043,1.3548,0.140418,5,<project-root>\10_results\reports\solver_in_loop_formal_main\notch_14x11\arms\multi_step_line_search_newton\summary.json
Multi-step line-search Newton,multi_step_line_search_newton,dense_newton,1.0,3,True,1e-06,hgo_qp_true_j2,cyclic,qp_reversal_eqp_increment_relative_l2,QP reversal eqp-inc rel L2,1.15989,0.195492,1.09421,0.176421,5,<project-root>\10_results\reports\solver_in_loop_formal_main\notch_14x11\arms\multi_step_line_search_newton\summary.json
Multi-step line-search Newton,multi_step_line_search_newton,dense_newton,1.0,3,True,1e-06,hgo_qp_true_j2,cyclic,qp_reversal_plastic_work_increment_relative_l2,QP reversal work-inc rel L2,1.14838,0.18364,1.08667,0.158647,5,<project-root>\10_results\reports\solver_in_loop_formal_main\notch_14x11\arms\multi_step_line_search_newton\summary.json
Multi-step line-search Newton,multi_step_line_search_newton,dense_newton,1.0,3,True,1e-06,hgo_qp_true_j2,cyclic,qp_reversal_yield_flag_mae,QP reversal yield MAE,0.47029,0.0720514,0.442029,0.0833333,5,<project-root>\10_results\reports\solver_in_loop_formal_main\notch_14x11\arms\multi_step_line_search_newton\summary.json
Multi-step line-search Newton,multi_step_line_search_newton,dense_newton,1.0,3,True,1e-06,hgo_qp_true_j2,cyclic,fem_residual_relative_rms,FEM residual rel RMS,9.94043,4.88345,10.6234,6.04323,5,<project-root>\10_results\reports\solver_in_loop_formal_main\notch_14x11\arms\multi_step_line_search_newton\summary.json
Multi-step line-search Newton,multi_step_line_search_newton,dense_newton,1.0,3,True,1e-06,hgo_qp_true_j2,cyclic,fem_energy_relative_error,FEM energy rel err,189.863,127.933,194.55,190.703,5,<project-root>\10_results\reports\solver_in_loop_formal_main\notch_14x11\arms\multi_step_line_search_newton\summary.json
Multi-step line-search Newton,multi_step_line_search_newton,dense_newton,1.0,3,True,1e-06,hgo_qp_true_j2,cyclic,fem_solver_linearized_residual_relative_rms,FEM tangent-solver rel RMS,455.143,246.117,455.919,494.123,5,<project-root>\10_results\reports\solver_in_loop_formal_main\notch_14x11\arms\multi_step_line_search_newton\summary.json
Multi-step line-search Newton,multi_step_line_search_newton,dense_newton,1.0,3,True,1e-06,hgo_qp_true_j2,cyclic,fem_newton_initial_residual_relative_rms,Newton initial residual rel RMS,9.23241,4.57645,9.07086,4.65904,5,<project-root>\10_results\reports\solver_in_loop_formal_main\notch_14x11\arms\multi_step_line_search_newton\summary.json
Multi-step line-search Newton,multi_step_line_search_newton,dense_newton,1.0,3,True,1e-06,hgo_qp_true_j2,cyclic,fem_newton_final_residual_relative_rms,Newton final residual rel RMS,5.7019e-09,6.50957e-09,2.73314e-09,2.49569e-09,5,<project-root>\10_results\reports\solver_in_loop_formal_main\notch_14x11\arms\multi_step_line_search_newton\summary.json
Multi-step line-search Newton,multi_step_line_search_newton,dense_newton,1.0,3,True,1e-06,hgo_qp_true_j2,cyclic,fem_newton_residual_ratio,Newton residual ratio,7.17603e-10,7.10022e-10,3.62225e-10,2.635e-10,5,<project-root>\10_results\reports\solver_in_loop_formal_main\notch_14x11\arms\multi_step_line_search_newton\summary.json
Multi-step line-search Newton,multi_step_line_search_newton,dense_newton,1.0,3,True,1e-06,hgo_qp_true_j2,cyclic,fem_newton_residual_decrease_fraction,Newton residual decrease,1,0,1,0,5,<project-root>\10_results\reports\solver_in_loop_formal_main\notch_14x11\arms\multi_step_line_search_newton\summary.json
Multi-step line-search Newton,multi_step_line_search_newton,dense_newton,1.0,3,True,1e-06,hgo_qp_true_j2,cyclic,fem_newton_step_residual_decrease_fraction,Newton step residual decrease,0.99571,0.00341245,0.997566,0.00116324,5,<project-root>\10_results\reports\solver_in_loop_formal_main\notch_14x11\arms\multi_step_line_search_newton\summary.json
Multi-step line-search Newton,multi_step_line_search_newton,dense_newton,1.0,3,True,1e-06,hgo_qp_true_j2,cyclic,fem_newton_step1_residual_ratio,Newton step1 residual ratio,3.54407e-05,2.18091e-05,3.04976e-05,2.50858e-05,5,<project-root>\10_results\reports\solver_in_loop_formal_main\notch_14x11\arms\multi_step_line_search_newton\summary.json
Multi-step line-search Newton,multi_step_line_search_newton,dense_newton,1.0,3,True,1e-06,hgo_qp_true_j2,cyclic,fem_newton_step2_residual_ratio,Newton step2 residual ratio,1.4146e-07,1.25722e-07,9.25819e-08,8.31676e-08,5,<project-root>\10_results\reports\solver_in_loop_formal_main\notch_14x11\arms\multi_step_line_search_newton\summary.json
Multi-step line-search Newton,multi_step_line_search_newton,dense_newton,1.0,3,True,1e-06,hgo_qp_true_j2,cyclic,fem_newton_step3_residual_ratio,Newton step3 residual ratio,7.17603e-10,7.10022e-10,3.62225e-10,2.635e-10,5,<project-root>\10_results\reports\solver_in_loop_formal_main\notch_14x11\arms\multi_step_line_search_newton\summary.json
Multi-step line-search Newton,multi_step_line_search_newton,dense_newton,1.0,3,True,1e-06,hgo_qp_true_j2,cyclic,fem_newton_step1_residual_decrease_fraction,Newton step1 residual decrease,0.999965,2.1801e-05,0.999969,2.5034e-05,5,<project-root>\10_results\reports\solver_in_loop_formal_main\notch_14x11\arms\multi_step_line_search_newton\summary.json
Multi-step line-search Newton,multi_step_line_search_newton,dense_newton,1.0,3,True,1e-06,hgo_qp_true_j2,cyclic,fem_newton_step2_residual_decrease_fraction,Newton step2 residual decrease,1,1.16801e-07,1,0,5,<project-root>\10_results\reports\solver_in_loop_formal_main\notch_14x11\arms\multi_step_line_search_newton\summary.json
Multi-step line-search Newton,multi_step_line_search_newton,dense_newton,1.0,3,True,1e-06,hgo_qp_true_j2,cyclic,fem_newton_step3_residual_decrease_fraction,Newton step3 residual decrease,1,0,1,0,5,<project-root>\10_results\reports\solver_in_loop_formal_main\notch_14x11\arms\multi_step_line_search_newton\summary.json
Multi-step line-search Newton,multi_step_line_search_newton,dense_newton,1.0,3,True,1e-06,hgo_qp_true_j2,cyclic,fem_newton_correction_relative_norm,Newton correction rel norm,1.89518,1.46625,1.20058,1.44242,5,<project-root>\10_results\reports\solver_in_loop_formal_main\notch_14x11\arms\multi_step_line_search_newton\summary.json
Multi-step line-search Newton,multi_step_line_search_newton,dense_newton,1.0,3,True,1e-06,hgo_qp_true_j2,cyclic,fem_newton_accepted_damping,Newton accepted damping,1,0,1,0,5,<project-root>\10_results\reports\solver_in_loop_formal_main\notch_14x11\arms\multi_step_line_search_newton\summary.json
Multi-step line-search Newton,multi_step_line_search_newton,dense_newton,1.0,3,True,1e-06,hgo_qp_true_j2,cyclic,fem_newton_convergence_rate,Newton convergence rate,1,0,1,0,5,<project-root>\10_results\reports\solver_in_loop_formal_main\notch_14x11\arms\multi_step_line_search_newton\summary.json
Multi-step line-search Newton,multi_step_line_search_newton,dense_newton,1.0,3,True,1e-06,hgo_qp_true_j2,cyclic,fem_newton_failure_rate,Newton failure rate,0,0,0,0,5,<project-root>\10_results\reports\solver_in_loop_formal_main\notch_14x11\arms\multi_step_line_search_newton\summary.json
Multi-step line-search Newton,multi_step_line_search_newton,dense_newton,1.0,3,True,1e-06,hgo_qp_true_j2,monotonic,displacement_relative_l2,rollout disp rel L2,202.646,108.386,204.058,219.383,5,<project-root>\10_results\reports\solver_in_loop_formal_main\notch_14x11\arms\multi_step_line_search_newton\summary.json
Multi-step line-search Newton,multi_step_line_search_newton,dense_newton,1.0,3,True,1e-06,hgo_qp_true_j2,monotonic,final_displacement_relative_l2,final disp rel L2,266.315,143.243,265.597,287.102,5,<project-root>\10_results\reports\solver_in_loop_formal_main\notch_14x11\arms\multi_step_line_search_newton\summary.json
Multi-step line-search Newton,multi_step_line_search_newton,dense_newton,1.0,3,True,1e-06,hgo_qp_true_j2,monotonic,qp_history_relative_l2,QP history rel L2,1.88281,0.62166,1.98297,1.13127,5,<project-root>\10_results\reports\solver_in_loop_formal_main\notch_14x11\arms\multi_step_line_search_newton\summary.json
Multi-step line-search Newton,multi_step_line_search_newton,dense_newton,1.0,3,True,1e-06,hgo_qp_true_j2,monotonic,qp_history_increment_relative_l2,QP history-inc rel L2,2.14438,0.619825,2.19355,0.518794,5,<project-root>\10_results\reports\solver_in_loop_formal_main\notch_14x11\arms\multi_step_line_search_newton\summary.json
Multi-step line-search Newton,multi_step_line_search_newton,dense_newton,1.0,3,True,1e-06,hgo_qp_true_j2,monotonic,qp_reversal_eqp_increment_relative_l2,QP reversal eqp-inc rel L2,0,0,0,0,5,<project-root>\10_results\reports\solver_in_loop_formal_main\notch_14x11\arms\multi_step_line_search_newton\summary.json
Multi-step line-search Newton,multi_step_line_search_newton,dense_newton,1.0,3,True,1e-06,hgo_qp_true_j2,monotonic,qp_reversal_plastic_work_increment_relative_l2,QP reversal work-inc rel L2,0,0,0,0,5,<project-root>\10_results\reports\solver_in_loop_formal_main\notch_14x11\arms\multi_step_line_search_newton\summary.json
Multi-step line-search Newton,multi_step_line_search_newton,dense_newton,1.0,3,True,1e-06,hgo_qp_true_j2,monotonic,qp_reversal_yield_flag_mae,QP reversal yield MAE,0,0,0,0,5,<project-root>\10_results\reports\solver_in_loop_formal_main\notch_14x11\arms\multi_step_line_search_newton\summary.json
Multi-step line-search Newton,multi_step_line_search_newton,dense_newton,1.0,3,True,1e-06,hgo_qp_true_j2,monotonic,fem_residual_relative_rms,FEM residual rel RMS,9.61176,4.71535,10.3148,5.94888,5,<project-root>\10_results\reports\solver_in_loop_formal_main\notch_14x11\arms\multi_step_line_search_newton\summary.json
Multi-step line-search Newton,multi_step_line_search_newton,dense_newton,1.0,3,True,1e-06,hgo_qp_true_j2,monotonic,fem_energy_relative_error,FEM energy rel err,69.5227,52.2334,41.3936,54.5348,5,<project-root>\10_results\reports\solver_in_loop_formal_main\notch_14x11\arms\multi_step_line_search_newton\summary.json
Multi-step line-search Newton,multi_step_line_search_newton,dense_newton,1.0,3,True,1e-06,hgo_qp_true_j2,monotonic,fem_solver_linearized_residual_relative_rms,FEM tangent-solver rel RMS,184.674,98.0374,186.125,199.522,5,<project-root>\10_results\reports\solver_in_loop_formal_main\notch_14x11\arms\multi_step_line_search_newton\summary.json
Multi-step line-search Newton,multi_step_line_search_newton,dense_newton,1.0,3,True,1e-06,hgo_qp_true_j2,monotonic,fem_newton_initial_residual_relative_rms,Newton initial residual rel RMS,8.91097,4.40468,8.80511,4.53794,5,<project-root>\10_results\reports\solver_in_loop_formal_main\notch_14x11\arms\multi_step_line_search_newton\summary.json
Multi-step line-search Newton,multi_step_line_search_newton,dense_newton,1.0,3,True,1e-06,hgo_qp_true_j2,monotonic,fem_newton_final_residual_relative_rms,Newton final residual rel RMS,5.45386e-09,6.19021e-09,2.62967e-09,2.48091e-09,5,<project-root>\10_results\reports\solver_in_loop_formal_main\notch_14x11\arms\multi_step_line_search_newton\summary.json
Multi-step line-search Newton,multi_step_line_search_newton,dense_newton,1.0,3,True,1e-06,hgo_qp_true_j2,monotonic,fem_newton_residual_ratio,Newton residual ratio,7.15681e-10,7.0977e-10,3.62627e-10,2.6035e-10,5,<project-root>\10_results\reports\solver_in_loop_formal_main\notch_14x11\arms\multi_step_line_search_newton\summary.json
Multi-step line-search Newton,multi_step_line_search_newton,dense_newton,1.0,3,True,1e-06,hgo_qp_true_j2,monotonic,fem_newton_residual_decrease_fraction,Newton residual decrease,1,0,1,0,5,<project-root>\10_results\reports\solver_in_loop_formal_main\notch_14x11\arms\multi_step_line_search_newton\summary.json
Multi-step line-search Newton,multi_step_line_search_newton,dense_newton,1.0,3,True,1e-06,hgo_qp_true_j2,monotonic,fem_newton_step_residual_decrease_fraction,Newton step residual decrease,0.995714,0.00341224,0.997579,0.00114,5,<project-root>\10_results\reports\solver_in_loop_formal_main\notch_14x11\arms\multi_step_line_search_newton\summary.json
Multi-step line-search Newton,multi_step_line_search_newton,dense_newton,1.0,3,True,1e-06,hgo_qp_true_j2,monotonic,fem_newton_step1_residual_ratio,Newton step1 residual ratio,3.53203e-05,2.17839e-05,3.01854e-05,2.46953e-05,5,<project-root>\10_results\reports\solver_in_loop_formal_main\notch_14x11\arms\multi_step_line_search_newton\summary.json
Multi-step line-search Newton,multi_step_line_search_newton,dense_newton,1.0,3,True,1e-06,hgo_qp_true_j2,monotonic,fem_newton_step2_residual_ratio,Newton step2 residual ratio,1.40879e-07,1.25544e-07,9.13814e-08,8.09135e-08,5,<project-root>\10_results\reports\solver_in_loop_formal_main\notch_14x11\arms\multi_step_line_search_newton\summary.json
Multi-step line-search Newton,multi_step_line_search_newton,dense_newton,1.0,3,True,1e-06,hgo_qp_true_j2,monotonic,fem_newton_step3_residual_ratio,Newton step3 residual ratio,7.15681e-10,7.0977e-10,3.62627e-10,2.6035e-10,5,<project-root>\10_results\reports\solver_in_loop_formal_main\notch_14x11\arms\multi_step_line_search_newton\summary.json
Multi-step line-search Newton,multi_step_line_search_newton,dense_newton,1.0,3,True,1e-06,hgo_qp_true_j2,monotonic,fem_newton_step1_residual_decrease_fraction,Newton step1 residual decrease,0.999965,2.1773e-05,0.99997,2.47359e-05,5,<project-root>\10_results\reports\solver_in_loop_formal_main\notch_14x11\arms\multi_step_line_search_newton\summary.json
Multi-step line-search Newton,multi_step_line_search_newton,dense_newton,1.0,3,True,1e-06,hgo_qp_true_j2,monotonic,fem_newton_step2_residual_decrease_fraction,Newton step2 residual decrease,1,1.16801e-07,1,0,5,<project-root>\10_results\reports\solver_in_loop_formal_main\notch_14x11\arms\multi_step_line_search_newton\summary.json
Multi-step line-search Newton,multi_step_line_search_newton,dense_newton,1.0,3,True,1e-06,hgo_qp_true_j2,monotonic,fem_newton_step3_residual_decrease_fraction,Newton step3 residual decrease,1,0,1,0,5,<project-root>\10_results\reports\solver_in_loop_formal_main\notch_14x11\arms\multi_step_line_search_newton\summary.json
Multi-step line-search Newton,multi_step_line_search_newton,dense_newton,1.0,3,True,1e-06,hgo_qp_true_j2,monotonic,fem_newton_correction_relative_norm,Newton correction rel norm,1.71511,1.29106,1.39766,1.0098,5,<project-root>\10_results\reports\solver_in_loop_formal_main\notch_14x11\arms\multi_step_line_search_newton\summary.json
Multi-step line-search Newton,multi_step_line_search_newton,dense_newton,1.0,3,True,1e-06,hgo_qp_true_j2,monotonic,fem_newton_accepted_damping,Newton accepted damping,1,0,1,0,5,<project-root>\10_results\reports\solver_in_loop_formal_main\notch_14x11\arms\multi_step_line_search_newton\summary.json
Multi-step line-search Newton,multi_step_line_search_newton,dense_newton,1.0,3,True,1e-06,hgo_qp_true_j2,monotonic,fem_newton_convergence_rate,Newton convergence rate,1,0,1,0,5,<project-root>\10_results\reports\solver_in_loop_formal_main\notch_14x11\arms\multi_step_line_search_newton\summary.json
Multi-step line-search Newton,multi_step_line_search_newton,dense_newton,1.0,3,True,1e-06,hgo_qp_true_j2,monotonic,fem_newton_failure_rate,Newton failure rate,0,0,0,0,5,<project-root>\10_results\reports\solver_in_loop_formal_main\notch_14x11\arms\multi_step_line_search_newton\summary.json
Multi-step line-search Newton,multi_step_line_search_newton,dense_newton,1.0,3,True,1e-06,hgo_qp_true_j2,nonproportional,displacement_relative_l2,rollout disp rel L2,159.965,85.4997,160.96,173.153,5,<project-root>\10_results\reports\solver_in_loop_formal_main\notch_14x11\arms\multi_step_line_search_newton\summary.json
Multi-step line-search Newton,multi_step_line_search_newton,dense_newton,1.0,3,True,1e-06,hgo_qp_true_j2,nonproportional,final_displacement_relative_l2,final disp rel L2,219.458,117.993,218.757,236.544,5,<project-root>\10_results\reports\solver_in_loop_formal_main\notch_14x11\arms\multi_step_line_search_newton\summary.json
Multi-step line-search Newton,multi_step_line_search_newton,dense_newton,1.0,3,True,1e-06,hgo_qp_true_j2,nonproportional,qp_history_relative_l2,QP history rel L2,1.40433,0.299549,1.42892,0.580967,5,<project-root>\10_results\reports\solver_in_loop_formal_main\notch_14x11\arms\multi_step_line_search_newton\summary.json
Multi-step line-search Newton,multi_step_line_search_newton,dense_newton,1.0,3,True,1e-06,hgo_qp_true_j2,nonproportional,qp_history_increment_relative_l2,QP history-inc rel L2,1.91324,0.499212,1.97939,0.484034,5,<project-root>\10_results\reports\solver_in_loop_formal_main\notch_14x11\arms\multi_step_line_search_newton\summary.json
Multi-step line-search Newton,multi_step_line_search_newton,dense_newton,1.0,3,True,1e-06,hgo_qp_true_j2,nonproportional,qp_reversal_eqp_increment_relative_l2,QP reversal eqp-inc rel L2,0,0,0,0,5,<project-root>\10_results\reports\solver_in_loop_formal_main\notch_14x11\arms\multi_step_line_search_newton\summary.json
Multi-step line-search Newton,multi_step_line_search_newton,dense_newton,1.0,3,True,1e-06,hgo_qp_true_j2,nonproportional,qp_reversal_plastic_work_increment_relative_l2,QP reversal work-inc rel L2,0,0,0,0,5,<project-root>\10_results\reports\solver_in_loop_formal_main\notch_14x11\arms\multi_step_line_search_newton\summary.json
Multi-step line-search Newton,multi_step_line_search_newton,dense_newton,1.0,3,True,1e-06,hgo_qp_true_j2,nonproportional,qp_reversal_yield_flag_mae,QP reversal yield MAE,0,0,0,0,5,<project-root>\10_results\reports\solver_in_loop_formal_main\notch_14x11\arms\multi_step_line_search_newton\summary.json
Multi-step line-search Newton,multi_step_line_search_newton,dense_newton,1.0,3,True,1e-06,hgo_qp_true_j2,nonproportional,fem_residual_relative_rms,FEM residual rel RMS,7.70549,3.78208,8.26366,4.69369,5,<project-root>\10_results\reports\solver_in_loop_formal_main\notch_14x11\arms\multi_step_line_search_newton\summary.json
Multi-step line-search Newton,multi_step_line_search_newton,dense_newton,1.0,3,True,1e-06,hgo_qp_true_j2,nonproportional,fem_energy_relative_error,FEM energy rel err,58.2733,39.1923,44.2937,40.3296,5,<project-root>\10_results\reports\solver_in_loop_formal_main\notch_14x11\arms\multi_step_line_search_newton\summary.json
Multi-step line-search Newton,multi_step_line_search_newton,dense_newton,1.0,3,True,1e-06,hgo_qp_true_j2,nonproportional,fem_solver_linearized_residual_relative_rms,FEM tangent-solver rel RMS,148.699,79.1493,149.798,160.846,5,<project-root>\10_results\reports\solver_in_loop_formal_main\notch_14x11\arms\multi_step_line_search_newton\summary.json
Multi-step line-search Newton,multi_step_line_search_newton,dense_newton,1.0,3,True,1e-06,hgo_qp_true_j2,nonproportional,fem_newton_initial_residual_relative_rms,Newton initial residual rel RMS,7.1478,3.53821,7.05103,3.5889,5,<project-root>\10_results\reports\solver_in_loop_formal_main\notch_14x11\arms\multi_step_line_search_newton\summary.json
Multi-step line-search Newton,multi_step_line_search_newton,dense_newton,1.0,3,True,1e-06,hgo_qp_true_j2,nonproportional,fem_newton_final_residual_relative_rms,Newton final residual rel RMS,4.41832e-09,5.03024e-09,2.13502e-09,2.00334e-09,5,<project-root>\10_results\reports\solver_in_loop_formal_main\notch_14x11\arms\multi_step_line_search_newton\summary.json
Multi-step line-search Newton,multi_step_line_search_newton,dense_newton,1.0,3,True,1e-06,hgo_qp_true_j2,nonproportional,fem_newton_residual_ratio,Newton residual ratio,7.21153e-10,7.15775e-10,3.63025e-10,2.70987e-10,5,<project-root>\10_results\reports\solver_in_loop_formal_main\notch_14x11\arms\multi_step_line_search_newton\summary.json
Multi-step line-search Newton,multi_step_line_search_newton,dense_newton,1.0,3,True,1e-06,hgo_qp_true_j2,nonproportional,fem_newton_residual_decrease_fraction,Newton residual decrease,1,0,1,0,5,<project-root>\10_results\reports\solver_in_loop_formal_main\notch_14x11\arms\multi_step_line_search_newton\summary.json
Multi-step line-search Newton,multi_step_line_search_newton,dense_newton,1.0,3,True,1e-06,hgo_qp_true_j2,nonproportional,fem_newton_step_residual_decrease_fraction,Newton step residual decrease,0.99571,0.00341649,0.997576,0.00114822,5,<project-root>\10_results\reports\solver_in_loop_formal_main\notch_14x11\arms\multi_step_line_search_newton\summary.json
Multi-step line-search Newton,multi_step_line_search_newton,dense_newton,1.0,3,True,1e-06,hgo_qp_true_j2,nonproportional,fem_newton_step1_residual_ratio,Newton step1 residual ratio,3.55179e-05,2.19732e-05,3.01739e-05,2.50552e-05,5,<project-root>\10_results\reports\solver_in_loop_formal_main\notch_14x11\arms\multi_step_line_search_newton\summary.json
Multi-step line-search Newton,multi_step_line_search_newton,dense_newton,1.0,3,True,1e-06,hgo_qp_true_j2,nonproportional,fem_newton_step2_residual_ratio,Newton step2 residual ratio,1.41836e-07,1.26493e-07,9.13701e-08,8.31712e-08,5,<project-root>\10_results\reports\solver_in_loop_formal_main\notch_14x11\arms\multi_step_line_search_newton\summary.json
Multi-step line-search Newton,multi_step_line_search_newton,dense_newton,1.0,3,True,1e-06,hgo_qp_true_j2,nonproportional,fem_newton_step3_residual_ratio,Newton step3 residual ratio,7.21153e-10,7.15775e-10,3.63025e-10,2.70987e-10,5,<project-root>\10_results\reports\solver_in_loop_formal_main\notch_14x11\arms\multi_step_line_search_newton\summary.json
Multi-step line-search Newton,multi_step_line_search_newton,dense_newton,1.0,3,True,1e-06,hgo_qp_true_j2,nonproportional,fem_newton_step1_residual_decrease_fraction,Newton step1 residual decrease,0.999964,2.19576e-05,0.99997,2.5034e-05,5,<project-root>\10_results\reports\solver_in_loop_formal_main\notch_14x11\arms\multi_step_line_search_newton\summary.json
Multi-step line-search Newton,multi_step_line_search_newton,dense_newton,1.0,3,True,1e-06,hgo_qp_true_j2,nonproportional,fem_newton_step2_residual_decrease_fraction,Newton step2 residual decrease,1,1.16801e-07,1,0,5,<project-root>\10_results\reports\solver_in_loop_formal_main\notch_14x11\arms\multi_step_line_search_newton\summary.json
Multi-step line-search Newton,multi_step_line_search_newton,dense_newton,1.0,3,True,1e-06,hgo_qp_true_j2,nonproportional,fem_newton_step3_residual_decrease_fraction,Newton step3 residual decrease,1,0,1,0,5,<project-root>\10_results\reports\solver_in_loop_formal_main\notch_14x11\arms\multi_step_line_search_newton\summary.json
Multi-step line-search Newton,multi_step_line_search_newton,dense_newton,1.0,3,True,1e-06,hgo_qp_true_j2,nonproportional,fem_newton_correction_relative_norm,Newton correction rel norm,1.31594,0.999919,1.03619,0.788292,5,<project-root>\10_results\reports\solver_in_loop_formal_main\notch_14x11\arms\multi_step_line_search_newton\summary.json
Multi-step line-search Newton,multi_step_line_search_newton,dense_newton,1.0,3,True,1e-06,hgo_qp_true_j2,nonproportional,fem_newton_accepted_damping,Newton accepted damping,1,0,1,0,5,<project-root>\10_results\reports\solver_in_loop_formal_main\notch_14x11\arms\multi_step_line_search_newton\summary.json
Multi-step line-search Newton,multi_step_line_search_newton,dense_newton,1.0,3,True,1e-06,hgo_qp_true_j2,nonproportional,fem_newton_convergence_rate,Newton convergence rate,1,0,1,0,5,<project-root>\10_results\reports\solver_in_loop_formal_main\notch_14x11\arms\multi_step_line_search_newton\summary.json
Multi-step line-search Newton,multi_step_line_search_newton,dense_newton,1.0,3,True,1e-06,hgo_qp_true_j2,nonproportional,fem_newton_failure_rate,Newton failure rate,0,0,0,0,5,<project-root>\10_results\reports\solver_in_loop_formal_main\notch_14x11\arms\multi_step_line_search_newton\summary.json
Multi-step line-search Newton,multi_step_line_search_newton,dense_newton,1.0,3,True,1e-06,hgo_qp_true_j2,unload_reload,displacement_relative_l2,rollout disp rel L2,184.103,98.5783,185.395,199.384,5,<project-root>\10_results\reports\solver_in_loop_formal_main\notch_14x11\arms\multi_step_line_search_newton\summary.json
Multi-step line-search Newton,multi_step_line_search_newton,dense_newton,1.0,3,True,1e-06,hgo_qp_true_j2,unload_reload,final_displacement_relative_l2,final disp rel L2,255.992,137.927,255.394,276.549,5,<project-root>\10_results\reports\solver_in_loop_formal_main\notch_14x11\arms\multi_step_line_search_newton\summary.json
Multi-step line-search Newton,multi_step_line_search_newton,dense_newton,1.0,3,True,1e-06,hgo_qp_true_j2,unload_reload,qp_history_relative_l2,QP history rel L2,1.62525,0.451742,1.69991,0.85127,5,<project-root>\10_results\reports\solver_in_loop_formal_main\notch_14x11\arms\multi_step_line_search_newton\summary.json
Multi-step line-search Newton,multi_step_line_search_newton,dense_newton,1.0,3,True,1e-06,hgo_qp_true_j2,unload_reload,qp_history_increment_relative_l2,QP history-inc rel L2,2.11904,0.614756,2.1834,0.608368,5,<project-root>\10_results\reports\solver_in_loop_formal_main\notch_14x11\arms\multi_step_line_search_newton\summary.json
Multi-step line-search Newton,multi_step_line_search_newton,dense_newton,1.0,3,True,1e-06,hgo_qp_true_j2,unload_reload,qp_reversal_eqp_increment_relative_l2,QP reversal eqp-inc rel L2,4.93811,4.05218,4.07847,5.63541,5,<project-root>\10_results\reports\solver_in_loop_formal_main\notch_14x11\arms\multi_step_line_search_newton\summary.json
Multi-step line-search Newton,multi_step_line_search_newton,dense_newton,1.0,3,True,1e-06,hgo_qp_true_j2,unload_reload,qp_reversal_plastic_work_increment_relative_l2,QP reversal work-inc rel L2,4.98743,4.1172,4.15089,5.61556,5,<project-root>\10_results\reports\solver_in_loop_formal_main\notch_14x11\arms\multi_step_line_search_newton\summary.json
Multi-step line-search Newton,multi_step_line_search_newton,dense_newton,1.0,3,True,1e-06,hgo_qp_true_j2,unload_reload,qp_reversal_yield_flag_mae,QP reversal yield MAE,0.55336,0.356547,0.458498,0.656126,5,<project-root>\10_results\reports\solver_in_loop_formal_main\notch_14x11\arms\multi_step_line_search_newton\summary.json
Multi-step line-search Newton,multi_step_line_search_newton,dense_newton,1.0,3,True,1e-06,hgo_qp_true_j2,unload_reload,fem_residual_relative_rms,FEM residual rel RMS,8.96903,4.39841,9.62311,5.49142,5,<project-root>\10_results\reports\solver_in_loop_formal_main\notch_14x11\arms\multi_step_line_search_newton\summary.json
Multi-step line-search Newton,multi_step_line_search_newton,dense_newton,1.0,3,True,1e-06,hgo_qp_true_j2,unload_reload,fem_energy_relative_error,FEM energy rel err,64.7332,48.5954,38.739,50.4777,5,<project-root>\10_results\reports\solver_in_loop_formal_main\notch_14x11\arms\multi_step_line_search_newton\summary.json
Multi-step line-search Newton,multi_step_line_search_newton,dense_newton,1.0,3,True,1e-06,hgo_qp_true_j2,unload_reload,fem_solver_linearized_residual_relative_rms,FEM tangent-solver rel RMS,172.092,91.7533,173.444,186.247,5,<project-root>\10_results\reports\solver_in_loop_formal_main\notch_14x11\arms\multi_step_line_search_newton\summary.json
Multi-step line-search Newton,multi_step_line_search_newton,dense_newton,1.0,3,True,1e-06,hgo_qp_true_j2,unload_reload,fem_newton_initial_residual_relative_rms,Newton initial residual rel RMS,8.31935,4.11285,8.21637,4.19467,5,<project-root>\10_results\reports\solver_in_loop_formal_main\notch_14x11\arms\multi_step_line_search_newton\summary.json
Multi-step line-search Newton,multi_step_line_search_newton,dense_newton,1.0,3,True,1e-06,hgo_qp_true_j2,unload_reload,fem_newton_final_residual_relative_rms,Newton final residual rel RMS,5.18401e-09,5.96307e-09,2.46935e-09,2.27363e-09,5,<project-root>\10_results\reports\solver_in_loop_formal_main\notch_14x11\arms\multi_step_line_search_newton\summary.json
Multi-step line-search Newton,multi_step_line_search_newton,dense_newton,1.0,3,True,1e-06,hgo_qp_true_j2,unload_reload,fem_newton_residual_ratio,Newton residual ratio,7.24843e-10,7.26886e-10,3.62796e-10,2.63442e-10,5,<project-root>\10_results\reports\solver_in_loop_formal_main\notch_14x11\arms\multi_step_line_search_newton\summary.json
Multi-step line-search Newton,multi_step_line_search_newton,dense_newton,1.0,3,True,1e-06,hgo_qp_true_j2,unload_reload,fem_newton_residual_decrease_fraction,Newton residual decrease,1,0,1,0,5,<project-root>\10_results\reports\solver_in_loop_formal_main\notch_14x11\arms\multi_step_line_search_newton\summary.json
Multi-step line-search Newton,multi_step_line_search_newton,dense_newton,1.0,3,True,1e-06,hgo_qp_true_j2,unload_reload,fem_newton_step_residual_decrease_fraction,Newton step residual decrease,0.995705,0.00340993,0.997568,0.00118107,5,<project-root>\10_results\reports\solver_in_loop_formal_main\notch_14x11\arms\multi_step_line_search_newton\summary.json
Multi-step line-search Newton,multi_step_line_search_newton,dense_newton,1.0,3,True,1e-06,hgo_qp_true_j2,unload_reload,fem_newton_step1_residual_ratio,Newton step1 residual ratio,3.55092e-05,2.20679e-05,3.02406e-05,2.49249e-05,5,<project-root>\10_results\reports\solver_in_loop_formal_main\notch_14x11\arms\multi_step_line_search_newton\summary.json
Multi-step line-search Newton,multi_step_line_search_newton,dense_newton,1.0,3,True,1e-06,hgo_qp_true_j2,unload_reload,fem_newton_step2_residual_ratio,Newton step2 residual ratio,1.42165e-07,1.2773e-07,9.16438e-08,8.23165e-08,5,<project-root>\10_results\reports\solver_in_loop_formal_main\notch_14x11\arms\multi_step_line_search_newton\summary.json
Multi-step line-search Newton,multi_step_line_search_newton,dense_newton,1.0,3,True,1e-06,hgo_qp_true_j2,unload_reload,fem_newton_step3_residual_ratio,Newton step3 residual ratio,7.24843e-10,7.26886e-10,3.62796e-10,2.63442e-10,5,<project-root>\10_results\reports\solver_in_loop_formal_main\notch_14x11\arms\multi_step_line_search_newton\summary.json
Multi-step line-search Newton,multi_step_line_search_newton,dense_newton,1.0,3,True,1e-06,hgo_qp_true_j2,unload_reload,fem_newton_step1_residual_decrease_fraction,Newton step1 residual decrease,0.999964,2.20649e-05,0.99997,2.49147e-05,5,<project-root>\10_results\reports\solver_in_loop_formal_main\notch_14x11\arms\multi_step_line_search_newton\summary.json
Multi-step line-search Newton,multi_step_line_search_newton,dense_newton,1.0,3,True,1e-06,hgo_qp_true_j2,unload_reload,fem_newton_step2_residual_decrease_fraction,Newton step2 residual decrease,1,1.16801e-07,1,0,5,<project-root>\10_results\reports\solver_in_loop_formal_main\notch_14x11\arms\multi_step_line_search_newton\summary.json
Multi-step line-search Newton,multi_step_line_search_newton,dense_newton,1.0,3,True,1e-06,hgo_qp_true_j2,unload_reload,fem_newton_step3_residual_decrease_fraction,Newton step3 residual decrease,1,0,1,0,5,<project-root>\10_results\reports\solver_in_loop_formal_main\notch_14x11\arms\multi_step_line_search_newton\summary.json
Multi-step line-search Newton,multi_step_line_search_newton,dense_newton,1.0,3,True,1e-06,hgo_qp_true_j2,unload_reload,fem_newton_correction_relative_norm,Newton correction rel norm,1.51808,1.15416,1.19932,0.903254,5,<project-root>\10_results\reports\solver_in_loop_formal_main\notch_14x11\arms\multi_step_line_search_newton\summary.json
Multi-step line-search Newton,multi_step_line_search_newton,dense_newton,1.0,3,True,1e-06,hgo_qp_true_j2,unload_reload,fem_newton_accepted_damping,Newton accepted damping,1,0,1,0,5,<project-root>\10_results\reports\solver_in_loop_formal_main\notch_14x11\arms\multi_step_line_search_newton\summary.json
Multi-step line-search Newton,multi_step_line_search_newton,dense_newton,1.0,3,True,1e-06,hgo_qp_true_j2,unload_reload,fem_newton_convergence_rate,Newton convergence rate,1,0,1,0,5,<project-root>\10_results\reports\solver_in_loop_formal_main\notch_14x11\arms\multi_step_line_search_newton\summary.json
Multi-step line-search Newton,multi_step_line_search_newton,dense_newton,1.0,3,True,1e-06,hgo_qp_true_j2,unload_reload,fem_newton_failure_rate,Newton failure rate,0,0,0,0,5,<project-root>\10_results\reports\solver_in_loop_formal_main\notch_14x11\arms\multi_step_line_search_newton\summary.json
